S0220000687474703A2F2F737265636F72642E736F75726365666F7267652E6E65742F1D
S325000000000006002025420000394200003B4200003D4200003D4200003D42000000000000D8
S32500000020000000000000000000000000510A02003D42000000000000F10F0200A910020021
S325000000403D4200003D4200003D4200003D4200003D4200003D4200003D4200003D420000A2
S325000000603D4200003D4200003D4200003D4200003D4200003D4200003D4200003D42000082
S325000000803D4200003D4200003D4200003D4200003D4200003D4200003D4200003D42000062
S325000000A03D4200003D4200003D4200003D4200003D4200003D4200003D4200003D42000042
S325000000C03D4200003D4200003D4200003D4200003D4200003D4200003D4200003D42000022
S325000000E03D4200003D4200003D4200003D4200003D4200003D4200003D4200003D42000002
S325000001003D4200003D4200003D4200003D4200003D4200003D4200003D4200003D420000E1
S325000001203D4200003D4200003D4200003D4200003D4200003D4200003D4200003D420000C1
S325000001403D4200003D4200003D4200003D42000000000000000000003D4200003D4200009F
S325000001603D4200003D420000000000003D4200003D4200003D4200003D4200003D42000000
S325000001803D4200003D4200003D4200003D4200003D4200003D4200003D4200003D42000061
S325000001A03D4200003D4200003D4200003D4200003D4200003D4200003D4200003D42000041
S325000001C03D4200003D4200003D4200003D4200003D4200003D4200003D4200003D42000021
S325000001E03D4200003D4200003D4200003D4200003D4200003D4200003D4200003D42000001
S3250000020055AA55AA010000001C4200004C2A020044FE7C1BD07B0A5551409EC4020800443F
S32500000220000000004EF68850CEF20000016841F47001016000F004B8FEE7FEE7FEE7000011
S3250000024000F002F800F0D1F814A696E8000CB244B344DA4501D100F0C8F8BAE80F000FA6BD
S3250000026096E83000A5EB040504EB0607AAEB0704A7F101074FEA15154FEA3414A4F1010477
S32500000280AC4201D300F0B1F813F0010F18BFFB1A43F0010300F001F8DBE718479427020000
S325000002A0B42702000A444FF0000C10F8013B13F0070408BF10F8014B1D1108BF10F8015BFC
S325000002C0641E05D010F8016B641E01F8016BF9D113F0080F1EBF10F8014BAD1C0C1B09D187
S325000002E06D1E58BF01F801CBFAD505E014F8016B01F8016B6D1EF9D59142D6D37047000074
S32500000300704700000023002400250026103A28BF78C1FBD8520728BF30C148BF0B607047F7
S325000003206E2900F07584702900F0CB8566291FF0768365291FF0738367291FF07083612918
S325000003401FF06F8303681B0A28BF41F08001692900F02284642900F01F84752900F01C84F7
S325000003606F2900F05985782900F09785E92900F0F384E42900F0F084F52900F0ED84EF29E3
S3250000038000F05685F82900F096850368DB0928BF41F08001632901F01587732901F01A8731
S325000003A0E32901F02587F32901F02A87002070471FB51FF01FFB00F07FFB0400002000214D
S325000003C01EF04CFD401C6060002000211EF05CFDE06001F0F3F900F059FB1FBD10B50020DA
S325000003E002F06EFC01F053FA10BD1AF055F802F096FC1146FFF7DCFF0FB41AF04BF80FBCB2
S325000004001AF0F0FB02F076FE03B4FFF7E7FF03BC03F026F902480349034A044B704700002E
S32500000420F84E022000060020F85002200000002010B500F041FB001D10BD00BF21EA0100F8
S3250000044053EA020C00F069802DE9F04B4FF00006002B1FBFB3FA83F503FA05F424FA05F69F
S325000004605E4012BF1643B2FA82F502FA05F4C5F120051EBF22FA05FC44EA0C04203556EAEE
S32500000480044C4FEA144418BF641C4FF000084FF00009904271EB030C39D3002919BFB1FA9A
S325000004A081F701FA07F6B0FA80F700FA07F6C7F120071EBF20FA07FC46EA0C062037B6FB8B
S325000004C0F4FCA7EB0507103F07F01F0BCBF120062CFA06F60CFA0BFB44BFB3460026202F97
S325000004E0A4BF5E464FF0000B5BEA060C08BF4FF0010B19EB0B0948EB0608ABFB027C06FBBE
S3250000050002CC0BFB03CCC01B71EB0C01C1E70B46024641464846BDE8F08B13B5084318BF8E
S325000005204FF0FF300146AFF30080BDE81C40704753EA020C23D010B54C1084EA530404D529
S325000005404042C1F1000138BF491E1B4204D55242C3F1000338BF5B1EFFF772FF14F0804FD7
S3250000056004D04042C1F1000138BF491E14F0004F04D05242C3F1000338BF5B1E10BD13B597
S3250000058040424FF0000070EB0104B8BF012001F0004100281CBF6FF000414FF0FF30AFF3B7
S325000005A000801CBD0FB4044910B503AA029800F063FB10BC5DF814FBC40A00200FB401464A
S325000005C010B504AA039800F057FB10BC5DF814FB0FB41CB50C0007AA009007D04142A14277
S325000005E002D32044401E01E04FF0FF30074B7B4469460190069800F024FB0021002C01D0F3
S32500000600009A11701CBC5DF814FB0000770600007CB51D4616460C00009007D04142A14237
S3250000062002D32044401E01E04FF0FF30064B7B442A4669460190304600F003FB002C02D0AC
S32500000640009A002111707CBD370600000FB400B58DB010A9099000910B904FF0FF300A90A7
S3250000066000200C90064878440690064878446A4607900F9909A800F0BBFE0DB05DF814FBA4
S32500000680A70D0000BF0D000070B5064600F018FA0468054630460A22002100F002F82C6071
S325000006A070BD2DE9F04791460F4680460446002614F8015B2DB1FFF7BBFE0068405DC00797
S325000006C0F6D12B2D02D02D2D18D0641E4A463946204600F0BDFE27B13968A14201D1C7F852
S325000006E000804FF0020471050BD54042002803DD00F0E6F90460A007BDE8F08746F4806639
S32500000700E4E70028F8DA00F0DBF904606FF00040F2E70B460146184601F0F7B80EB50546CA
S3250000072014460E4613A001F007F9284601F004F916A001F001F9304601F0FEF815A001F061
S32500000740FBF800218DF80B100A210DF10A008DF80A1008E094FBF1F201FB124294FBF1F4EF
S32500000760303200F8012D002CF4DC01F0E5F801F0C1F800002A2A2A20617373657274696F6F
S325000007806E206661696C65643A2000002C2066696C6520002C206C696E65200040EA0103B8
S325000007A0024630B59B0710D14FF0013400E008C208C91D1B9D4315EAC41FF8D013F0FF01CF
S325000007C002F8011B0DD01B0AF8E711F8013B002B02F8013B05D011F8013B002B02F8013BFB
S325000007E0F3D130BD10B5431C02E010F8011B71B18107FAD14FF0013202C88C1A8C4314EAF4
S32500000800C211F9D0C01A0A0603D0C01E10BDC01A10BD0A0401D0801E10BD0902FCD0401EA8
S3250000082010BD032A40F2308010F0030C00F0158011F8013BBCF1020F624498BF11F801CB6D
S3250000084000F8013B38BF11F8013BA2F1040298BF00F801CB38BF00F8013B11F0030300F04C
S325000008602580083AC0F0088051F8043B083A51F804CBA0E80810F5E7121D5CBF51F8043B23
S3250000088040F8043BAFF30080D20724BF11F8013B11F801CB48BF11F8012B24BF00F8013B90
S325000008A000F801CB48BF00F8012B704710B5203AC0F00B80B1E81850A0E81850B1E8185040
S325000008C0A0E81850203ABFF4F5AF5FEA027C24BFB1E81850A0E8185044BF18C918C0BDE875
S325000008E010405FEA827C24BF51F8043B40F8043B08BF7047D20728BF31F8023B48BF11F8C5
S32500000900012B28BF20F8023B48BF00F8012B704702F0FF0343EA032242EA024200F024B805
S325000009204FF000020429C0F0128010F0030C00F01B80CCF1040CBCF1020F18BF00F8012BE1
S32500000940A8BF20F8022BA1EB0C0100F00DB85FEAC17C24BF00F8012B00F8012B48BF00F8E7
S32500000960012B70474FF0000200B5134694469646203922BFA0E80C50A0E80C50B1F12001C4
S32500000980BFF4F7AF090728BFA0E80C5048BF0CC05DF804EB890028BF40F8042B08BF7047B1
S325000009A048BF20F8022B11F0804F18BF00F8012B704710B5044610F0030F08BF11F0030F68
S325000009C040F015804FF0013E121FC0F20E8051F8043BA3EB0E0C2CEA030C1CEACE1C08BF51
S325000009E040F8043BF0D0A1F1040102F10402521E08DB11F8013B00F8013B002BF7D1114614
S32500000A00FFF78EFF204610BD30B44FF0013C50F8042B51F8043BCCFA52F4D51A20D1FCB91A
S32500000A2050F8042B51F8043BCCFA52F4D51A17D1B4B950F8042B51F8043BCCFA52F4D51A67
S32500000A400ED16CB950F8042B51F8043BCCFA52F4D51A05D1002CDAD030BC4FF00000704704
S32500000A6029BAB1FA81F111F01801D1F120008440F2D1CA40CB4012F0FF0213F0FF0330BCE4
S32500000A80D01A7047704770477047000008487CB57844009007487844009C0546019004E056
S32500000AA02046016808448047241DAC42F8D17CBDF820020006210200004870478C0B002024
S32500000AC0004870476C0B00200B460146184600F0D3B870B5044685690068C10601D5302651
S32500000AE000E02026C00707D070BDD4E9012130469047206A401C20626D1EF6D570BD70B5C3
S32500000B00044685690078C00707D170BDD4E9012120209047206A401C20626D1EF6D570BD72
S32500000B2009684A0501D540B27047C905FCD500B2704709684A0501D5C0B27047C905FCD50A
S32500000B4080B2704770B50C460546012A05D02878800600D5EA69002302E0012305E05B1C11
S32500000B60934202D2E05C0028F9D1A869E618C01AA861286A184428622846FFF7AAFF04E03D
S32500000B80D5E9012114F8010B9047B442F8D32846FFF7B5FF70BD00002DE9F04106460024C3
S32500000BA010687529314616A510D0FFF7B9FF002802DA404213A507E031688A0701D512A57D
S32500000BC002E0490704D511A5012401E0FFF7B1FF00210A2206F1240709E0B0FBF2FCB0FB06
S32500000BE0F2F302FB1C00303078541846491C0028F3D123462A463046BDE8F04100F0F3BE50
S32500000C00000000002D0000002B0000002000000011680268006A530501D508700AE0D305A1
S32500000C2001D5088006E0130603D5C217C1E9000200E008600120704701694A1C0261087821
S32500000C40704700B58FB0CDE901310021059105497944CDE903101146684600F03DF90FB086
S32500000C6000BD0000E5FFFFFFD1E900239A4202D2531C0B6010707047074B70B50D467B44A8
S32500000C80FFF7DFFF0446284601F011FF10B14FF0FF3070BD204670BDA39901002DE9FF5F21
S32500000CA015468A460446DFF8AC80F8440027D8E900103E46CDE9001010E03AF816106A4640
S32500000CC002A801F0D9FF411C07D02178890603D5E269391891420DD80744761C2078800618
S32500000CE002D5E069B84205DDAE42E6DB3AF816000028E2D1A069C01BA0612046FFF7E9FEF6
S32500000D00D8E90010CDE90010002017E03AF818106A4602A801F0B0FFB0F1FF3F81460BD04A
S32500000D2000250DF1080B05E0D4E901211BF8050090476D1C4D45F7D308F10100B04280462D
S32500000D40E4DB206A384420622046FFF7D8FEBDE8FF9F000076EE01002DE9F0418046D21D70
S32500000D6022F007020025D2E90002F52915A614D0011E72F1000106DA0023D0EB030063EB21
S32500000D80020211A608E0D8F800108B0701D50FA602E0490701D50EA601251146002408F157
S32500000DA0240704E000F0DAFD30323A55641C50EA0102F7D12B46324621464046BDE8F04135
S32500000DC000F011BE000000002D0000002B0000002000000030B4002100F1240408E002F0DE
S32500000DE00705D208303542EA4372DB086554491C52EA0305F3D10468002310A2250708D56E
S32500000E0004F020040C4304D0C46901230CA2641EC46130BC00F0E7BD10B50446214610687D
S32500000E20FFF787FE02462046BDE810400023D1E7D21D22F00701D1E90023CBE7000000001B
S32500000E4030000000F0B40D460188090502D5214C7C4402E01F4C7C440E34002100F124063F
S32500000E6008E002F00F071209E75D42EA03721B097754491C52EA0307F3D102780023120768
S32500000E8004D5702D06D009B1022311342246F0BC00F0A9BD01231034F8E770B504460D4669
S32500000EA021461068FFF745FE024629462046BDE870400023C6E7D21D22F00703D3E90023E8
S32500000EC0C0E70368126843F0200303600823C3610023B7E7D8EC01002DE9F05F8946044674
S32500000EE04FF0000ADFF874B1FB44C0F820A02046E1688847002874D0252806D0D4E9012104
S32500000F009047206A401C2062F1E700265F462046E16888472028054607DB312D05D2781930
S32500000F2010F8200C08B10643F1E7B00701D526F00406C4F81CA00027C4F818A02A2D09D0AD
S32500000F4028461DF03CFF38B304EB8708303DC8F8185019E059F8041B204604EB870291619E
S32500000F60E1688847012F054618D1E069002820DA26F020061DE0D8F8180000EB800005EB08
S32500000F8040003038C8F818002046E168884705461DF015FF0028EED1012F0AD02E2D08D1BC
S32500000FA02046E16888477F1C0546022F46F02006C4DBA069002803DA404246F00106A061CD
S32500000FC0F00701D026F010066C2D0BD0682D09D04C2D39D06A2D35D0742D35D07A2D33D0C7
S32500000FE016E038E0E1682F4620468847B842054609D16C2F26D04FF48060E168064320461F
S325000010008847054604E06C2F1AD04FF4807006430DB3A5F14100192802D8203546F4006624
S325000010204A462946204626604E46FFF779F980B101280BD0F61D26F0070000F1080956E71F
S325000010404020E4E78020D8E70020D6E706F104094DE7284652E7206ABDE8F09F68EC010031
S325000010602DE9FF4F1C4691464FF0FF3581B000218A468846D4E90167A16902986D1C884749
S32500001080216A834688470028F6D1BBF1FF3F0CD0002F26F4C0661ADD700615D5BBF12B0FC6
S325000010A00AD0BBF12D0F0FD104E04FF0FF3005B0BDE8F08F46F48066A16902986D1C884741
S325000010C07F1E8346002F02DDBBF1300F03D0B9F1000F2AD025E0A1696D1C02987F1E46F41C
S325000010E000768847002F834605DDBBF1780F06D0BBF1580F03D0B9F1000F10D011E0B9F1A8
S32500001100000F02D0B9F1100F0BD1A1696D1C02987F1E26F4007688478346102000E0082019
S3250000112081464FEAE970009017E00A20F8E74346AAFB0928DDF800C07F1E03FB098046F46E
S32500001140007605F101050AFB0C0112EB0B0A029841EBEB78A16988478346002F06DD494687
S32500001160584601F051F85FEA000BE0D5E16902988847B00502D46FF0010098E7F00718D18B
S32500001180700610D55146700505D50023D1EB030163EB080200E042462068031D23600068D2
S325000011A0C0E9001205E02068011D21600068C0E900A828467BE72DE9FF5F1D464FF0FF3B89
S325000011C091464FF000085F46D5E90146A96901987F1C8847296A824688470028F6D1BAF168
S325000011E0FF3F0CD0002E24F4C06419DD600614D5BAF12B0F09D0BAF12D0F0ED103E058461B
S3250000120004B0BDE8F09F44F48064A96901987F1C8847761E8246002E02DDBAF1300F03D089
S32500001220B9F1000F26D032E0A969761E01987F1C44F400748847002E824605DDBAF1780F88
S3250000124006D0BAF1580F03D0B9F1000F10D01EE0B9F1000F02D0B9F1100F18D1A969761E53
S3250000126001987F1C24F4007488478246102002E0082000E00A20814609E0A96908FB0908F7
S32500001280761E01987F1C44F4007488478246002E05DD4946504600F0B7FF0028EDDAE96921
S325000012A001988847A00502D46FF00100A8E7E00725D1600613D5600502D5C8F1000000E056
S325000012C0404629680A1D2A600968220501D5087015E0220701D5088011E008600FE0286806
S325000012E0011D29600068210502D580F8008006E0210702D5A0F8008001E0C0F80080384650
S325000013007EE72DE9FF5F4FF000089946144646469169D2E901A7DDF838B001988847054615
S3250000132059EA0B0005D009E0A1690198761C88470546216A284688470028F5D1681C03D03F
S325000013405FEACA7005D015E04FF0FF3004B0BDE8F09F2068011D2160D0F800800AE05FEA42
S32500001360CA7001D108F8015BA169761C01987F1E88470546002F1ADD681C18D0B9F1000FC8
S325000013800DD0E81705EBD060421120F01F0059F822102A1A012090400142E0D107E0BBF18A
S325000013A0000FDCD12846216A88470028D7D0E16901988847BBF1000F07D1002E05DD5FEA36
S325000013C0CA7002D1002188F80010A068B84203DDBBF1000F03D017B16FF00100B6E730469E
S325000013E0B4E70000026811441378016018467047D160054979445161044979441162002100
S325000014001161114600F00EBFEDFFFFFFCF970100426842B1016811F8013B23B1521EC0E9B7
S325000014200012184670470121C160881E704742685AB1C368016843B983688B4205D0491EA6
S32500001440521CC0E90012002070474FF0FF3070472DE9F05F824615468B4600270AF10104E1
S32500001460B9460078302801D09DB113E014F8010B0127782803D0582801D045B10AE00DB1E3
S32500001480102D07D1002714F8010B102502E0082500E00A250026B0460EE005FB080005FB8D
S325000014A006F101271FFA80F801EB1046B6F5803F00D3B94614F8010B294600F0A5FE0028B6
S325000014C0EBDABBF1000F05D00FB1641E00E05446CBF80040B9F1000F06D0FFF7F1FA02215F
S325000014E00160C81EBDE8F09F48EA0640FAE72DE9FF4F4FF000089A461446C146464683B067
S32500001500D2E901B7CDF80080CDF80480916904988847109905465AEA010005D009E0A1695E
S325000015200498761C88470546216A284688470028F5D1681C03D05FEACB7005D02AE04FF0AE
S32500001540FF3007B0BDE8F08F2068011D2160D0F800801FE002A86A46E9B201F06DFB411C62
S3250000156007D0801C09D04FF000095FEACB7007D00AE0E169049888473EE04FF0010904E08C
S32500001580BDF8081028F8021B7F1EA1690498761C88470546002F1ADD681C18D0BAF1000F00
S325000015A00DD0E81705EBD060421120F01F005AF822102A1A012090400142CBD107E0109880
S325000015C00028C7D12846216A88470028C2D0E16904988847B9F1000F0ED1109830B9002EB7
S325000015E004DD5FEACB7001D1A8F80000A068B84202DD109818B117B16FF00100A1E7304696
S325000016009FE72DE9FF4F4FF000089B461446454683B0D2E90196CDF80080CDF804809169C0
S32500001620DDF848A00498884707465BEA0A0005D009E0A16904986D1C88470746216A3846CE
S3250000164088470028F5D1781C03D05FEAC97005D01BE04FF0FF3007B0BDE8F08F2068011D1F
S325000016602160D0F8008010E05FEAC97007D16A464046B9B201F000FB411C31D08044A16998
S325000016806D1C0498761E88470746002E14DD781C12D0BBF1000007D03B46DDE9101201F0FD
S325000016A0F7F90028E0D107E0BAF1000FDCD13846216A88470028D7D0E16904988847BAF106
S325000016C0000F06D1002D04DD5FEAC97001D188F80000A068B04203DDBAF1000F03D016B10E
S325000016E06FF00100B7E72846B5E72DE9FF5F9B46144600273D469169D2E90196DDF840A082
S325000017000198884780465BEA0A0005D009E0A16901986D1C88478046216A404688470028BF
S32500001720F5D1B8F1FF3F03D05FEAC97005D014E04FF0FF3004B0BDE8F09F2068011D21605B
S3250000174007680AE05FEAC97001D127F8028BA1696D1C0198761E88478046002E15DDB8F10C
S32500001760FF3F12D0BBF1000007D04346DDE90E1201F08EF90028E5D107E0BAF1000FE1D1A8
S325000017804046216A88470028DCD0E16901988847BAF1000F05D1002D03DD5FEAC97000D1ED
S325000017A03880A068B04203DDBAF1000F03D016B16FF00100BEE72846BCE7000010B54248D8
S325000017C05421FFF7CFF841485421FFF7CBF840485421FFF7C7F83F493B483C4A3F4B0860E5
S325000017E03D490A603A491960531C0365481C1065012008653B48344A39A1784401F07EF9BA
S3250000180020B9384878440A3801F082FA37482F4A35A1784401F072F920B9344878440A38C5
S3250000182001F076FA32482A4A2FA1784401F066F920B92F4878440A3801F06AFA4023224807
S32500001840DC000021224601F036F920B125487844543801F05DFA1D4822464023002101F0ED
S325000018602AF920B121487844543801F051FA184822461023002101F01EF9002806D01C48FB
S325000018807844BDE81040563801F042BA10BD104870B5006D20F001040B4801F0A7F90B4813
S325000018A001F0A4F90A4801F0A1F909E0206D20F00105204601F09AF9204618F0DBFE2C4688
S325000018C0002CF3D170BD0000700A0020C40A0020180B00200006002004060020080600209C
S325000018E0720000002EF50100770000001DF50100F6F4010010B5002001F003FAFEF76EFDA4
S32500001900BDE81040012001F0ABBE2DE9F041074615460E46102019F0D9F904000AD067605E
S32500001920C4E9026500F016F80168216004600020BDE8F0810120FBE710B5044602E0641C97
S3250000194001F044FF20780028F9D110BD004870476C0B002000487047A40B002030B5B0F10C
S325000019600A0271F100034FEA900E4EEA817EB0EB0E0061EB91014FEA101E4EEA017E10EB42
S325000019800E0041EB11114FEA102E4EEA016E10EB0E0041EB11214FEA104E4EEA014E10EB47
S325000019A00E0041EB1141401841F100014FEAD00040EA41704FEAD1014FEA810444EA90742B
S325000019C010EB800544EB01046D1944EB0404521BA3414FF0000348BF0A3200D530BD401C9C
S325000019E041F1000130BD2DE9F0470D4699469246044600F124080168880604D5E06921F0D9
S32500001A001001216000E00120A84201DD471B00E00027A1697A1902EB0900081AA0612078AE
S32500001A20C00602D42046FFF754F8002608E0D4E901211AF806009047206A401C761C206286
S32500001A404E45F4DB2078C0060AD52046FFF741F806E0D4E9012130209047206A401C2062F8
S32500001A60381EA7F10107F4DC07E0D4E9012118F805009047206A401C2062281EA5F101059E
S32500001A80F3DC2046FFF73BF82078000602D50220BDE8F0870120FBE72DE9FF4F0C461E4612
S32500001AA04FF0FF378BB0D2E90001DDF860800A908A46C1F30A5505B93D46002108464FF093
S32500001AC00000BAF1000F00F4400005DA00EB80004FF4400101EA50004FEA9059B9F1010F2D
S32500001AE000DDB9460A9850EA4A000ED044F61050A5F2FF3545432F14B8F1000F1ED0754273
S32500001B00291E1EDDC9F100021CE0B8F1010F4FF0000001D0302103E0F24305E02154401CDD
S32500001B20B042FBDB30460022002121540B99C1F80880C1E900200FB0BDE8F08FBD1B6D1CB6
S32500001B40DEE74A4600DA694206A801F061F906AB93E8070003AB83E8070050460A991CF014
S32500001B60CBFB8DE80700A0F500501F3800900398002D0ADD42F21F014A460844002303A9A3
S32500001B80039068461CF076FE09E0A0F500504A461F38002303A9039068461CF095FE8DE8A5
S32500001BA007000004000C03D04FF0FF30410800E01046B8F1000F03D00022009215461EE0B0
S32500001BC0751E05D4FFF7CAFE303262556D1EF9D5B3460122084302D000227F1C04E02078F1
S32500001BE0302801D100227F1E002A099784D01DE0112D07DAFFF7B2FE303262556D1C50EA3A
S32500001C000102F5D1084302D00098C8B10EE00021681E05E0235C625C63542254401E491C20
S32500001C208142F7DBAB46A81B401E0990002004F80B000B98099AC0F80880C0E9002B7AE77C
S32500001C4011264FF0000857E72DE9F04F88460446D21D22F0070191B0D1E90001CDE90A018F
S32500001C601CF07EFF02460B98C00F01D02D2007E02068810701D52B2002E0202101EAC00017
S32500001C80032A099001D0072A05DB03464146204601F07EF80BE12078800601D5E06900E0F0
S32500001CA00620B8F1650F814606D0B8F1660F18D0B8F1670F70D131E00020B9F1110F00904D
S32500001CC001DB112301E009F101030AAA01A90CA8FFF7E2FEDDE90C70002609F101058346F6
S32500001CE047E001204B4600904FF000470AAA01A90CA8FFF7D1FEDDE90DB00C995D46002627
S32500001D0010B909F101000D18B9EB050003D4C0F1FF3609F10105A5EB09002BE0B9F1010F10
S32500001D2001DA4FF001090020B9F1110F0090484601DD112300E003460AAA01A90CA8FFF72E
S32500001D40ABFEDDE90C704D4600268346207800070AD4AB4500DA5D4601A8012D04DD411914
S32500001D6011F8011C302907D04F4502DA17F1040F04DA012082460FE06D1EEEE7002F02DC59
S32500001D80ED1B3E4403E0781CA84200DD7D1CB81B00F1010A4FF000472078000703D4AA4522
S32500001DA001DB4FF0FF3A0021B7F1004F0DF143088DF8431024D002202B23002F01DA7F4261
S32500001DC02D230A21021EA0F1010000DC5FB197FBF1FC97FBF1F201FB1C7C17460CF1300CC6
S32500001DE008F801CDEEE7A8F1010003702188090501D5452100E06521A0F1010800F8011C25
S32500001E0009980FA9A1EB0807FF1D00B10120411901EBEA70A1693844081A401EA06120789B
S32500001E20C00602D42046FEF754FE099828B1D4E901219047206A401C20622078C00622D566
S32500001E402046FEF746FE1EE0002E04DBB34502DD01A8805D00E03020D4E901219047206A05
S32500001E60401C2062761CAAF101005FEA000A0AD1FEF722FEC0680168405CD4E9012190472A
S32500001E80206A401C2062281EA5F10105DCDC07E0D4E9012118F8010B9047206A401C206219
S32500001EA0381EA7F10107F3DC2046FEF728FE032011B041E62DE9F04F04460D46D21D22F0D8
S32500001EC0070089B0D0E90097484639461CF048FE0246F80F01D02D2307E02068810701D5D0
S32500001EE02B2302E0202101EAC0038DF820300BB1012000E00020032A824601D0072A04DB35
S32500001F002946204600F044FF3FE12078800601D40D2500E0E569C7F30A560D2D49DA0021A8
S32500001F204FEA175B08464FF00000002F00F4400007DA00EB80004FF4400100EBD07001EA1A
S32500001F4060008115012901DD4FF0FF3100224FEA850CBCF1180F06D31346ACF118004FF028
S32500001F608052C24003E04FF4801323FA0CF30CF10C0CBCF1200F04D3ACF1200C09FA0CF022
S32500001F8001E007FA0CF000294FF0004801DD18B90FE00ED140450CD319EB02095F4121B943
S32500001FA0404502D19F4329EA0209BBEB175F00D0761C2088000502D57B48784402E07A489E
S32500001FC07844193808AA302302F80A30037C0AF10101002E0AF1020A53546A4602DC4FF090
S32500001FE0300101E04FF031014FF001088DF8001002D0A6F2FF3603E059EA470100D06B4EE5
S32500002000002D02DC2178090704D54FF002082E218DF80110C44600210BE0C7F303433F01A9
S32500002020C35C491C6D1E02F80830052908F1010801DA002DF1DC00210CE000EB1973491C6B
S325000020401B786D1E082902F808304FEA091908F1010801DA002DF0DC21688B0602D516E0E1
S32500002060A8F10108E04505DD02EB080313F8013C302BF5D0B8F1000F09DD02EB080313F8B0
S32500002080013C2E2B03D1090701D4A8F10108002D05DD3E2102F808106D1E08F10108407C80
S325000020A0002E02F8080008F1010804DA2D20764202F8080002E02B2002F808000A214FF466
S325000020C07A70864208F101080BDB96FBF0F3303302F8083096FBF0F308F1010800FB13666D
S325000020E001E0642E0CDB642096FBF0F3303302F8083096FBF0F308F1010800FB136601E028
S325000021000A2E06DB96FBF1F0303002F8080008F1010896FBF1F001FB1060303002F808008A
S32500002120A16908F1010808EB050202EB0A00081AA0612078C00602D42046FEF7CAFC216A99
S3250000214008AE01EB0A00206204E0D4E9012116F8010B9047BAF1010AF7D22078C00602D5E3
S325000021602046FEF7B6FC6E4609E016F8010B3E280FD0D4E901219047206A401C2062B8F189
S325000021800108F2D22046FEF7BAFC09B00320BDE8F08F206A2844206203E0D4E901213020D1
S325000021A090476D1EEBD3F8E7BADB010002FCFFFF10B5436913B1AFF3008001E0FEF7C2FC9D
S325000021C0012010BD127800F124010A7000224A700122EDE711684FF0FF32E9E710B54369F4
S325000021E013B1AFF3008001E0FEF758FD012010BD128800F1240182840022C2840122EDE7C5
S3250000220011684FF0FF32E9E73A2800D2303820F02002412A01D3A2F13700884201D34FF04B
S32500002220FF3070472DE9F34F4FF0000A0C4656468DB001200C9001F10C000B9062690B9822
S3250000224001219047051E2DD0252D2CD0216A8847C0B162690B9801219047216A884700285D
S32500002260F7D16269411E0B98904700E0761CA1690D988847216A88470028F7D1E1690D98C3
S325000022808847DBE7A1690D988847A842074601D1761CD3E7E1690D9888477F1C02D1BAF1FD
S325000022A0000F6FD06BE162690B9800273D46394690472A2804D162690B980121904701255C
S325000022C0DFF8D08262690B9801219047A0F130010A290AD24745E5DC07EB870100EB41079D
S325000022E0303FDFD445F01005ECE7E90601D46FF000476C280AD04C2814D0682815D06A2862
S325000023000DD074281CD07A281AD01DE062690B98012190476C2802D045F0040514E045F095
S3250000232002050DE045F020050AE062690B9801219047682802D045F0080505E045F40065D1
S3250000234062690B9801219047C4E9015765283DD019DC58287AD00CDC452837D004DC252829
S3250000236026D041289ED131E046282FD0472899D12CE05B2877D0612828D063287CD0642878
S3250000238023D15AE0F6E06F2848D008DC66281DD067281BD0692821D06E2816D127E070280D
S325000023A045D0732868D0752847D078280DD14DE0A1690D988847252805463FF469AFE16925
S325000023C00D9888476D1C3FF46AAFD8E00D9923466A466FF001001DF086FBC5E045F040002F
S325000023E023464FF000026060A80736D43EE0E8077FF447AF2068011D21600068290501D5AB
S3250000240006701BE7290701D5068017E7A90703D5F117C0E9006111E706600FE745F0400051
S3250000242023464FF008026060A80716D41EE040F60E0125EA0100606016E045F040002346A4
S325000024404FF00A026060A80707D40FE045F040006060A80708D5234610220D996FF0010090
S32500002460FEF7FEFD80E007E0102223460D996FF00100FEF7A0FE77E04FF0000963284F462C
S32500002480C8464B46CB4602D05B2806D038E0E80601D40120A060012732E06269D4F80CB0D2
S325000024A00B98012190475E2807D14FF0010949466269D4F80CB00B989047216939B90021DA
S325000024C00A4603AB43F82120491C0829FADBD8B3216949B308F1010862690B980121904797
S325000024E05D28F4D1B9F1000F09D0002003A951F82020D24341F82020401C0828F7DB03AB0B
S325000025002069002820794FEA40701ED05B462246CDF80080CDE901970D9900286FF00100CA
S3250000252020DAFFF7E2F81FE0C11703AA00EBD1614B1121F01F0102EB8302411A1368012034
S32500002540884003431360C7E719E00D99224600286FF00100009702DAFEF7C9FF04E0FEF7AE
S32500002560D0FE01E0FFF74DF800280ADA401C06D10C9820B14FF0FF300FB0BDE8F08F5046D0
S32500002580FAE7E90701D10AF1010A064400200C9054E60000CCCCCC0C2DE9FF4F06468BB0F1
S325000025A00878FF2806D0491C2D2805D000244FF0000908E000200CE00124F8E709EB890325
S325000025C0491C00EB43090878FF28F7D114B1C9F100008146107800252C46AA4629462D28D1
S325000025E001D02B2804D1521C2D2813D0002082468B461078FF280FD04FF0000C0A21521C0B
S32500002600A5FB017804FB018105FB0C11C5194BEB0104EEE70120EAE7002108464FF000006F
S32500002620BAF1000F02D000EB80004008C0F38157012F01DD4FF0FF370E9955EA040009EB69
S3250000264001080BD04FF0020918F5FA7F16DA4FEACA70002F706008DD012007E04FEACA70FE
S32500002660C6E900B00FB0BDE8F08F00203060FEF727FAC0F800901821084616E0B8F5FA7F61
S3250000268018DD002F02DAF748784401E0F6487844D0E90010C6E9001040EACA707060FEF7AD
S325000026A00FFAC0F80090142108460FB0BDE8F04F1DF0B2B9002108464FF00000B8F10001CD
S325000026C0099002DAC7F1000200E03A4601DAC8F1000106A800F09CFB06AB93E8070003ABBA
S325000026E083E8070044F23E005BEA04010090584604D144F21E012C465D460091210C09046C
S32500002700014306D10099240444EA15442D041039009104F07F41014306D10099240244EA89
S3250000272015642D020839009104F07041014306D10099240144EA15742D01091F009104F009
S325000027404041014306D10099A40044EA9574AD00891E009104F00041084304D100986D190B
S325000027606441401E00904FF001033A466846B8F1000FCDE9014503A902DD1CF0BAF801E071
S325000027801CF08DF8BAF1000F04460D4601D084F00044002108464FF00000099940F2FF77CA
S325000027A0484010F00C0F07D124F00040284303D0C4F30A50B84212D1FEF782F9C0F8009060
S325000027C0C4F30A50B8420AD1A8487844D0E90010C6E9001004F000410843706042E7C6E9B1
S325000027E000543FE72DE9FF4F1F464FF0000A4FF0FF38454691B0D7E90146CDF83CA0FEF768
S325000028005BF9C0680168405C1090B96912986D1C8847396A814688470028F6D1B9F1FF3F5D
S325000028200AD0002E24F4D06411DDB9F12B0F08D0B9F12D0F0BD102E0404615B013E744F473
S325000028408064B96912986D1C8847761E8146600504A901D52D2000E02B20002E01F1010B83
S325000028600DF130088DF810003FDDB9F1690F08D0B9F1490F05D0B9F16E0F02D0B9F14E0F9A
S325000028801CD13B4601A8009580E85002DDE912126FF002001DF02BF9C11CCED10EE0B969C4
S325000028A012986D1C884781461398761E44F4007405600F98401C002E0F9016DDB9F1300F4D
S325000028C0EDD0B9F1780F02D0B9F1580F0DD10F9801280AD13B46CDE90054DDE91212001F04
S325000028E002961DF002F9C11CA7D1109989453ED144F0800406E01399681CAAF1010A44F4AB
S3250000290000740860B9696D1C1298761E884730288146F0D02BE01099894505D1200603D4E9
S32500002920761E44F0800418E048461CF048FA08B3761E0DF123029345A9F1300044F40074B1
S3250000294006D20BF8010B200607D5AAF1010003E0200602D40AF101008246A00502D5139921
S32500002960681C0860B96912986D1C88478146002ED1DC53E0002E51DDB9F1650F02D0B9F176
S32500002980450F4BD1A00549D5B9696D1C1298761E24F440748847002E81460CDD2B2804D075
S325000029A0B9F12D0F07D144F48074B96912986D1C8847761E8146E00501D52D2100E02B2173
S325000029C008F8011BCDF8008021E0761E0DF13901884544F400740CD2A9F1300010F0FF00A3
S325000029E088F8000002D10099884509D908F1010806E0E00501D51E4801E042F20F708246D1
S32500002A00B96912986D1C8847814613980560002E04DD48461CF0D3F90028D6D1F969129865
S32500002A208847FF2053468BF8000088F8000000200A900B9004AA0CA90AA8FFF7ADFDA00557
S32500002A4002D46FF00100F8E614F0240F12D0E0071CD13868DDE90A12031D3B600068C0E921
S32500002A60001213E0CC030200BE03020082020200F1D8FFFF0AA968461CF08EF9E00705D1B9
S32500002A803868009A011D3960006802602846D4E610B508E030F8024B9C4204D10AB100209D
S32500002AA010BD012010BD491EF4D2104610BD007B00F08000704770B5C468A50713D065021C
S32500002AC011D4B2F5807F09D0B2F5007F06D0B2F5806F08D1012300F1240106E05D1E6FF027
S32500002AE07F46B54201D3012070BD0161C361416024F470611143C160002070BD2DE9F041D9
S32500002B000C461646070047D0104600F06FF82078611C61280AD0722802D077283CD102E0C4
S32500002B200125002405E00225042402E0082448F2020511F8010B2B2806D0622809D011F818
S32500002B40010C74280AD00BE045F0030544F00204EFE745F0040544F00104EAE744F0100424
S32500002B603846214600F09CFD411C15D00021316171604FF40071F560F1617061200704D5EF
S32500002B8030460222002100F0B5F9306D40F0010030653046BDE8F0810020FBE72DE9F0419E
S32500002BA00D460646104C206DC10704D0410804D020F00104F7E722460EE0542018F086F88B
S32500002BC007000ED0206D47F001010843542120653846FDF7C7FE3A4629463046BDE8F0418D
S32500002BE08CE70020D6E70000700A00202DE9F04704464FF0FF380026C568D4E90497A8077E
S32500002C0018D0204600F032FA384600F023FD002800DA4646280502D5484617F02BFD4C21FA
S32500002C202046FDF79FFE206D20F0010020653046BDE8F0874046FBE7F8B516460C460546D4
S32500002C40FDF7F6FB036893F80101012804D0185D78B101202C80F8BDD3F8030132462146C6
S32500002C6003F20313C71868460023B84700992980F8BD4FF0FF30F8BD2DE9F04116460C4685
S32500002C800546FDF7D5FB036893F80101012807D0FF2C12D8185D80B101202C70BDE8F08199
S32500002CA0D3F807013246214603F20713C7182846BC46BDE8F041002360474FF0FF30EDE71C
S32500002CC02DE9F0410646FEF745FE8046454613E016B1E068B0420ED120682860D4E9010130
S32500002CE0D8F800708847204617F0C4FCD8F80000B842EBD100E025462C68002CE8D1BDE8A3
S32500002D00F08110B500F004FABDE8104000F0FBB910B500F015FABDE8104000F0F4B97546DF
S32500002D20FEF714FEAE4605006946534620F00700854618B020B5FDF76DFBBDE820404FF026
S32500002D4000064FF000074FF000084FF0000BAC46ACE8C009ACE8C009ACE8C009ACE8C0092A
S32500002D6021F007018D467047B2F120030AD5C2F1200301FA02F120FA03F341EA030100FA08
S32500002D8002F0704700FA03F14FF00000704700002DE9F0411F46044603260168072A01F4F2
S32500002DA0006004DB08B116A505E016A503E008B115A500E015A521F010002060A069C01E42
S32500002DC0A0610FB1401EA0612046FDF782FE4FB1D4E9012138469047206A401C2062C01C7B
S32500002DE0206206E0206AFAE7D4E9012115F8010B9047761EF8D22046FDF781FEBDE8F081DE
S32500002E004E414E006E616E00494E4600696E66002DE9F047814616468AB0354878440DC8C0
S32500002E208DE80D0032487844801C03AC0DC884E80D0041F69B300844372190FBF1F290FB9C
S32500002E40F1F5A5F1800501FB12041B3C02D56442012000E00020DFF898A080460027FA442A
S32500002E60AAF1BE0A0EE0E0070AD03246684607EB470101230AEB81011BF026FD8DE8070095
S32500002E8064107F1C002CEED1194F7F44AE3F19E0E80715D007EB04100DF1180A90E80E00A1
S32500002EA08AE80E00C068F04201D1981908903246012306A903A81BF007FD03AB83E80700F2
S32500002EC06D10641C002DE3D14FF0010332466946B8F1000F03A802D01BF0CCFC01E01BF0B0
S32500002EE0F3FCC9E90001C9F808200AB0BDE8F087E8CD01002DE9F041044616460D464769C5
S32500002F00007B80072ED0384600F0C4FB50BB3EB3012E02D0022E25D104E0204600F060FBC6
S32500002F2005441DE0384600F0AFFBE168002841F01001E16005DA204600F058F80120BDE8EE
S32500002F40F081C9030BD56268E16A914200D81146A26911442269891A814200DD0846054472
S32500002F60002D01DA0220EAE7E16A6068E268814206D29103E06203D522F4003141F0100220
S32500002F80A6690027AE4213DCE16A814201D90B4600E0034603EB060C2369ACEB030CAC4591
S32500002FA006DD814201D98C4600E084469C4505D1A760276042F02000A5620DE0AD1BE6696D
S32500002FC0AE1B8142A66000D90846C01A281A20605819606022F0200003490840E06000203F
S32500002FE084F84870ABE70000BFCFD7FFC16821F4001141F08001C160002181600160704765
S325000030002DE9F74F15460C464FF0FF3B3848D768D2F814A0074209D05046A96900F080FBB6
S32500003020002819DB3248C0430740EF604FF000496FF000484C4501D3464600E02646009956
S325000030403B465046324600F073FBA96920F00042B21A1144A96128B12846FFF7C7FF58464D
S32500003060BDE8FE8FA41BE5D10020F9E770B504460569C06A6168884200D80846E16821F485
S325000030802011E160C90312D5A84208D02246411B2846FFF7B5FF10B14FF0FF3070BD0020EB
S325000030A0E562C4E90150E06820F48030E060002070BD10B50446C06820F02000E060A16A7A
S325000030C0A06988420DD02046FFF7D0FFE06820F4405040F01000E060A06AA0612069E062CD
S325000030E0606044F24001E0688843E06010BD00001000020010B50446AFF300802046BDE825
S325000031001040FDF781B9002801D000F0A9BA704710B5002102A000F084FA012010BD000044
S32500003120534947414252543A2041626E6F726D616C207465726D696E6174696F6E0000002D
S3250000314010B5014602A000F06CFA012010BD000053494752545245443A205265646972655E
S3250000316063743A2063616E2774206F70656E3A200000000010B5FDF7A3FC006810BD10B5CD
S325000031800446FDF79DFC046010BD00002DE9FF4F1F464FF03C0987B04FF00042DDE9141032
S325000031A001F10108DDF858A002EA40500390002005908346054604460490B969461E089865
S325000031C08847AAF1010A0290BAF1000F3BDD02982E2815D01021FFF717F800282EDB4FF095
S325000031E0010B0599014317D0B9F1000F0BDB4A46C117FFF7B9FD05430C43A9F1040905E01E
S32500003200012004900BE008B145F0010501200590049820B9361D02E0049800B1361FB969F0
S32500003220089808F101088847BBF1000FAAF1010A0290C9D00999C1F80080C5E702987028D2
S3250000324008D0502806D0F96908988847BBF1000F14D04FE0002002900120BBF1000F049081
S3250000326009D0B969089808F101088847AAF10109B9F1000F07DCF969089888476FF001006A
S325000032800BB0BDE8F08F2B2804D02D280CD14FF0FF300490B969089808F101088847A9F1C1
S325000032A00109B9F1000FE6DD411CE4D00A21FEF7ABFF0028DFDB029908F1010801EB8101BA
S325000032C000EB41000290B969089888470A21FEF79BFF099AA9F10109B9F1000FC2F80080A5
S325000032E001DD0028E7DAF969089888470499029800FB016655EA040004D004F04041090002
S3250000330002D006E0039898E0A40044EA9574AD00B61E04F00041080002D16D196441761EB1
S32500003320159810F0240F03D04FF00B095C4803E04FF028096FF07D008246564507DAAAEBD5
S3250000334006018944B9F1410F01DD4FF0410901200021A9F10102FFF707FD024628400B4658
S325000033602140084301D0012100E00021501E029143F1FF3128402140084301D0012000E05C
S3250000338000200299834651EA0B014FD0002108464FF00000039900F4400039B100EB80006A
S325000033A04FF4400100EBD07001EA60008015012802DD4FF0FF3000E013D0401C36D0029843
S325000033C060B3BBF1000F0CD14A4601200021FFF7CBFC28402140084301D0012000E00020A7
S325000033E0E0B101204A460021FFF7BEFC034640190A4661412D1A8C4111D3B9F1400F09DD49
S32500003400159810F0240F02D0AAF1340603E0AAF1170600E0761C00254FF0004406E05B1E0B
S3250000342042F1FF3220EA030521EA0204CAF10100B04206DA1B4903980843019000200090E6
S325000034400EE0039AC4F3D321E80A0A43164940EA44500A433146CDE9000268461BF0A5FCFE
S32500003460159810F0240F0BD01598C00715D13868DDE90012031D3B600068C0E900120CE0EF
S3250000348002A869461BF088FC1598C00705D13868029A011D3960006802604046F0E60000DB
S325000034A002FCFFFF0000F07F0000F03F2DE9FF4F92461D4685B04FF00041DDE9124BDDE92F
S325000034C014727F1E01EA4B50414940F0FF4940EA0108002122F020004928049102D04E2867
S325000034E028D04CE03BA0012607C88DE80700A9690698641C88477F1E014606D41DF806007D
S3250000350018B121F0200181420BD0E96906988847032E34D0082E32D06FF0010009B0BDE822
S32500003520F08F761C032E01D0082EE0D1601CCAF80000DCE7A9690698641C88477F1E2AD4F0
S3250000354020F02000412826D1A9690698641C88477F1E20D420F020004E281CD1A969069802
S32500003560641C88477F1E48F4002849F48009CAF8004001D4282806D0E969069888475FEA2A
S32500003580CB7012D022E0A9690698641C88477F1E01D4002803DAE96906988847BCE72928DD
S325000035A0F1D1641CCAF80040E9E71BF0240F07D028680499031D2B600068C0E9001805E0F6
S325000035C02868021D2A600068C0F800902046A5E70000F07F494E46494E4954590000000031
S325000035E010B50146C268900703D0900607D5886A0AE0FDF765FA01210160881E10BD8B699A
S32500003600486818440B69C01A91F848301BB191F84910401A10BD1103FCD50028FADD401E32
S3250000362010BD70B505460C460A2000E06D1C00F0CDF835B128780028F8D102E0641C00F0E4
S32500003640C5F814B120780028F8D1BDE870400A2000F0BCB881B00090002001B0704700002D
S3250000366080B582B0009046F66D10C0F20200FCF799FFFFE74FF0A00080F31188BFF36F8FD4
S32500003680BFF34F8F0190F5E781B000904FF0FF3001B0704781B00090002001B07047000047
S325000036A080B584B002900191029820B9FFE74FF0FF30039030E0029800783A2828D1FFE7BA
S325000036C0029846F68411C0F20201FDF79DF920B9FFE748F2010003901EE0029846F6931135
S325000036E0C0F20201FDF790F920B9FFE748F20200039011E0029846F68B11C0F20201FDF7F8
S3250000370083F920B9FFE748F20300039004E0FFE74FF0FF300390FFE7039804B080BD00005B
S3250000372082B0019000914FF0FF3002B07047000080B588B006900591049203930698019064
S3250000374048F2010188420CD0FFE7019848F2020188420AD0FFE7019848F20301884219D0B1
S325000037602DE04FF0FF3007902DE0FFE7049870B1FFE70598411C0591007802909DF8080064
S3250000378018F0F8F9FFE7049801380490EEE70020079018E0FFE7049870B1FFE70598411CD4
S325000037A00591007802909DF8080018F0BDF9FFE7049801380490EEE70020079003E04FF00B
S325000037C0FF300790FFE7079808B080BD80B582B001909DF8040018F0CDF902B080BD000055
S325000037E080B586B005900491FFE7059848B9FFE746F2B510C0F2020040F6280116F03CFE74
S32500003800FFE7FFE7059802900298283001900198808C00286BD0FFE70198808C4007002822
S3250000382012D5FFE70198C08B0499884205D8FFE70298002102F0B6FE05E0049A0199C88BD6
S32500003840801AC883FFE7FFE7029800F031F98DF80F009DF80F00C00758B3FFE70198808C68
S325000038608007002805D5FFE70298012102F09AFEFFE70198808CC006002804D5FFE70298BB
S3250000388002F0D4FEFFE70198808C0007002804D5FFE7029802F0B0FEFFE70198808C10F020
S325000038A01A0F05D1FFE70199002081F82F00FFE7FFE7019890F82F00C007B8B9FFE70198E8
S325000038C0808C8006002810D5FFE70199086891F8341006F0B7FC00900298D0F810C0406972
S325000038E0009A02210023E047FFE7FFE7FFE706B080BD0000EFF3108072B6704700207047EE
S32500003900EFF3108062B670470020704780B582B00190ADF80210019800F0CAF88DF8010009
S325000039209DF80100C00748B1FFE70198BDF80210002918BF012102F035FEFFE79DF8010022
S3250000394000F0010002B080BD80B582B00190019800F0AEF88DF803009DF80300C00720B1A2
S32500003960FFE7019802F048FEFFE79DF8030000F0010002B080BD000080B582B0019001989B
S3250000398000F096F88DF803009DF80300C00720B1FFE7019802F04AFEFFE79DF8030000F0C4
S325000039A0010002B080BD000080B588B006908DF8171004920393069840680068406802904E
S325000039C0002001900090FFE7029810B3FFE702984078042816D1FFE7029880789DF81710DE
S325000039E088420FD1FFE701980499884206D1FFE7009803990860029807900DE001980130F0
S32500003A000190FFE70698029A694602F069F90290DAE700200790FFE7079808B080BD000068
S32500003A2083B002900191019808B9FFE72BE000200090FFE70098072825D8FFE79DF8040005
S32500003A40C007A0B1FFE70099012000FA01F3029AD2F8D0109943C2F8D010009900FA01F278
S32500003A600299D1F8D4001043C1F8D400FFE7019840080190019808B9FFE704E0FFE700982E
S32500003A8001300090D6E703B07047000082B001900091009A0199D1F8D4009043C1F8D400B3
S32500003AA002B0704781B00090002001B07047000080B582B001900198D0F810C04069032158
S32500003AC000231A46E04700900098B0FA80F0400902B080BD80B582B0022003F023F807F02E
S32500003AE0C5FD4FF21C00C4F20A00006800909DF8000010F00C0F03D0FFE7022001901CE0D1
S32500003B0045F60000CFF2000003F0D4F8022003F009F807F0ABFD4FF21C00C4F20A000068AA
S32500003B2000909DF8000010F00C0F03D0FFE70220019002E000200190FFE7019802B080BDD2
S32500003B4080B54EF20000C4F20F0000680021C7F2FF0108400021C1F2050188420BD1FFE735
S32500003B604EF20000C4F20F000068000418B9FFE707F032FDFFE74FF28001C4F20A01012067
S32500003B80CEF27B30086007F071FD45F60000CFF2000003F08FF8022002F0C4FF07F066FD40
S32500003BA04FF21800C4F20A00006880BD80B586B0049003910292FFE7049848B9FFE746F279
S32500003BC06230C0F202004FF4C27116F055FCFFE7FFE7FFE703984FF20001C4F20A0109680B
S32500003BE089B2B0EB810F09D3FFE746F26230C0F2020040F2851116F03FFCFFE7FFE7FFE75E
S32500003C000398029908444FF20001C4F20A01096889B2B0EB810F09D9FFE746F26230C0F2FE
S32500003C20020040F2871116F027FCFFE7FFE7FFE79DF80C00800748B1FFE746F26230C0F254
S32500003C4002004FF4C47116F017FCFFE7FFE7FFE79DF80800800748B1FFE746F26230C0F29A
S32500003C60020040F2891116F007FCFFE7FFE7FFE74FF21800C4F20A0000680190FFE79DF828
S32500003C800400C0070028F3D1FFE7039880094FF20401C4F20A0108600398C0F383004FF2DC
S32500003CA00801C4F20A010860029880080290FFE7029800286FD0FFE74EF20000C4F20F0046
S32500003CC000680021C7F2FF0108400021C1F2050188420CD1FFE74EF20000C4F20F00006880
S32500003CE0000420B9FFE7039807F098FCFFE7049800684FF21401C4F20A0108600A2002F050
S32500003D0011FFFFE74FF21800C4F20A0000680190FFE79DF80400C0070028F3D1FFE79DF8E8
S32500003D200400C00600281DD5FFE74EF20000C4F20F0000680021C7F2FF0108400021C1F250
S32500003D40050188420BD1FFE74EF20000C4F20F000068000418B9FFE707F03EFCFFE70198F3
S32500003D60059039E0049804300490029801380290029878B1FFE74FF20800C4F20A000068AC
S32500003D8040B9FFE74FF20401C4F20A01086801300860FFE78CE74EF20000C4F20F00006868
S32500003DA00021C7F2FF0108400021C1F2050188420BD1FFE74EF20000C4F20F000068000404
S32500003DC018B9FFE707F008FCFFE74FF21800C4F20A0000680590FFE7059806B080BD0000B9
S32500003DE080B584B0039002910192FFE7039848B9FFE746F26230C0F202004FF49C7116F05F
S32500003E003BFBFFE7FFE7FFE702984FF20001C4F20A01096889B2B0EB810F09D3FFE746F246
S32500003E206230C0F2020040F2391116F025FBFFE7FFE7FFE70298019908444FF20001C4F26A
S32500003E400A01096889B2B0EB810F09D9FFE746F26230C0F2020040F23B1116F00DFBFFE7C2
S32500003E60FFE7FFE79DF80800800748B1FFE746F26230C0F202004FF49E7116F0FDFAFFE7BA
S32500003E80FFE7FFE79DF80400800748B1FFE746F26230C0F2020040F23D1116F0EDFAFFE780
S32500003EA0FFE7029880094FF20401C4F20A0108600298C0F383004FF20801C4F20A01086041
S32500003EC0019880080190FFE7019800B3FFE74FF21400C4F20A0000680399086003980430C2
S32500003EE00390019801380190019878B1FFE74FF20800C4F20A00006840B9FFE74FF2040188
S32500003F00C4F20A01086801300860FFE7DCE704B080BD00004FF20000C4F20A00006880B29C
S32500003F208000704780B582B00090FFE7BDF80000800540B1FFE746F2B530C0F202008721DD
S32500003F4016F09AFAFFE7FFE74DF21401C4F20F0140F60120086000984DF20001C4F20F017E
S32500003F6008604DF20801C4F20F010220CAF242400860FFE74DF20800C4F20F00006880071C
S32500003F80002801D5FFE7F5E74DF20C00C4F20F00006840F60121084204D0FFE74FF0FF3019
S32500003FA0019002E000200190FFE7019802B080BD80B586B0049003910292FFE79DF80C00BB
S32500003FC0800740B1FFE746F2B530C0F20200C52116F052FAFFE7FFE7FFE79DF8080080079E
S32500003FE040B1FFE746F2B530C0F20200C62116F043FAFFE7FFE74DF21401C4F20F0142F2CF
S3250000400001600860FFE70298002848D0FFE7039820F07F004DF20001C4F20F010860FFE7AD
S325000040209DF80C0010F07C0F09D1FFE74DF23000C4F20F0001680020019031B9FFE70298D6
S32500004040002818BF01200190FFE70198C00798B1FFE70498011D04910068039901F07C0173
S325000040604DF20012C4F20F028850039804300390029804380290D3E74DF22001C4F20F01A0
S325000040800120CAF242400860FFE74DF22000C4F20F000068C00708B1FFE7F6E7B3E74DF2C5
S325000040A00C00C4F20F00006842F20161084204D0FFE74FF0FF30059002E000200590FFE7A7
S325000040C0059806B080BD000080B586B005908DF813100392FFE7059807F002FB48B9FFE7AF
S325000040E045F67A60C0F202004FF4997116F0C4F9FFE7FFE7FFE7039888B1FFE703980128B1
S325000041000DD0FFE70398022809D0FFE745F67A60C0F2020040F2351116F0AEF9FFE7FFE798
S325000041209DF80C00C00740B1FFE70598D0F800049DF813100843029007E00598D0F80004EC
S325000041409DF8131088430290FFE702980599C1F800049DF80C008007002808D5FFE70598B9
S32500004160D0F820049DF813100843019007E00598D0F820049DF8131088430190FFE70198B6
S325000041800599C1F8200406B080BD000080B582B001900091FFE7019807F0A2FA48B9FFE729
S325000041A045F67A60C0F2020040F2873116F064F9FFE7FFE700980199C1F81C0402B080BD1D
S325000041C080B582B001900091FFE7019807F088FA48B9FFE745F67A60C0F202004FF44571AF
S325000041E016F04AF9FFE7FFE7009A0199D1F810041043C1F8100402B080BD000080B584B01B
S32500004200039002910192FFE7039845F20001C4F20601884211D0FFE7039846F20001C4F24E
S325000042200601884209D0FFE745F67A60C0F2020040F2094116F020F9FFE7FFE7FFE7029838
S3250000424020B1FFE70298082809D3FFE745F67A60C0F2020040F20A4116F00EF9FFE7FFE7F6
S32500004260FFE7019848B9FFE745F67A60C0F2020040F20B4116F000F9FFE7FFE7039807F02E
S325000042804FFB0090009802990844019901F032FC00980299084401F0C5FA04B080BD0000E6
S325000042A080B584B002908DF80710FFE7029807F017FA48B9FFE745F67A60C0F2020040F2F7
S325000042C05A3116F0D9F8FFE7FFE79DF80700C00728B1FFE70298D0F81804039004E00298F9
S325000042E0D0F814040390FFE7039804B080BD000080B588B007908DF81B100592FFE7079803
S3250000430007F0EEF948B9FFE745F67A60C0F2020040F29B1116F0B0F8FFE7FFE7FFE79DF836
S325000043201400000708B3FFE7059800F00F0004281BD0FFE7059800F00F00012815D0FFE792
S32500004340059800F00F0002280FD0FFE7059800F00F00062809D0FFE745F67A60C0F202007A
S325000043604FF4D07116F088F8FFE7FFE7FFE79DF81600000700B3FFE7059800F47020B0F56A
S32500004380803F10D1FFE7079845F20001C4F20601884211D0FFE7079846F20001C4F20601D7
S325000043A0884209D0FFE745F67A60C0F2020040F2A31116F061F8FFE7FFE79DF81400C00724
S325000043C040B1FFE70798D0F808049DF81B100843049007E00798D0F808049DF81B10884309
S325000043E00490FFE704980799C1F808049DF814008007002808D5FFE70798D0F804049DF81D
S325000044001B100843039007E00798D0F804049DF81B1088430390FFE703980799C1F8040437
S325000044209DF814004007002808D5FFE70798D0F80C049DF81B100843029007E00798D0F839
S325000044400C049DF81B1088430290FFE702980799C1F80C049DF81600C00738B1FFE7079860
S32500004460D0F8380540F00100019006E00798D0F8380520F001000190FFE701980799C1F86B
S32500004480380508B080BD000080B592B011908DF843100F920E93FFE7119807F021F948B911
S325000044A0FFE745F67A60C0F2020040F2312115F0E3FFFFE7FFE7FFE70F98012821D0FFE783
S325000044C00F9802281DD0FFE70F98652819D0FFE70F98662815D0FFE70F986E2811D0FFE72B
S325000044E00F9875280DD0FFE70F98772809D0FFE745F67A60C0F202004FF40E7115F0BCFF5F
S32500004500FFE7FFE7FFE70E98082822D0FFE70E980A281ED0FFE70E980C281AD0FFE70E9839
S32500004520092816D0FFE70E98B0F5847F11D0FFE70E98B0F5027F0CD0FFE70E9848B1FFE750
S3250000454045F67A60C0F2020040F23F2115F094FFFFE7FFE74EF20000C4F20F000068002108
S32500004560C7F2FF0108400021C1F20501884234D0FFE700208DF83700FFE79DF837000728E9
S325000045802ADCFFE79DF843009DF83710C840C007D8B1FFE71198D0F8C40F9DF837104A00CD
S325000045A00321914088431199C1F8C40F0F98C0F341109DF83710490000FA01F21199D1F8CF
S325000045C0C40F1043C1F8C40FFFE7FFE79DF8370001308DF83700D0E7FFE79DF83C00C00769
S325000045E040B1FFE71198D0F800059DF8431008430C9007E01198D0F800059DF84310884389
S325000046000C90FFE70C981199C1F800059DF83C008007002808D5FFE71198D0F804059DF8B4
S32500004620431008430B9007E01198D0F804059DF8431088430B90FFE70B981199C1F8040597
S325000046409DF83C004007002808D5FFE71198D0F808059DF8431008430A9007E01198D0F8AE
S3250000466008059DF8431088430A90FFE70A981199C1F808059DF83C000007002808D5FFE71F
S325000046801198D0F818059DF843100843099007E01198D0F818059DF8431088430990FFE713
S325000046A009981199C1F818054EF20000C4F20F0000680021C7F2FF0108400021C1F205016A
S325000046C088421BD0FFE79DF83C00C006002808D5FFE71198D0F83C059DF84310084308903A
S325000046E007E01198D0F83C059DF8431088430890FFE708981199C1F83C05FFE79DF83800F3
S32500004700C00740B1FFE71198D0F80C059DF843100843079007E01198D0F80C059DF8431058
S3250000472088430790FFE707981199C1F80C059DF838008007002808D5FFE71198D0F8100553
S325000047409DF843100843069007E01198D0F810059DF8431088430690FFE706981199C1F8ED
S3250000476010059DF838004007002808D5FFE71198D0F814059DF843100843059007E011983D
S32500004780D0F814059DF8431088430590FFE705981199C1F814059DF838000007002808D512
S325000047A0FFE71198D0F81C059DF843100843049007E01198D0F81C059DF8431088430490F4
S325000047C0FFE704981199C1F81C054EF20000C4F20F0000680021C7F2FF0108400021C1F26A
S325000047E00501884234D0FFE79DF839008007002808D5FFE71198D0F844059DF843100843CC
S32500004800039007E01198D0F844059DF8431088430390FFE703981199C1F844059DF839001D
S32500004820800740B1FFE71198D0F840059DF843100843029007E01198D0F840059DF8431014
S3250000484088430290FFE702981199C1F84005FFE70E9840B9FFE71198D0F828059DF84310DC
S325000048600843019007E01198D0F828059DF8431088430190FFE701981199C1F8280512B0BC
S3250000488080BD000080B584B00390FFE79DF80E00122809D3FFE745F67A60C0F2020040F655
S325000048A0B11115F0E9FDFFE7FFE7FFE70399E32010EA112F09D0FFE745F67A60C0F2020032
S325000048C040F6B21115F0D8FDFFE7FFE79DF80E0002904EF26C00C4F20F0000680299C84082
S325000048E0C00750B1FFE7029945F2B010C0F2020000EBC1004068029008E0029945F2B0105E
S32500004900C0F2020050F831000290FFE79DF80D0001900298D0F82C05019A0F2191408843BF
S32500004920039901F00F01914008430299C1F82C0504B080BD80B582B001908DF80310FFE7CC
S32500004940019806F0CDFE48B9FFE745F67A60C0F2020040F2644115F08FFDFFE7FFE701987A
S325000049609DF8031050F8210002B080BD80B582B001908DF80310FFE7019806F0B1FE48B97C
S32500004980FFE745F67A60C0F2020040F2246115F073FDFFE7FFE701989DF803100022FFF711
S325000049A093FB01989DF8031001220823FFF76CFD02B080BD80B584B003908DF80B10FFE704
S325000049C0039806F08DFE48B9FFE745F67A60C0F2020040F2516115F04FFDFFE7FFE7039869
S325000049E09DF80B10012201920823FFF74DFD019A03989DF80B10FFF767FB04B080BD0000B1
S32500004A0080B582B001908DF80310FFE7019806F067FE48B9FFE745F67A60C0F2020040F244
S32500004A20D46115F029FDFFE7FFE701989DF803100222FFF749FB01989DF803100122092315
S32500004A40FFF722FD02B080BD80B582B001908DF80310FFE7019806F043FE48B9FFE745F6E4
S32500004A607A60C0F2020040F2067115F005FDFFE7FFE701989DF803100222FFF725FB019812
S32500004A809DF8031001220823FFF7FEFC02B080BD80B582B001908DF80310FFE7019806F036
S32500004AA01FFE48B9FFE745F67A60C0F2020040F29F7115F0E1FCFFE7FFE701989DF80310F2
S32500004AC00222FFF701FB01989DF8031001220823FFF7DAFC02B080BD80B584B003908DF8EF
S32500004AE00B10FFE7039806F0FBFD48B9FFE745F67A60C0F202004FF40D6115F0BDFCFFE721
S32500004B00FFE703989DF80B1000220192FFF7DCFA019B03989DF80B100122FFF7B5FC04B078
S32500004B2080BD000080B582B001908DF803108DF80220FFE7019806F0D3FD48B9FFE745F694
S32500004B407A60C0F2020040F2844115F095FCFFE7FFE79DF8020001999DF8032041F8220024
S32500004B6002B080BD85B004900391029201930498807800F00F0003990860049880886FF31E
S32500004B80DF2002990860049881784FF4005000EA8110019908600498C07800F0030001465A
S32500004BA00091032817D80099DFE801F00214080E0199086840F4407008600CE0019908687B
S32500004BC040F48070086006E00199086840F40070086000E0FFE705B07047000085B003904D
S32500004BE0029100200190FFE70198082814D8FFE7019908208840009000980399884206D3F9
S32500004C00FFE70098029908600198049009E0FFE7019801300190E7E7029900200860049031
S32500004C20FFE7049805B0704780B584B003900291FFE7039848B9FFE746F2B510C0F20200D8
S32500004C4040F26E5115F018FCFFE7FFE70398009000982830019001990120C876019988763B
S32500004C600199087601994876019890F83100C00748B9FFE70098D0F808C0C06800231946EC
S32500004C801A46E047FFE70199012081F8310004B080BD000080B584B003900398D0F804C028
S32500004CA08068032100231A46E04701900398203006F008FA029002980199084404B080BDC1
S32500004CC080B588B0079006910592079802900298283004900598039006980E3801460191F8
S32500004CE0082800F283800199DFE801F0051C80408080645672000398007830B9FFE70398AD
S32500004D004078049981F835000BE003980078012806D1FFE703984078049981F83600FFE721
S32500004D20FFE764E0039800780006002816D5FFE70398007800F07F00012807D1FFE703982D
S32500004D4040780001049981F8320006E0039840780001049981F83300FFE706E003984078AA
S32500004D600001049981F83400FFE740E0049890F8350003998870049890F83500039948773B
S32500004D80049890F8360003998877049890F83600039981F823002AE00298806848B1FFE71B
S32500004DA00298D0F808C0C068152100231A46E047FFE71CE00298806848B1FFE70298D0F816
S32500004DC008C0C068142100231A46E047FFE70EE00298806848B1FFE70298D0F808C0C06877
S32500004DE0162100231A46E047FFE700E0FFE708B080BD000080B584B00390FFE7039848B9AD
S32500004E00FFE746F2B510C0F2020040F2C27115F033FBFFE7FFE703980290029828300190E1
S32500004E20019890F83100C00748B1FFE70298D0F808C0C068012100231A46E047FFE70199D6
S32500004E40002081F8310004B080BD000080B586B005900491FFE7059848B9FFE746F2B51095
S32500004E60C0F2020040F2A45115F006FBFFE7FFE705980390049808B9FFE73EE003982830FB
S32500004E8002900298807E022801D0FFE735E00298007F20281FD1FFE70498072804D0FFE730
S32500004EA0002002F0B3FF15E0029824300321012201F038FC0398FEF747FD8DF807009DF8E4
S32500004EC00700C00728B9FFE70299012081F82F00FFE7FFE70DE0002002F098FFFFE746F253
S32500004EE0B510C0F2020040F2F45115F0C5FAFFE7FFE7029901208876FFE706B080BD000099
S32500004F0080B584B003900291FFE7039848B9FFE746F2B510C0F2020040F23B5115F0ACFA7A
S32500004F20FFE7FFE7039801900198283000900298009991F832100909C840C00728B1FFE754
S32500004F400198029901F05EFAFFE70298009991F834100909C840C003002805D5FFE701988A
S32500004F60029901F0A5F9FFE70298009991F833100909C840C00728B1FFE70198029901F057
S32500004F80F1F9FFE704B080BD80B586B00490039102920498203005F035FF01900198039948
S32500004FA0884209D3FFE70499C86A496A0844029908600398059004E00299002008600590C2
S32500004FC0FFE7059806B080BD80B58AB009900891FFE7099848B9FFE746F2B510C0F2020095
S32500004FE040F2AC6115F048FAFFE7FFE70998079007982830069008988088069991F835107F
S32500005000884201D0FFE7E7E00898407801460391532800F2DD800399DFE811F05400580035
S325000050205C0060006400DA00DA00DA00DA00DA00DA00DA00DA00DA00DA00DA00D600D60040
S32500005040D600D600D600D600DA00DA00DA00DA00DA00DA00DA00DA00DA00DA0068007D0089
S325000050609400B400DA00DA00DA00DA00DA00DA00DA00DA00DA00DA00DA00DA00D600D600FE
S32500005080D600D600D600D600D600D600D600D600D600DA00DA00DA00DA00DA00D600D60096
S325000050A0D600D600D600DA00DA00DA00DA00DA00DA00DA00DA00DA00DA00DA00D600D6005E
S325000050C0D600D600002002F0A1FE85E0002002F09DFE81E0002002F099FE7DE0002002F0E2
S325000050E095FE79E0002002F091FE75E0069920200877069902208876069800F128010020D3
S325000051000290072202F03EFE029A06980068114604F0D4F860E00698006800220192114695
S3250000512004F0CCF8019A0798D0F808C0C06848F2040104AB0093E04700990198072202F0CA
S3250000514043FE49E0069800680022114604F0B6F808984088069908840698243004210122F1
S3250000516001F0E0FA0798FEF707FC8DF817009DF81700C00728B9FFE70699012081F82F0089
S32500005180FFE729E0069800680022114604F096F8089840880699C88306982430012211465B
S325000051A001F0C0FA079808994988FEF7AFFB8DF817009DF81700C00728B9FFE706990120F8
S325000051C081F82F00FFE707E0002002F01FFE03E0002002F01BFEFFE70AB080BD80B582B0D3
S325000051E00190FFE7019848B9FFE746F2B510C0F2020040F6050115F03FF9FFE7FFE7019823
S3250000520000900098D0F808C0C068082100231A46E04702B080BD000080B588B0079006914B
S325000052200592059890B3FFE7059807998969884210D3FFE70598079A9169D26911448842B7
S3250000524008D2FFE707982030069905F077FD002001901AE00798203005F050FE0490049884
S325000052600699884203D2FFE70498009002E006980090FFE700980390079820300599039A8D
S3250000528005F04CFF03980190FFE743E0079801694069884702900798203005F0B3FD049058
S325000052A0079AD2F80CC05069D16A526A1144049A0123E0470390039830B1FFE707982030DF
S325000052C0039905F03BFDFFE70398029988421ED2FFE70798203005F095FD04900498A8B144
S325000052E0FFE7079AD2F80CC05069D16A526A1144049A0123E0470290029830B1FFE707980B
S325000053002030029905F01AFDFFE7FFE7FFE700200190FFE70798203005F0D4FE0490079B5B
S32500005320049AD3F804C09868D96A9B6A0B440221E047039007982030039905F0D3FC0198DE
S3250000534008B080BD80B582B00190FFE7019848B9FFE746F2B510C0F2020040F2EC7115F0AF
S325000053608BF8FFE7FFE7019800900098D0F808C0C068072100231A46E04702B080BD00009E
S3250000538080B582B00190009101982030009905F0A9FC019801F064F8002002B080BD00006D
S325000053A080B584B003900291FFE7039806F00AFB48B9FFE746F20740C0F202004FF4F1711D
S325000053C015F05AF8FFE7FFE7039806F065FB0190FFE7019848B9FFE746F20740C0F2020089
S325000053E040F2E91115F048F8FFE7FFE70198029900F080FB019800F015FA04B080BD000042
S3250000540080B582B001900091FFE7019806F0DAFA48B9FFE746F20740C0F2020040F20B510C
S3250000542015F02AF8FFE7FFE7FFE7009807285DD0FFE70098072859D0FFE70098032855D0F5
S32500005440FFE70098012851D0FFE7009805284DD0FFE70098042849D0FFE700980B2845D02D
S32500005460FFE70098092841D0FFE7009805283DD0FFE70098042839D0FFE70098272835D029
S32500005480FFE70098462831D0FFE7009846282DD0FFE70098422829D0FFE70098402825D074
S325000054A0FFE70098442821D0FFE7009804281DD0FFE700984A2819D0FFE70098482815D0C8
S325000054C0FFE70098442811D0FFE7009804280DD0FFE70098132809D0FFE746F20740C0F2CB
S325000054E0020040F2215114F0C7FFFFE7FFE700980199486002B080BD80B582B00190FFE7C3
S32500005500019806F05FFA48B9FFE746F20740C0F202004FF4B16114F0AFFFFFE7FFE7019817
S32500005520806802B080BD000080B582B001908DF80310FFE7019806F045FA48B9FFE746F22B
S325000055400740C0F2020040F26E5114F095FFFFE7FFE79DF803000199886002B080BD0000EC
S3250000556080B582B00190FFE7019806F02BFA48B9FFE746F20740C0F202004FF4B47114F00D
S325000055807BFFFFE7FFE70199086A40F01000086202B080BD80B586B0059004918DF80F20D1
S325000055A0FFE7059806F00EFA40B9FFE746F20740C0F20200D52114F05FFFFFE7FFE7059891
S325000055C0FFF7CEFF9DF80F00C00730B1FFE741F68020C0F20600029005E048F2A060C0F2DE
S325000055E001000290FFE70498029901EB8102910000EB82000138B0FBF1F001380190019860
S325000056000599C8600598D0F8C00FC007B8B1FFE7049844F27F71C0F2371108444DF27D01AF
S32500005620C6F64411A0FB01014FF0FF3000EBD1500190019840F080000599C860FFE706B000
S3250000564080BD000080B582B001900091FFE7019806F0B8F948B9FFE746F20740C0F202003E
S3250000566040F2044114F008FFFFE7FFE700980199C86102B080BD000080B582B00190009103
S32500005680FFE7019806F09EF948B9FFE746F20740C0F2020040F2622114F0EEFEFFE7FFE76D
S325000056A0009A019908691043086102B080BD000080B584B002908DF80710FFE7029806F087
S325000056C081F948B9FFE746F20740C0F2020040F25D3114F0D1FEFFE7FFE79DF80700C0076E
S325000056E020B1FFE702988069039003E0029840690390FFE7039804B080BD000080B582B045
S3250000570001908DF803108DF80220FFE7019806F059F948B9FFE746F20740C0F202004FF48F
S325000057208E6114F0A9FEFFE7FFE7FFE79DF803000006002809D5FFE746F20740C0F202005A
S3250000574040F2714114F098FEFFE7FFE79DF803109DF8020000F0010040EA4100019908605C
S3250000576002B080BD80B582B00190FFE701989B2809D3FFE745F6CB60C0F2020040F2B1211A
S3250000578014F07AFEFFE7FFE70198042809D1FFE74EF62451CEF20001086820F48030086020
S325000057A03EE00198052809D1FFE74EF62451CEF20001086820F40030086030E001980628D2
S325000057C009D1FFE74EF62451CEF20001086820F48020086022E001980F2809D1FFE74EF22B
S325000057E01001CEF20001086820F00200086014E00198102810D3FFE70198A0F1100101F02D
S325000058001F02012090404A0945F28811C0F2020151F822100860FFE7FFE7FFE7FFE7FFE737
S3250000582002B080BD80B582B00190FFE701989B2809D3FFE745F6CB60C0F2020040F26721A3
S3250000584014F01AFEFFE7FFE70198042809D1FFE74EF62451CEF20001086840F4803008609F
S325000058603EE00198052809D1FFE74EF62451CEF20001086840F40030086030E001980628F1
S3250000588009D1FFE74EF62451CEF20001086840F48020086022E001980F2809D1FFE74EF24A
S325000058A01001CEF20001086840F00200086014E00198102810D3FFE70198A0F1100101F04C
S325000058C01F02012090404A0945F29C11C0F2020151F822100860FFE7FFE7FFE7FFE7FFE763
S325000058E002B080BD80B582B00190FFE701989B2809D3FFE745F6CB60C0F2020040F2FE214C
S3250000590014F0BAFDFFE7FFE7002000900198042809D1FFE74EF62450CEF20000006800F4F1
S325000059208030009041E00198052809D1FFE74EF62450CEF20000006800F40030009033E0D3
S325000059400198062809D1FFE74EF62450CEF20000006800F48020009025E001980F2809D107
S32500005960FFE74EF21000CEF20000006800F00200009017E00198102813D3FFE701981038CC
S32500005980410945F29C10C0F2020050F8210000680199103901F01F0201219140084000908F
S325000059A0FFE7FFE7FFE7FFE7FFE7009802B080BD80B5FDF79FFF002818BF012080BD0000B8
S325000059C080B5FDF79DFF002818BF012080BD000080B582B00190FFE701989B2809D3FFE7A3
S325000059E045F6CB60C0F2020040F2513114F044FDFFE7FFE70198022809D1FFE74EF60451A6
S32500005A00CEF20001086840F00040086030E001980E2809D1FFE74EF60451CEF2000108680E
S32500005A2040F08050086022E001980F2809D1FFE74EF60451CEF20001086840F08060086024
S32500005A4014E00198102810D3FFE70198A0F1100101F01F02012090404A0945F24021C0F2D7
S32500005A60020151F822100860FFE7FFE7FFE7FFE702B080BD80B584B003908DF80B10FFE731
S32500005A800398042804D3FFE703989B2809D3FFE745F6CB60C0F2020040F2162114F0ECFCED
S32500005AA0FFE7FFE7039820F0030045F25421C0F20201085800680190039800F00300C2005C
S32500005AC0FF2000FA02F20198904301909DF80B00039A02F00302D20000FA02F201981043D6
S32500005AE001900198039A22F003028958086004B080BD000080B584B003900291FFE7039878
S32500005B009B2809D3FFE745F6CB60C0F202004FF49E7114F0B1FCFFE7FFE7FFE7012048B909
S32500005B20FFE745F6CB60C0F2020040F2411114F0A3FCFFE7FFE74EF60850CEF200000068A8
S32500005B4040F60001C2F20001884227D0FFE74EF60850CEF200000068009000200190FFE7C1
S32500005B6001989A2810D8FFE70199009850F82100019A40F60001C2F2000141F82200FFE793
S32500005B80019801300190EBE740F60000C2F200004EF60851CEF200010860FFE70298039A05
S32500005BA040F60001C2F2000141F8220004B080BD84B00290019100200090FFE700980528F4
S32500005BC01FDCFFE7009944F6D810C2F2000050F8210088B9FFE70298009A44F6D811C2F2D4
S32500005BE0000141F822000198009A44F69831C2F2000141F8220004E0FFE7009801300090DA
S32500005C00DCE70098062804D1FFE74FF0FF30039002E000200390FFE7039804B070470000B8
S32500005C2080B582B00190019A44F6B031C2F2000108681044086000200090FFE70098052874
S32500005C401EDCFFE7009944F6D810C2F2000050F8210080B1FFE7009944F6D810C2F2000000
S32500005C6050F8212044F69830C2F2000050F8210001999047FFE7FFE7009801300090DDE71C
S32500005C8002B080BD81B044F6D410C2F200000078C00710BBFFE700200090FFE700980528C1
S32500005CA014D8FFE7009A44F6D811C2F20001002041F82200009A44F69831C2F2000141F894
S32500005CC02200FFE7009801300090E7E744F6D411C2F2000101200870FFE701B070470000D4
S32500005CE083B00290019100920098017808440090009802994968019A126851F8222051688B
S32500005D0012881144884218D3FFE701990868013008600198006802990978884209D2FFE7A8
S32500005D20029840680199096850F821004068009002E000200090FFE7FFE7009803B070470F
S32500005D4080B582B00090FFE7009848F20001C4F20201884211D0FFE7009849F20001C4F2B9
S32500005D600201884209D0FFE745F62170C0F2020040F2F47114F080FBFFE7FFE70098D0F8CF
S32500005D80C80FC005002803D4FFE70020019007E00098D0F8C80F40F2071108400190FFE7A4
S32500005DA0019802B080BD000080B582B001900091FFE7019848F20001C4F20201884211D0AE
S32500005DC0FFE7019849F20001C4F20201884209D0FFE745F62170C0F2020040F2CB7114F0CE
S32500005DE04BFBFFE7FFE7FFE7009850B3FFE70098B0F5807F25D0FFE7009840F20111884267
S32500005E001FD0FFE70098B0F5817F1AD0FFE7009840F20311884214D0FFE70098B0F5827FEA
S32500005E200FD0FFE7009840F20511884209D0FFE745F62170C0F2020040F2D27114F01CFB1E
S32500005E40FFE7FFE70198D0F8C80F40F207118843009908430199C1F8C80F02B080BD000026
S32500005E6080B584B0039002910192FFE7039848F20001C4F20201884210D0FFE7039849F21F
S32500005E800001C4F20201884208D0FFE745F62170C0F20200CE2114F0EFFAFFE7FFE7FFE7AC
S32500005EA0029805F04BFE40B9FFE745F62170C0F20200CF2114F0E0FAFFE7FFE703980299D5
S32500005EC008440290029800686FF3520001990843029908609DF804008007002808D5FFE735
S32500005EE00299B020086202994FF43060486207E002998C200862029940F60C004862FFE7AA
S32500005F0004B080BD80B582B001900091FFE7019848F20001C4F20201884211D0FFE7019864
S32500005F2049F20001C4F20201884209D0FFE745F62170C0F202004FF4C27114F09DFAFFE766
S32500005F40FFE7FFE7009805F0F9FD48B9FFE745F62170C0F2020040F2851114F08DFAFFE74C
S32500005F60FFE70199009A885840F00100885002B080BD000080B584B002900191FFE702981C
S32500005F8048F20001C4F20201884211D0FFE7029849F20001C4F20201884209D0FFE745F623
S32500005FA02170C0F2020040F2551114F065FAFFE7FFE7FFE7019805F0C1FD48B9FFE745F67B
S32500005FC02170C0F202004FF4AB7114F055FAFFE7FFE702980199084401900198006880075F
S32500005FE0002805D5FFE7019800694000039004E00198006901300390FFE7039804B080BDC2
S3250000600080B584B0039002910192FFE7039848F20001C4F20201884211D0FFE7039849F27C
S325000060200001C4F20201884209D0FFE745F62170C0F202004FF48E7114F01EFAFFE7FFE76D
S32500006040FFE7029805F07AFD48B9FFE745F62170C0F2020040F21D1114F00EFAFFE7FFE7AF
S325000060600398029908440290029800688007002816D5FFE7FFE701984008B0F5803F09D37D
S32500006080FFE745F62170C0F2020040F22D1114F0F3F9FFE7FFE7019840080299086117E08C
S325000060A0FFE70198B0F5803F03D8FFE7019848B9FFE745F62170C0F202004FF49B7114F0E3
S325000060C0DBF9FFE7FFE70198013802990861FFE704B080BD80B584B0039002918DF8072032
S325000060E0FFE7039848F20001C4F20201884211D0FFE7039849F20001C4F20201884209D061
S32500006100FFE745F62170C0F202004FF4437114F0B3F9FFE7FFE7FFE70298000A48B1FFE737
S3250000612045F62170C0F2020040F20F3114F0A4F9FFE7FFE79DF80700C00730B1FFE7029A34
S325000061400399C8681043C86005E0029A0399C8689043C860FFE704B080BD000080B584B06A
S32500006160039002918DF80720FFE7039848F20001C4F20201884211D0FFE7039849F200016A
S32500006180C4F20201884209D0FFE745F62170C0F202004FF4377114F06FF9FFE7FFE7FFE72E
S325000061A00298000A48B1FFE745F62170C0F2020040F2DF2114F060F9FFE7FFE79DF80700DF
S325000061C0C00730B1FFE7029A039988681043886005E0029A0399886890438860FFE704B066
S325000061E080BD000080B586B0059004910392FFE7059848F20001C4F20201884211D0FFE72A
S32500006200059849F20001C4F20201884209D0FFE745F62170C0F2020040F2C71114F02CF9AA
S32500006220FFE7FFE7FFE7049805F0AAFC48B9FFE745F62170C0F202004FF4E47114F01CF957
S32500006240FFE7FFE70598049921F03F0108440290029800688007002804D5FFE703984008B0
S325000062600390FFE7029800690190FFE703980199884209D3FFE745F62170C0F2020040F2B2
S32500006280DF1114F0F9F8FFE7FFE701980399401A01909DF81000C00720B1FFE701980299D0
S325000062A0C86103E0019802998861FFE706B080BD80B586B004900391049828300090009926
S325000062C0086891F8341004F0A3F902900099086891F83410029A03F053F99DF80A00C00742
S325000062E018B3FFE7009824300521012200F01AFA009890F83000C007B0B9FFE7009890F828
S325000063002F00C00780B9FFE70099086891F8341003F098FF01900498D0F810C04069019AF9
S3250000632002210023E047FFE714E09DF80A0010F00E0F0BD0FFE70498D0F810C0406902991B
S3250000634001F4602206210023E047FFE700208DF8170003E001208DF81700FFE79DF817007B
S3250000636006B080BD80B586B0059004910598283003900399086891F8331004F049F9029067
S325000063800399086891F83310029A03F0F9F80399012048760398C08C80B3FFE70398C08C3D
S325000063A040F27461C2F200010988401AB0FA80F040098DF803000398C08C0190039800230F
S325000063C0C3840598D0F818C0C069019A0521E0479DF80300C00780B1FFE70398C08C60B9AC
S325000063E0FFE70399022048760399086891F833104FF4817204F08CF8FFE7FFE7012006B00C
S3250000640080BD000080B586B00590049101208DF807000598283002900299086891F832109A
S3250000642004F0F6F803900299086891F83210039A03F0A6F80298808CC00730B1FFE705980C
S3250000644000F00EF98DF8070003E002990120C876FFE79DF8070000F0010006B080BD000070
S3250000646080B58EB00D900D980169406988470C900C98002800F09380FFE70D98203004F045
S32500006480F1FC0B900D98203004F01CFE0A900C980A99884203D2FFE70C98089002E00A9845
S325000064A00890FFE7089809900B9800285DD0FFE709980D9908630B980C99884203D2FFE7C2
S325000064C00B98079002E00C980790FFE707980B900D99C868029048690390C86A896A084422
S325000064E004900B9905910C9A00209142069008D2FFE70B990A9A0020914238BF01200690F0
S32500006500FFE7DDF808C0059A04990398DDF818E0012323EA0E03E0470B980C99884223D2DE
S32500006520FFE70B980A9988421ED2FFE70B990C98401A0C900A980B99401A0B900B980C99C8
S32500006540884203D9FFE70C98019002E00B980190FFE701980B900D99D1F80CC04869C96A25
S325000065600B9A0123E047FFE718E00D98006B0C99884212D1FFE70D9890F83400C00758B1CE
S32500006580FFE70D98002202630D99D1F80CC04869C96A0123E047FFE7FFE7FFE7FFE70EB023
S325000065A080BD000080B584B003908DF80B100398283001900198243001210022009200F0C5
S325000065C0B1F8019824309DF80B1001F00102022100F0A8F8009B0398D0F808C0C0689DF845
S325000065E00B10CA0748F20101002A18BF4FF400411A46E04704B080BD80B584B003900398D9
S32500006600283002900298243003210022019200F089F8019A0398D0F808C0C068029901F1D7
S32500006620280348F20301E04704B080BD80B584B0039003982830029002982430042100221D
S32500006640019200F06FF8019B0398D0F808C0C06802990A8C48F20201E04704B080BD0000D5
S3250000666080B58AB00890089828300490049902200290C8760498243000220192114600F006
S3250000668051F801990298049A528CADF81620A1228DF8182020228DF81920ADF81A10ADF82C
S325000066A01C10ADF81E000499086891F8321006AA082303F0B5FE029B03900499086891F8C6
S325000066C032100DF1160203F0ABFE03900398013050B1FFE70499086891F832104FF481726C
S325000066E003F016FF0390FFE70398013038B9FFE704990120C87600208DF827000DE0BDF806
S3250000670016104FF68F7060EA01020499488C1040488401208DF82700FFE79DF827000AB006
S3250000672080BD000082B00190ADF802108DF801209DF8010000F00100019A02F070416FF3CF
S325000067401F5241EA4211BDF8022041EA82014FF00072885202B0704780B58EB00C900B9120
S325000067604EF20000C4F20F0000680021C7F2FF0108400021C1F20501884203D1FFE7002006
S325000067800D90CCE10C98C0F3841008900C9800F0380010280AD1FFE742F20040C0F2F40047
S325000067A00490002003901520089073E00C9800F03800302807D1FFE747F2305004904FF4FA
S325000067C00010039065E00C9800F03800382807D1FFE74FF4004004904FF48000039057E03D
S325000067E09DF8300010F0380F4DD1FFE708981A2804DCFFE70898082803DCFFE700200D9089
S325000068008DE1089945F2F820C0F2020050F8210004904FF440100390039840F0407003902F
S325000068204EF27C00C4F20F00006820F01C0007900898072805DBFFE7079840F0100007909B
S32500006840FFE707984EF27C01C4F20F0108604FF400200690FFE74EF25000C4F20F00006826
S32500006860C005002808D4FFE7069801380690069808B9FFE700E0EEE7069818B9FFE7002087
S325000068800D904CE103E0002004900390FFE7FFE7FFE7FFE79DF8310010F0380F40F0D980D0
S325000068A0FFE79DF8300010F0380F09D0FFE70C9800F03800102803D0FFE700200D902EE198
S325000068C09DF8330000F007000990FFE70998022809DBFFE745F67170C0F2020040F6EE01EA
S325000068E013F0CAFDFFE7FFE747F64000C0F27D1005F0C6F94EF2C001C4F20F0100910860CC
S325000069004EF2B001C4F20F0108684FF60042CEF20F0210400290029840F0004002900298DA
S325000069200860089809380890099A45F2F020C0F2020050F822000B9A10440138B0FBF2F0A9
S325000069400590039A086810430860099844F68C52C0F20202D82100FB0120089B03EB430379
S3250000696000EB830040684EF26413C4F20F031860DDF814C06FF0FF0000EB0C2C186840EA30
S325000069800C001860099800FB0120089901EB410150F821004EF26011C4F20F0101910A68FD
S325000069A002F4000210430860049805F023F940080B900B9805F064F9009A014601981160AE
S325000069C000680002002809D5FFE74EF2B001C4F20F01086840F08040086008E04EF2601143
S325000069E0C4F20F01086840F400000860FFE74FF400400A90FFE70A9801280EDBFFE74EF2FC
S32500006A006810C4F20F000068C00708B1FFE704E0FFE70A9801380A90EDE70A98A8B1FFE771
S32500006A204EF2B001C4F20F01086802900398029A10430122C1F2000210430290029840F086
S32500006A40004002900298086002E000200B90FFE75AE042F20040C0F2F40005F011F94EF246
S32500006A60C001C4F20F0108604EF26011C4F20F01086820F4000008604EF2B001C4F20F0107
S32500006A8008680290029840F2FF32CEF6007210400290029840F000400290029808600B9898
S32500006AA018B9FFE70020059012E004980B99B0FBF1F00590059820B1FFE705980138059052
S32500006AC0FFE7049805990131B0FBF1F00B90FFE70B9805F0D5F84EF2C001C4F20F010860BD
S32500006AE04EF2B001C4F20F0108680290059A039840EA8222029810430290029840F0004046
S32500006B00029002980860FFE74EF2B001C4F20F01086820F4700008600B980D90FFE70D9817
S32500006B200EB080BD01387FF4FDAF704780B582B0FFE74EF21000C4F20F00006810F4401F18
S32500006B4009D1FFE745F67170C0F2020040F6934113F092FCFFE7FFE74EF26000C4F20F00D3
S32500006B600068C002002803D4FFE70020019008E04EF26000C4F20F00006800F4F010019015
S32500006B80FFE7019802B080BD80B582B00190FFE7019838B3FFE70198B0F5801F22D0FFE784
S32500006BA00198B0F5901F1DD0FFE70198B0F5A01F18D0FFE70198B0F5B01F13D0FFE70198D5
S32500006BC0B0F5C01F0ED0FFE70198B0F5D01F09D0FFE745F67170C0F2020040F66E4113F0C3
S32500006BE04BFCFFE7FFE7FFE74EF21000C4F20F00006810F4401F09D1FFE745F67170C0F228
S32500006C00020040F6734113F037FCFFE7FFE74EF26001C4F20F01086820F4F010019A1043A7
S32500006C20086002B080BD000080B582B00190FFE7019805F04FF848B9FFE745F67170C0F28F
S32500006C40020040F2523113F017FCFFE7FFE7019901F47F40C008C9B240EA81014CF2000218
S32500006C60C4F2FC320120885002B080BD80B582B00190FFE7019805F02DF848B9FFE745F68F
S32500006C807170C0F2020040F2812113F0F5FBFFE7FFE7019901F47F40C008C9B240EA81008A
S32500006CA044F20001C4F2FD314058002818BF012002B080BD80B582B00190FFE7019805F0A0
S32500006CC009F848B9FFE745F67170C0F2020040F2053113F0D1FBFFE7FFE7019901F47F40A5
S32500006CE0C008C9B240EA81014AF20002C4F2FC320120885000200090FFE700980F2805D842
S32500006D00FFE7FFE7009801300090F6E7019901F47F40C008C9B240EA81014AF20002C4F23A
S32500006D20FC320020885002B080BD00004EF27001C4F20F01086820F480400860704700005E
S32500006D408DB00B900A914EF20000C4F20F0000680021C7F2FF0108400021C1F20501884287
S32500006D6006D1FFE70A99002008608DF8330052E04EF2B000C4F20F0000680890089800F0F6
S32500006D808050B0F1805F06D0FFE70A99002008608DF833003FE00B98C0F3841009900999BA
S32500006DA045F2F820C0F2020050F8210005904EF26010C4F20F00006807904EF26410C4F2EE
S32500006DC00F000068069007986FF39F2004900798C0F389200390069800F01F0002900698E1
S32500006DE0C0F304200190059904984843039A514300EB9120009002980130019901314143E8
S32500006E000098B0FBF1F0009000980A99086001208DF83300FFE79DF833000DB0704700001A
S32500006E204EF21001CEF20001086840F005000860704700004EF21001CEF20001086840F0C4
S32500006E40020008607047000080B582B00190FFE7019828B1FFE70198B0F1807F08D9FFE7D5
S32500006E6045F6C470C0F20200E22113F005FBFFE7FFE7019801384EF21401CEF200010860C7
S32500006E8002B080BD80B586B00590049105980421009104F025FA00998DF80F009DF80F0031
S32500006EA000F0FC008DF80F009DF80F00049A10438DF80F0005989DF80F2004F043FA0598F4
S32500006EC00721019104F00CFA01998DF80F009DF80F0000F08F008DF80F009DF80F00049AD1
S32500006EE040EA12208DF80F0005989DF80F2004F029FA05980A21029104F0F2F902998DF8CA
S32500006F000F009DF80F0000F01F008DF80F009DF80F00BDF8122010438DF80F0005989DF871
S32500006F200F2004F00FFA06B080BD000080B582B00020C4F2050003F00BFD019001990020A4
S32500006F4002F0C8FE02B080BD80B588B0069005910492039306980290FFE7029848B9FFE728
S32500006F6046F2BD00C0F2020040F21B4113F084FAFFE7FFE7059802380146019103282ED8A6
S32500006F800199DFE801F0020F1F1402980078C00738B9FFE702980499039AFEF73DF907900F
S32500006FA028E01DE00298FDF775FE079022E002980078C00728B1FFE702980499FEF7E0F98F
S32500006FC0FFE70DE002980078C00738B9FFE702980499039AFDF7D8FF07900BE000E0FFE741
S32500006FE00298D0F804C080680599049A039BE0470790FFE7079808B080BD000080B582B004
S325000070000190FFE7019848B9FFE746F2BD00C0F2020040F2653113F02FFAFFE7FFE7019871
S3250000702020300090009803F047FF02B080BD000080B582B00190FFE70198A0B1FFE7019863
S32500007040806980B1FFE70198C06960B1FFE70198006940B1FFE70198C06820B1FFE7019887
S32500007060406848B9FFE746F2BD00C0F202004FF4007113F001FAFFE7FFE7019900204863EF
S32500007080019A02F120009169D26903F053FF019802B080BD80B588B0079006910592FFE722
S325000070A0079830B1FFE7069818B1FFE7059848B9FFE746F2BD00C0F2020040F28F3113F0F5
S325000070C0DBF9FFE7FFE7079820300290029803F0F9FF049004980599884203D2FFE7049815
S325000070E0019002E005980190FFE701980390039830B1FFE702980699039A03F057FFFFE770
S32500007100039808B080BD000080B582B00190FFE7019848B9FFE746F2BD00C0F2020040F2A0
S32500007120EB3113F0A9F9FFE7FFE7019820300090009803F0E3FE02B080BD000080B586B07D
S32500007140059004910392FFE7059818B1FFE7049848B9FFE746F2BD00C0F2020040F22A317F
S3250000716013F08AF9FFE7FFE7FFE705980078C00748B9FFE746F2BD00C0F2020040F22B31D7
S3250000718013F07AF9FFE7FFE7059820300190019803F0B4FE029003980299884203D9FFE797
S325000071A00298009002E003980090FFE700980390039830B1FFE701980499039A03F0AEFFAC
S325000071C0FFE70598FFF74CF9039806B080BD000080B584B0039002910192FFE70398002199
S325000071E0C4F20501884209D0FFE746F26D00C0F2020041F2D90113F03FF9FFE7FFE702983D
S325000072000138019908430399C1F8C80F04B080BD81B000900098D0F8C00F00F00F0001B08D
S325000072207047000080B586B005900491039200200190FFE7059848B1FFE746F2B510C0F2A5
S32500007240020040F6CB0113F017F9FFE7FFE7FFE7049848B9FFE746F2B510C0F2020040F6F5
S32500007260CC0113F009F9FFE7FFE7FFE70498806848B9FFE746F2B510C0F2020040F6CD0164
S3250000728013F0FAF8FFE7FFE7FFE70498006948B9FFE746F2B510C0F2020040F6CE0113F09C
S325000072A0EBF8FFE7FFE7FFE70498806948B9FFE746F2B510C0F2020040F6CF0113F0DCF839
S325000072C0FFE7FFE7049828300290039840B1FFE70298043003990860049803994860FFE74C
S325000072E0029945F2C830C0F202004860029940F25960C2F2000088600020042101AA00F060
S3250000730037FB40F27461C2F20001402008800398C8B9FFE7029944F68450C0F20200C8600A
S32500007320019810280ED1FFE7029944F68850C0F20200C86040F27461C2F200014FF40070B9
S325000073400880FFE718E0029944F67C50C0F20200C860019810280ED1FFE7029944F6805009
S32500007360C0F20200C86040F27461C2F200014FF400700880FFE7FFE70299002008610299A9
S325000073804861029A202182F83310029A102182F83410029A82F83500029B012283F836203D
S325000073A0029A82F83210029A0021C4F20501116002990876029948760299C87602998876A1
S325000073C0029908770299C883029948840299888402990884029981F82F00029981F83000EB
S325000073E0029981F831000299043100F075FA0498006A029908610498406A02994861FEF78A
S3250000740041FC049947F2E170C0F20000FEF7D0FB049806B080BD000080B586B0059004916C
S32500007420059804990022FFF7FDFE0390039878B3FFE740F25960C2F2000001900498008866
S3250000744001990881049840880199488140F25060C2F200000090049880790099C871049813
S3250000746080884008009908720498283002900299102081F83200029944F68450C0F202004A
S32500007480C860059802990431049A00F005FBFFE7039806B080BD000080B58AB008900791B0
S325000074A006928DF81730FFE7089848B9FFE746F2B510C0F2020040F6F52112F0DDFFFFE734
S325000074C0FFE70898283001900199086891F8341003F09EF804909DF81200C00700284AD093
S325000074E0FFE7019890F82F00C00730B9FFE7019890F83000C00748B1FFE7019824300521B0
S325000075000122FFF70FF90020099037E00199086891F8341002F096FE0290069803900199BA
S32500007520086891F83410079A03AB02F0EBFE009003980299884215D1FFE70199086891F8EF
S325000075403410049A02F01CF80199086891F83410012201F0B3FE0198243005210022FFF776
S32500007560E1F8FFE70098013018B1FFE70398099004E0FFE7FFE700200990FFE709980AB0F0
S3250000758080BD000080B588B00690059104928DF80F30FFE7069848B9FFE746F2B510C0F29B
S325000075A0020040F68E2112F067FFFFE7FFE7069828300290049840F27461C2F20001098839
S325000075C0884205D8FFE70298407E012803D0FFE7002007902EE00299086891F83310059AA3
S325000075E0049B02F01DFF019001980130C0B1FFE7049A0299C88C1044C8849DF80F00C0078E
S3250000760068B1FFE70299022048760299086891F833104FF4817202F07BFF0190FFE7FFE714
S325000076200198013018B1FFE70498079002E000200790FFE7079808B080BD000080B586B01A
S325000076400490FFE7049848B9FFE746F2B510C0F2020040F6943112F00FFFFFE7FFE7049803
S3250000766028300190019890F82F00C00730B9FFE7019890F83000C00718B1FFE700200590B9
S3250000768018E00199086891F8341002F0C1FF03909DF80E00C00750B1FFE70199086891F8EC
S325000076A0341002F0CFFD02900298059002E000200590FFE7059806B080BD000080B584B08B
S325000076C00290FFE7029848B9FFE746F2B510C0F2020040F6633112F0CFFEFFE7FFE70298FB
S325000076E0283001900198407E012803D0FFE70020039006E040F27460C2F2000000880390F4
S32500007700FFE7039804B080BD80B588B00690059104920393002001900290FFE702980699CA
S32500007720097888422FD2FFE706984068029950F8211048680988059A01F06EFC0090019853
S32500007740009908440499884214D9FFE702980399086006984068029950F8211048680988CB
S32500007760059A049BDDF804C0A3EB0C0301F01CFC07900BE00099019808440190FFE7029875
S3250000778001300290CAE700200790FFE7079808B080BD000080B584B00390029100200090FF
S325000077A00190FFE7019803990978884213D2FFE703984068019950F8211048680988029ACE
S325000077C001F02AFC0146009808440090FFE7019801300190E6E7009804B080BD83B0029075
S325000077E0002000900190FFE701980299097888420ED2FFE702984068019950F82100018849
S32500007800009808440090FFE7019801300190EBE7009803B07047000080B586B00490039146
S32500007820029201930298013040B9FFE70498039A019B0421FFF768FF059008E004989DF86B
S325000078400C10029A019BFCF7AFF80590FFE7059806B080BD80B58AB008900791069205935A
S3250000786008980799069A02ABFFF7D6FF0490049858B3FFE7059804990979884203D3FFE747
S325000078800020099024E00020019004980390FFE70398C0B1FFE70398407805280CD1FFE72A
S325000078A001980599884203D1FFE7039809900FE0019801300190FFE70898039A02A9FEF7C6
S325000078C00FFA0390E4E7FFE7FFE700200990FFE709980AB080BD000080B582B001900091AF
S325000078E0FFE7019840B1FFE746F26820C0F20200EE2112F0C1FDFFE7FFE7FFE7009840B9A6
S32500007900FFE746F26820C0F20200EF2112F0B4FDFFE7FFE744F6F811C2F200013C200864B8
S325000079204EF20000C4F20F0000680021C7F2FF0108400021C1F20A01884207D1FFE744F611
S32500007940F811C2F200013A200864FFE744F6F811C2F200010020886401228A60CA60087004
S3250000796081F8240081F8380081F8370002B080BD84B003900291019201208DF803000298E4
S32500007980042808D1FFE744F6B430C2F2000000680199086003E000208DF80300FFE79DF8B4
S325000079A0030000F0010004B07047000086B005900491039201208DF80B00049801380146A0
S325000079C0009104285DD80099DFE801F0035B1D3E46000398019001980079C00748B1FFE77B
S325000079E044F6F811C2F20001C86C40F00100C86408E044F6F811C2F20001C86C20F00100D3
S32500007A00C864FFE741E0039800684CF23721CEF2D94148434FEA3020482804D3FFE7002059
S32500007A208DF80B000FE003980068000A45F2C741C0F21E11A0FB0110800A40F27861C2F29F
S32500007A4000010860FFE720E00398006844F6B431C2F20001086018E044F6F811C2F20001A2
S32500007A60012081F8370091F8240000F0FE0081F824000398026891F82400104381F8240055
S32500007A8003E000208DF80B00FFE79DF80B0000F0010006B07047000080B58CB00B900A91C2
S32500007AA00992FFE70B9848B1FFE746F26820C0F202004FF4A47112F0DFFCFFE7FFE7FFE762
S32500007AC00A9848B9FFE746F26820C0F2020040F2491112F0D1FCFFE7FFE70A9844F6F4119B
S32500007AE0C2F200010860099844F6F811C2F2000148640B980A99FFF7EFFEFFE740F2146069
S32500007B00C2F200000078012809D1FFE746F26820C0F202004FF4AB7112F0AEFCFFE7FFE7FF
S32500007B20FFE740F21460C2F200000078042809D1FFE746F26820C0F2020040F2571112F08B
S32500007B409BFCFFE7FFE740F21460C2F200000078032807D1FFE740F21461C2F20001002085
S32500007B600870FFE740F21460C2F200000078022800F0AB80FFE742F60000CFF20000069015
S32500007B80FFF798F80698FFF74FF8FFF7CFF840F27860C2F20000006868B9FFE740F278608A
S32500007BA0C2F2000001680020C4F205004FF44072FFF70EFB0CE040F27860C2F200000168C0
S32500007BC00020C4F205004FF40072FFF701FBFFE744F6B430C2F200000068E8B1FFE700205E
S32500007BE0C4F2050003F070FB44F6B430C2F200000078C006002807D5FFE70020C4F2050091
S32500007C000021FFF73FF906E00020C4F205000121FFF738F9FFE705E00020C4F2050003F06C
S32500007C2047FBFFE740F21460C2F200000078052806D1FFE70020C4F2050001F083FD0DE021
S32500007C4040F21460C2F20000007830B9FFE70020C4F2050003F02AF8FFE7FFE740F214611A
S32500007C60C2F200010020087044F6F810C2F2000090F84C00C007A8B1FFE70020C4F2050006
S32500007C8005900C2101F006FD0598362102F0C4FE059801F039FD44F6F811C2F200010120A3
S32500007CA0886411E00020C4F20500039001F00EFD03980021049101F0EDFC049844F6F8116D
S32500007CC0C2F200018864FFE7FFE7002002F0DEFE44F6F811C2F200010291C863FDF7D2FFC8
S32500007CE002990A988068C96800EB810050F8040C0890089840680068406807900798C07905
S32500007D0000F0C000C0280BD1FFE744F6F811C2F2000191F8240040F0010081F824000AE0A6
S32500007D2044F6F811C2F2000191F8240000F0FE0081F82400FFE740F21460C2F20000007855
S32500007D4002281DD0FFE70020C4F20500019002F0FFFD019802F03EFE01982F2102F058FDCF
S32500007D6001984FF0FF3102F09BFD019801F09CF944F6F810C2F20000006CFDF753FDFFE7C0
S32500007D800CB080BD80B584B0039002910192FFE7039848B1FFE746F26820C0F2020040F2BC
S32500007DA05F2112F069FBFFE7FFE744F6F811C2F20001032008700298886101980862019859
S32500007DC0C86104B080BD000080B584B0039002910192FFE7039848B1FFE746F26820C0F28F
S32500007DE0020040F28E2112F047FBFFE7FFE7029844F6F811C2F2000188610198C8610198B4
S32500007E000862002000F0B6F804B080BD80B582B00190FFE7019848B1FFE746F26820C0F27B
S32500007E20020040F2DF2112F027FBFFE7FFE70020C4F205000022114601F09CFA44F6F811FA
S32500007E40C2F200010520087002B080BD80B586B005900491FFE7049848B9FFE746F268201D
S32500007E60C0F2020040F2576112F006FBFFE7FFE7FFE7059848B9FFE746F26820C0F20200B1
S32500007E804FF4CB6112F0F8FAFFE7FFE7059803900020C4F205000021012201F00FFA0498C8
S32500007EA0007800F01F000146009120B1FFE70098022812D058E004984088C00740B1FFE7C8
S32500007EC0039991F8240000F0FD0081F8240003E00020FFF79BFFFFE74AE00498808800F092
S32500007EE07F00ADF80600BDF8060028B1FFE7BDF80600092804DBFFE70020FFF787FF32E079
S32500007F000498408850BBFFE704980179012080EAD110029003980299C1EBC1010844BDF84D
S32500007F2006100144002081F82400029858B9FFE7BDF8060001010020C4F205004FF4005265
S32500007F4001F092FA09E0BDF8060001010020C4F20500002201F088FAFFE703E00020FFF7A9
S32500007F6055FF05E0FFE703E00020FFF74FFFFFE706B080BD80B584B00390FFE7039848B146
S32500007F80FFE746F26820C0F2020040F6892112F073FAFFE7FFE744F6F810C2F2000001214E
S32500007FA00170C06902900298412803D3FFE740200290FFE744F6F811C2F20001886901907E
S32500007FC0029AC869801AC861029A886910448861019A029B0020C4F20500002102F020FA01
S32500007FE00298402809D1FFE70020C4F2050000214FF4817202F08CFA31E044F6F811C2F207
S325000080000001042008700020C4F2050000214FF4857202F07DFA44F6F410C2F200000068C4
S3250000802000684069D0B1FFE744F6F810C2F20000006A98B1FFE744F6F410C2F200000068D9
S325000080400068426944F6F810C2F200000090016A406C9047009900200862FFE7FFE704B0F0
S3250000806080BD000080B58CB00B90FFE70B9848B1FFE746F26820C0F2020040F6EE2112F08E
S32500008080FBF9FFE7FFE744F6F810C2F200000221017044F6F411C2F200010968896890F8B2
S325000080A0362051F822100391C0690A900A98412803D3FFE740200A90FFE744F6F810C2F2F5
S325000080C00000808E00284DD1FFE744F6F810C2F2000090F83300002844D1FFE744F6F8104A
S325000080E0C2F200008169087A8DF8180008684968059104900398FFF771FBADF812000A981C
S32500008100082803D8FFE70A98019002E009200190FFE701980890089B0020C4F205000021E3
S3250000812004AA02F07DF90398406800680088089988420AD1FFE744F6F811C2F200010020AC
S325000081408886012081F8330007E09DF8200044F6F811C2F200018886FFE70A980899401A19
S32500008160089002E00A980890FFE7FFE70898002845D0FFE70398406844F6F811C2F200017B
S3250000818091F8332050F822000290029800888A8E801A099002984068898E084407900998B7
S325000081A00899884203D9FFE708980990FFE7079A099B0020C4F20500002102F031F909996E
S325000081C00898401A08909DF8242044F6F810C2F20000818E11448186808E029909888842C9
S325000081E00CD1FFE744F6F811C2F2000191F83300013081F8330000208886FFE7B6E70A9AD0
S3250000820044F6F811C2F20001C869801AC8610398007891F83310884207DCFFE744F6F811B7
S32500008220C2F200010020C861FFE744F6F810C2F20000C06998B1FFE70398406844F6F81180
S32500008240C2F2000191F8332050F8220040680790888E08900798089A10448861FFE70A982A
S32500008260402809D1FFE70020C4F2050000214FF4817202F04DF931E00020C4F20500002159
S325000082804FF4857202F044F944F6F410C2F20000006800684069D0B1FFE744F6F810C2F2A7
S325000082A00000006A98B1FFE744F6F410C2F2000000680068426944F6F810C2F2000000902C
S325000082C0016A406C9047009900200862FFE744F6F811C2F2000104200870FFE70CB080BD2E
S325000082E080B584B003900291FFE7029848B9FFE746F26820C0F2020040F6051112F0BCF80C
S32500008300FFE7FFE7FFE7039848B9FFE746F26820C0F2020040F6061112F0AEF8FFE7FFE7EE
S32500008320039800900020C4F205000022114600F0C5FF00984068C00F20B1FFE700208DF899
S32500008340070004E0009880688DF80700FFE700990120C86100990DF1070088610020FFF7BA
S3250000836009FE04B080BD000080B58CB00B900A91FFE70A9848B9FFE746F26820C0F2020075
S3250000838040F29C7112F078F8FFE7FFE7FFE70B9848B9FFE746F26820C0F2020040F29D7136
S325000083A012F06AF8FFE7FFE70B98089044F6F410C2F20000006807900020C4F2050000225E
S325000083C00192114600F07AFF01988DF827000A984088000A01460291012808D0FFE7029830
S325000083E002280ED0FFE70298032844D061E007984068089988610798406800780899C86115
S325000084006CE00A9840888DF813000798406805909DF813000599497C88420ADBFFE700206C
S325000084200090FFF7F3FC0098089988610899C86120E0079880689DF8131050F82100069097
S325000084400899002081F83300089988860698406800684068089988610698FFF7BFF908992D
S32500008460C8619DF81300089981F8360001208DF82700FFE732E00A998888897800F014FD5B
S3250000848003900398013020B9FFE70020FFF7BEFC24E00798C068039950F82100089988618E
S325000084A00798C068039950F8210000780899C86114E007980068006858B1FFE7079800684F
S325000084C0026844F6F810C2F20000406C0A99904703E00020FFF79AFCFFE71DE00898806915
S325000084E0D0B1FFE70898C0690A99C988884205D9FFE70A98C0880899C861FFE79DF827006E
S32500008500C00720B9FFE70020FFF734FD03E00020FFF7A8FDFFE7FFE70CB080BD80B584B0BC
S3250000852003900291FFE7029848B9FFE746F26820C0F2020040F6A91111F09EFFFFE7FFE7DA
S32500008540FFE7039848B9FFE746F26820C0F2020040F6AA1111F090FFFFE7FFE703980090C1
S325000085600020C4F205000022114600F0A7FE00984068C00F20B1FFE700208DF8070011E0A9
S3250000858002988088072808DCFFE70098029989880844007C8DF8070003E00020FFF736FC77
S325000085A00BE0FFE700990120C86100990DF1070088610020FFF7DEFCFFE704B080BD0000B3
S325000085C080B586B005900491FFE7049848B9FFE746F26820C0F2020040F2D35111F04CFF81
S325000085E0FFE7FFE7FFE7059848B9FFE746F26820C0F2020040F2D45111F03EFFFFE7FFE76A
S32500008600059801900020C4F205000022114600F055FE0498007800F01F000146009140B1A3
S32500008620FFE7009801280AD0FFE7009802280AD030E0019890F82400ADF80E002EE00020FB
S32500008640ADF80E002AE00498808800F07F00ADF80C00BDF80C0028B1FFE7BDF80C00082822
S3250000866004DBFFE70020FFF7D1FB22E004980179012080EAD110029001980299C1EBC10195
S325000086800844BDF80C10084490F82400ADF80E00FFE703E00020FFF7B9FB0AE001990220D3
S325000086A0C86101990DF10E0088610020FFF762FCFFE706B080BD000080B584B00390029120
S325000086C00192FFE703980021C4F20501884209D0FFE746F26D00C0F2020041F2AB2111F0C1
S325000086E0CBFEFFE7FFE7FFE70298082809D3FFE746F26D00C0F2020041F2AC2111F0BCFE59
S32500008700FFE7FFE701980399029A01EB0211C1F8080204B080BD000080B584B00390029174
S3250000872001920093FFE703980021C4F20501884209D0FFE746F26D00C0F2020041F2192160
S3250000874011F09AFEFFE7FFE7FFE70298082809D3FFE746F26D00C0F2020041F21A2111F074
S325000087608BFEFFE7FFE7FFE701986FF07001084209D0FFE746F26D00C0F2020041F21B217E
S3250000878011F07AFEFFE7FFE70398029900EB01110020C1F804020098019908430399029AC7
S325000087A001EB0211C1F8040204B080BD80B584B0039002910192FFE703980021C4F2050184
S325000087C0884209D0FFE746F26D00C0F2020041F2013111F051FEFFE7FFE7FFE70298082880
S325000087E009D3FFE746F26D00C0F2020041F2023111F042FEFFE7FFE701980399029A01EB28
S325000088000211C1F80C0204B080BD000080B582B001900091FFE701980021C4F205018842D8
S3250000882009D0FFE746F26D00C0F2020041F2CB1111F022FEFFE7FFE7FFE70098082809D394
S32500008840FFE746F26D00C0F2020041F2CC1111F013FEFFE7FFE70198009900EB0111D1F8ED
S32500008860040220F00100C1F8040202B080BD000080B582B001900091FFE701980021C4F24E
S325000088800501884209D0FFE746F26D00C0F2020041F2A31111F0F0FDFFE7FFE7FFE70098CB
S325000088A0082809D3FFE746F26D00C0F2020041F2A41111F0E1FDFFE7FFE70198009900EBB7
S325000088C00111D1F8040240F00100C1F8040202B080BD000080B582B001900091FFE70198CA
S325000088E00021C4F20501884209D0FFE746F26D00C0F2020041F2581111F0BEFDFFE7FFE78F
S32500008900FFE70098082809D3FFE746F26D00C0F2020041F2591111F0AFFDFFE7FFE70198D9
S32500008920009900EB0111D1F8040220F00800C1F8040202B080BD000080B582B0019000917D
S32500008940FFE701980021C4F20501884209D0FFE746F26D00C0F2020041F2311111F08CFDD4
S32500008960FFE7FFE7FFE70098082809D3FFE746F26D00C0F2020041F2321111F07DFDFFE785
S32500008980FFE70198009900EB0111D1F8040240F00800C1F8040202B080BD000080B582B0A0
S325000089A00190FFE701980021C4F20501884209D0FFE746F26D00C0F202004FF48C5111F0C1
S325000089C05BFDFFE7FFE70198D0F8000202B080BD80B582B001900091FFE701980021C4F23C
S325000089E00501884209D0FFE746F26D00C0F2020041F24A2111F040FDFFE7FFE7FFE7009863
S32500008A00082809D3FFE746F26D00C0F2020041F24B2111F031FDFFE7FFE70198009900EB4E
S32500008A200110D0F8040200F4807002B080BD000080B584B0039044F65832C2F20002019275
S32500008A40402002900020C4F20500002102AB01F059FC029808B9FFE744E00198007810F0B9
S32500008A60600F1DD0FFE744F6F410C2F2000000680068406878B1FFE744F6F410C2F2000043
S32500008A8000680068426844F6F810C2F20000406C0199904703E00020FFF7B8F9FFE721E0B2
S32500008AA0019840780C2818D8FFE70198417845F25410C0F2020050F8210070B1FFE70199AA
S32500008AC04A7845F25410C0F2020050F8222044F6F810C2F20000904703E00020FFF796F9A0
S32500008AE0FFE7FFE704B080BD80B584B003900291FFE7029848B9FFE746F26820C0F2020049
S32500008B0040F25D7111F0B8FCFFE7FFE7FFE7039848B9FFE746F26820C0F2020040F25E71F1
S32500008B2011F0AAFCFFE7FFE7039801900020C4F205000021012200F0C1FB0298408800F172
S32500008B4000400199486001990420087004B080BD80B586B0059004910598039044F6F41063
S32500008B60C2F20000006802900020C4F205000021012200F0A3FB0498408802994968497C1F
S32500008B80884204DDFFE70020FFF740F951E0049840880399886003988068C0B3FFE7029860
S32500008BA080680499498800EB810050F8040C019001984068006840680090039890F83700C9
S32500008BC0C007C0B9FFE70098C07900F0C000C02808D1FFE7039991F8240040F0010081F84E
S32500008BE0240007E0039991F8240000F0FE0081F82400FFE7FFE7039802998968049A528825
S32500008C0001EB820151F8041C00F0B8FDFFE702980068C06860B1FFE702980068C26844F664
S32500008C20F810C2F20000406C039989689047FFE7FFE706B080BD000080B584B00390029114
S32500008C400020C4F2050000220192114600F036FB0198FFF7DBF804B080BD000080B586B048
S32500008C6005900491FFE7049848B9FFE746F26820C0F2020040F2E26111F0FEFBFFE7FFE7AC
S32500008C80FFE7059848B9FFE746F26820C0F2020040F2E36111F0F0FBFFE7FFE70598039092
S32500008CA00020C4F205000021012200F007FB0498007800F01F000146009120B1FFE7009853
S32500008CC0022812D03FE004984088C00740B1FFE7039991F8240040F0020081F8240003E066
S32500008CE00020FFF793F8FFE731E00498808800F07F00ADF80A00BDF80A0028B1FFE7BDF8E1
S32500008D000A00082804DBFFE70020FFF77FF819E00498408888B9FFE704980179012080EA9C
S32500008D20D11101910399019AC2EBC2021144BDF80A20114481F8240003E00020FFF766F894
S32500008D4005E0FFE703E00020FFF760F8FFE706B080BD000080B58CB00B900A91FFE70A98E9
S32500008D6048B9FFE746F26820C0F2020040F6FD1111F082FBFFE7FFE7FFE70B9848B9FFE794
S32500008D8046F26820C0F2020040F6FE1111F074FBFFE7FFE70B98039044F6F410C2F20000B0
S32500008DA0006802900020C4F2050000210191012200F084FA029880680399896800EB810019
S32500008DC050F8040C099009980421FEF7E3FC0146019805910790FFE70798059988425CD2DA
S32500008DE0FFE7099807994FF0FF3206ABFEF714FD0890089800284BD0FFE7089880780A9983
S32500008E008988884244D1FFE70898C0780A99498888423DD1FFE7089880788DF81300FFE756
S32500008E209DF81300082809DBFFE746F26820C0F2020040F6312111F01FFBFFE7FFE7089807
S32500008E40C07803999DF8132011440874039809999DF81320089BDB7800F0CEFD8DF8120052
S32500008E609DF81200C00790B1FFE702980068806868B1FFE702980068836844F6F810C2F28B
S32500008E800000406C0A998A7809799847FFE708E0FFE70798013007909EE70020FEF7B6FFB0
S32500008EA0FFE70CB080BD000086B0ADF81200ADF8101044F6F410C2F20000006840B1FFE7EA
S32500008EC044F6F410C2F200000068C06820B9FFE74FF0FF30059052E0BDF8100018B9FFE79A
S32500008EE0002005904BE044F6F411C2F200010868C06800680078023800EBD07040100290D9
S32500008F00086800690138029AB0FBF2F001900198029A5043013009680969884204D0FFE71F
S32500008F204FF0FF3005902AE044F6F410C2F200000068C0680068039000200090FFE7009873
S32500008F400299884217D2FFE70398009900EB41004088BDF81210884208D1FFE7019800991D
S32500008F60BDF8102000FB0120059008E0FFE7009801300090E3E74FF0FF300590FFE70598DE
S32500008F8006B0704780B584B0039002910020C4F2050000210191012200F090F90198FEF717
S32500008FA035FF04B080BD000088B0069005910492039306980290002001900090FFE7019806
S32500008FC00599884221D2FFE70498013038B1FFE7029840789DF8101088420CD1FFE7009882
S32500008FE00399884203D1FFE70298079010E0009801300090FFE70298017801980844019062
S325000090000298017808440290D9E700200790FFE7079808B07047000086B0059004910392F9
S3250000902005980290002001900090FFE701980499884219D2FFE70398013038B1FFE70298CE
S3250000904040789DF80C10884204D1FFE7009801300090FFE7029801780198084401900298BA
S32500009060017808440290E1E7009806B07047000080B582B001900091FFE701980021C4F2E7
S325000090800501884209D0FFE746F26D00C0F2020040F21B6111F0F0F9FFE7FFE7009801994C
S325000090A0087002B080BD000080B582B00190FFE701980021C4F20501884209D0FFE746F22E
S325000090C06D00C0F2020040F2E15111F0D5F9FFE7FFE70199487840F04000487002B080BDF9
S325000090E080B582B00190FFE701980021C4F20501884209D0FFE746F26D00C0F2020040F202
S32500009100FE5111F0B9F9FFE7FFE70199487800F0BF00487002B080BD80B586B00590049136
S3250000912003920293FFE705980021C4F20501884209D0FFE746F26D00C0F2020040F60E0178
S3250000914011F09AF9FFE7FFE7FFE70498102821D0FFE7049820281DD0FFE70498302819D084
S32500009160FFE70498402815D0FFE70498502811D0FFE7049860280DD0FFE70498702809D065
S32500009180FFE746F26D00C0F2020040F6120111F073F9FFE7FFE79DF809008006002840D5A7
S325000091A0FFE70398059A04991144A1F80001002001909DF80800C00728B1FFE7019840F060
S325000091C080000190FFE79DF80800C006002805D5FFE7019840F0140001900BE09DF8080051
S325000091E00007002805D5FFE7019840F010000190FFE7FFE79DF80900800728B9FFE70198BF
S3250000920040F040000190FFE70198059A0499114481F80301059904980144402081F802015F
S3250000922049E00398059A04991144A1F80401002001909DF808004007002803D5FFE780201A
S325000092400190FFE79DF80800C006002805D5FFE7019840F0280001900BE09DF80800000735
S32500009260002805D5FFE7019840F020000190FFE7FFE79DF808008006002805D5FFE7019816
S3250000928040F010000190FFE79DF80900800728B9FFE7019840F040000190FFE70198059A6D
S325000092A00499114481F80701059904980144802081F80601FFE706B080BD000080B584B054
S325000092C0039002918DF80720FFE703980021C4F20501884209D0FFE746F26D00C0F2020076
S325000092E040F6573111F0C8F8FFE7FFE7FFE7029828B3FFE70298102821D0FFE70298202851
S325000093001DD0FFE70298302819D0FFE70298402815D0FFE70298502811D0FFE702986028EB
S325000093200DD0FFE70298702809D0FFE746F26D00C0F2020040F65B3111F09EF8FFE7FFE7F5
S32500009340029858B9FFE79DF80700C1074020002918BF4820039981F8020109E00399029813
S32500009360014491F8060100F0FE0081F80601FFE704B080BD80B584B0039002910192FFE7C5
S3250000938003980021C4F20501884209D0FFE746F26D00C0F202004FF4AC6111F06DF8FFE7D1
S325000093A0FFE7FFE701986FF40051084209D0FFE746F26D00C0F2020040F2615111F05CF8F3
S325000093C0FFE7FFE7FFE7029828B3FFE70298102821D0FFE7029820281DD0FFE7029830282A
S325000093E019D0FFE70298402815D0FFE70298502811D0FFE7029860280DD0FFE702987028DB
S3250000940009D0FFE746F26D00C0F2020040F2655111F032F8FFE7FFE7029840B9FFE703993A
S3250000942091F8020140F0600081F8020119E00198B0F5005F0AD1FFE703990298014491F833
S32500009440020140F0100081F8020109E003990298014491F8060140F0200081F80601FFE79D
S32500009460FFE704B080BD000080B584B0039002910192FFE703980021C4F20501884209D0EC
S32500009480FFE746F26D00C0F2020040F29E5110F0F3FFFFE7FFE7FFE7029828B3FFE70298CD
S325000094A0102821D0FFE7029820281DD0FFE70298302819D0FFE70298402815D0FFE70298BA
S325000094C0502811D0FFE7029860280DD0FFE70298702809D0FFE746F26D00C0F2020040F2E6
S325000094E0A25110F0C9FFFFE7FFE7FFE701986FF40051084209D0FFE746F26D00C0F202004A
S3250000950040F2A35110F0B8FFFFE7FFE7029840B9FFE7039991F8020100F0FB0081F8020194
S325000095202BE00198B0F5005F13D1FFE703990298014491F8020100F0CF0081F802010399D5
S325000095400298014491F8020140F0400081F8020112E003990298014491F8060100F09F0022
S3250000956081F8060103990298014491F8060140F0800081F80601FFE7FFE704B080BD00006D
S3250000958080B584B0039002910192FFE703980021C4F20501884209D0FFE746F26D00C0F265
S325000095A002004FF4896110F067FFFFE7FFE7FFE7029828B3FFE70298102821D0FFE70298C0
S325000095C020281DD0FFE70298302819D0FFE70298402815D0FFE70298502811D0FFE7029869
S325000095E060280DD0FFE70298702809D0FFE746F26D00C0F2020040F24C4110F03DFFFFE7EF
S32500009600FFE7029850BBFFE79DF80400C00740B1FFE7039991F8020140F0400081F8020188
S32500009620FFE79DF80400C006002808D5FFE7039991F8020140F0800081F80201FFE79DF825
S3250000964004004007002808D5FFE7039991F8020100F0FB0081F80201FFE718E00199DB20CC
S3250000966060EA010203990298014491F80201104081F80201019800F4980203990298014422
S3250000968091F8060120EA124081F80601FFE704B080BD000080B582B001900091FFE7019879
S325000096A00021C4F20501884209D0FFE746F26D00C0F2020041F2385110F0DEFEFFE7FFE781
S325000096C00098019981F8620302B080BD80B582B00190FFE701980021C4F20501884209D08E
S325000096E0FFE746F26D00C0F2020041F2905110F0C3FEFFE7FFE7019991F8620300F0FE000E
S3250000970081F8620302B080BD80B582B00190FFE701980021C4F20501884209D0FFE746F261
S325000097206D00C0F2020041F2645110F0A5FEFFE7FFE7019991F8620340F00D0081F8620308
S3250000974002B080BD80B582B00190FFE701980021C4F20501884209D0FFE746F26D00C0F2E0
S32500009760020040F6C27110F087FEFFE7FFE70199032081F81C0402B080BD000080B59EB05F
S325000097801C901B91FFE71C9840B9FFE746F20D20C0F20200C82110F06FFEFFE7FFE7FFE7D1
S325000097A01B9840B9FFE746F20D20C0F20200CD2110F062FEFFE7FFE700201A90FFE71A987C
S325000097C006280ED8FFE71A9A01A9002041F832001A9A01EBC2014860FFE71A9801301A9022
S325000097E0EDE71B980521FDF7D5FF14901B980421FDF7D0FF189000201A90FFE71A981499F8
S3250000980088423CD2FFE71B981A9A052111ABFDF77BFF0F900F98807800F00F0017900F9842
S325000098208178012080EAD11016901798072803D8FFE7179820B9FFE700208DF87700D6E038
S325000098400F988088179A01A901EBC201169A01EB820151F8081C88420CD9FFE70F98808879
S32500009860179A01A901EBC201169A01EB820141F8080CFFE7FFE71A9801301A90BEE700204E
S325000098801A90FFE71A981899884247D2FFE71B981A994FF0FF3211ABFDF7BEFF109010987B
S325000098A0B8B3FFE71098C07898BBFFE710980079149000201990FFE719981499884227D2A3
S325000098C0FFE71B98109A9178D278199BFDF7C2FF0F900F98B8B1FFE70F9817A915AA13AB0A
S325000098E0FBF740F9179820B9FFE700208DF877007DE017980101159A139B0020C4F2050067
S32500009900FFF70AFCFFE7FFE7199801301990D3E7FFE7FFE71A9801301A90B3E74020199038
S3250000992001201A90FFE71A9807285CD8FFE71A9901A800EBC10050F8080C20B3FFE71A99A5
S3250000994001A800EBC10050F8080C12A9FBF746F91590129820B9FFE700208DF8770046E014
S325000099601A980101199A159BEC464FF40050CCF800000020C4F2050000F0A6FE1299199876
S3250000998008441990FFE71A9901A800EBC10050F8040C18B3FFE71A9901A800EBC10050F885
S325000099A0040C12A9FBF71AF91590129820B9FFE700208DF877001AE01A980101199A159B96
S325000099C0EC460020CCF800000020C4F2050000F07BFE1299199808441990FFE7FFE71A9858
S325000099E001301A909FE701208DF87700FFE79DF877001EB080BD000080B58EB00C900B913B
S32500009A008DF82B208DF82A300B980421FDF7C2FE099000200790FFE707980999884255D2AD
S32500009A20FFE70B9807994FF0FF3203ABFDF7F4FE01900198002844D0FFE7019880789DF881
S32500009A402B1088423DD1FFE70198C0789DF82A10884236D1FFE70198007908900020069050
S32500009A60FFE706980899884227D2FFE70B98019A9178D278069BFDF7EDFE00900098B8B170
S32500009A80FFE7009802A905AA04ABFBF76BF8029820B9FFE700208DF837001BE00298010118
S32500009AA0059A049B0020C4F20500FFF735FBFFE7FFE7069801300690D3E701208DF8370099
S32500009AC008E0FFE7079801300790A5E700208DF83700FFE79DF837000EB080BD80B586B0CB
S32500009AE005900020C4F20500002100F091FD04900598007801460291052800F2A2800299F2
S32500009B00DFE801F0222C3034038C05990020087005984068C00F68B1FFE70599486820F09F
S32500009B2000404860059841680020C4F20500FFF79FFAFFE79DF81000C00720B1FFE700205E
S32500009B40FEF776FFFFE787E09DF81000C00720B1FFE70020FEF76CFFFFE77DE00020FEF74D
S32500009B6009FA79E00020FEF77DFA75E00598C069412803D3FFE74020039003E00598C0691B
S32500009B800390FFE7059882690020C4F20500002103AB00F0B7FB0598C0693F282BD8FFE75C
S32500009BA005990420087044F6F410C2F20000006800680069B8B1FFE70598006A98B1FFE7B5
S32500009BC044F6F410C2F2000000680068026944F6F810C2F20000406C0599096A904705992A
S32500009BE000200862FFE70020C4F2050000210122FFF764FB07E00020C4F205000022114640
S32500009C00FFF75CFBFFE7039A0599886910448861039A0599C869801AC8611DE09DF81000D1
S32500009C20400700280CD5FFE70020C4F20500002101910422FFF7A4FC019805990870FFE709
S32500009C400AE0FFE746F26820C0F202004FF4B16110F012FCFFE7FFE706B080BD80B582B031
S32500009C600190019991F8240000F0FD0081F824000199002081F8380044F6F410C2F200001F
S32500009C8000680068806970B1FFE744F6F410C2F2000000680068816944F6F810C2F200005C
S32500009CA0406C8847FFE70199C868886000200090FFE7009807280AD8FFE7019800990144EF
S32500009CC000200874FFE7009801300090F1E702B080BD000080B586B00590049144F6F41009
S32500009CE0C2F20000006830B9FFE70020C4F20500FFF7F6F94DE144F6F810C2F20000406CE3
S32500009D0003909DF810004007002807D5FFE744F6F810C2F20000FFF7A1FFFFE79DF81000BD
S32500009D20C007A0B1FFE744F6F410C2F2000000680068C06950B1FFE744F6F410C2F200005B
S32500009D4000680068C16903988847FFE7FFE79DF810008007002814D5FFE744F6F410C2F2B8
S32500009D60000000680068006A50B1FFE744F6F410C2F2000000680068016A03988847FFE73F
S32500009D80FFE79DF810008006002814D5FFE744F6F410C2F2000000680068406A50B1FFE762
S32500009DA044F6F410C2F2000000680068416A03988847FFE7FFE79DF810000007002825D52C
S32500009DC0FFE744F6B831C2F2000108680130086040F6CC31C2F20001009108680130086034
S32500009DE044F6F810C2F2000000F0D6F80098006805280AD1FFE740F6CC31C2F200010020B3
S32500009E0008600520FBF70CFFFFE7FFE70020C4F2050000F021FE019044F6F810C2F2000075
S32500009E20806C022827D1FFE7019800F01400102821D1FFE744F6F410C2F2000000680068B9
S32500009E40C06A60B1FFE744F6F410C2F2000000680068C36A0398152100229847FFE744F6FA
S32500009E60F811C2F20001012088640020C4F20500FFF74AFC47E044F6F810C2F20000806CF1
S32500009E80012822D1FFE7019800F0140004281CD1FFE744F6F410C2F2000000680068C06A32
S32500009EA060B1FFE744F6F410C2F2000000680068C36A0398142100229847FFE744F6F811BC
S32500009EC0C2F20001022088641CE09DF804008007002816D5FFE744F6F410C2F2000000684A
S32500009EE00068C06A60B1FFE744F6F410C2F2000000680068C36A0398162100229847FFE72B
S32500009F00FFE7FFE7FFE70020C4F2050000F062FD04909DF81000C00758B1FFE744F6F8102E
S32500009F20C2F20000FFF7DAFD049820F001000490FFE744F6F810C2F20000C06BD0F8FC107E
S32500009F4088470290029850B1FFE744F6F810C2F20000C06BD0F8F82002999047FFE744F686
S32500009F60F410C2F2000000680068806A88B1FFE7049818B9FFE7029858B1FFE744F6F41030
S32500009F80C2F2000000680068826A039804999047FFE706B080BD000080B582B0019044F631
S32500009FA0F810C2F2000090F83800C00700283ED0FFE744F6F810C2F2000090F83910013143
S32500009FC080F8391090F839000A2807D1FFE70020C4F20500002100F0F1FBFFE744F6F81009
S32500009FE0C2F2000090F8390014281FD1FFE744F6F811C2F20001002081F8380044F6F410CD
S3250000A000C2F2000000680068006A70B1FFE744F6F410C2F2000000680068016A44F6F810D6
S3250000A020C2F20000406C8847FFE7FFE7FFE702B080BD000080B584B0039002910192FFE742
S3250000A04003980021C4F20501884209D0FFE746F26D00C0F2020040F6717110F00DFAFFE79B
S3250000A060FFE7FFE70298102821D0FFE7029820281DD0FFE70298302819D0FFE702984028ED
S3250000A08015D0FFE70298502811D0FFE7029860280DD0FFE70298702809D0FFE746F26D009B
S3250000A0A0C0F2020040F6757110F0E6F9FFE7FFE7FFE70198062809D3FFE746F26D00C0F259
S3250000A0C0020040F6767110F0D7F9FFE7FFE7019881000F20884000900398D0F850040099CE
S3250000A0E088430090029800090199890000FA01F100980843009000980399C1F8500404B0E5
S3250000A10080BD000084B00390029101929DF805008006002824D5FFE703990298084490F8DE
S3250000A120030100F07B0000909DF80400C006002805D5FFE7009840F004000090FFE79DF8FC
S3250000A1400400C00728B1FFE7009840F080000090FFE70098039A0299114481F803012FE000
S3250000A16003990298084490F8070100F0370000909DF80400C006002805D5FFE7009840F001
S3250000A18008000090FFE79DF804004007002805D5FFE7009840F080000090FFE79DF804001C
S3250000A1A08007002805D5FFE7009840F040000090FFE70098039A0299114481F80701FFE720
S3250000A1C004B0704783B00290019100929DF80100800600280AD5FFE702990198014491F81A
S3250000A1E0030100F0EF0081F8030109E002990198014491F8070100F0DF0081F80701FFE7D0
S3250000A20003B0704783B00290019100929DF80100800600280AD5FFE702990198014491F8DA
S3250000A220030140F0100081F8030109E002990198014491F8070140F0200081F80701FFE7AD
S3250000A24003B0704780B584B002900191FFE702980021C4F20501884209D0FFE746F26D0076
S3250000A260C0F2020040F6B22110F006F9FFE7FFE7FFE7019828B3FFE70198102821D0FFE768
S3250000A280019820281DD0FFE70198302819D0FFE70198402815D0FFE70198502811D0FFE7A0
S3250000A2A0019860280DD0FFE70198702809D0FFE746F26D00C0F2020040F6B62110F0DCF88A
S3250000A2C0FFE7FFE7019820B9FFE74FF48170009004E0019800F583700090FFE70298009982
S3250000A2E0405AC00718B9FFE70020039006E0029801990844B0F808010390FFE7039804B0AE
S3250000A30080BD000080B58AB00890079106920593FFE708980021C4F20501884209D0FFE73F
S3250000A32046F26D00C0F2020040F6F32110F0A4F8FFE7FFE7FFE7079828B3FFE707981028EF
S3250000A34021D0FFE7079820281DD0FFE70798302819D0FFE70798402815D0FFE707985028B7
S3250000A36011D0FFE7079860280DD0FFE70798702809D0FFE746F26D00C0F2020040F6F72189
S3250000A38010F07AF8FFE7FFE7079820B9FFE74FF48170049004E0079800F583700490FFE76E
S3250000A3A008980499405AC00738B9FFE70599002008604FF0FF3009902FE00898079908445A
S3250000A3C0B0F808010390039805990968884203D2FFE70398019003E0059800680190FFE779
S3250000A3E0019803900398059908600898079900EB910020300290FFE7039858B1FFE70298E2
S3250000A400007806994A1C06920870FFE7039801380390F1E700200990FFE709980AB080BD4D
S3250000A42080B588B00690059104920393FFE706980021C4F20501884209D0FFE746F26D00C2
S3250000A440C0F2020040F6BB3110F016F8FFE7FFE7FFE7059828B3FFE70598102821D0FFE756
S3250000A460059820281DD0FFE70598302819D0FFE70598402815D0FFE70598502811D0FFE7AE
S3250000A480059860280DD0FFE70598702809D0FFE746F26D00C0F2020040F6BF310FF0ECFF71
S3250000A4A0FFE7FFE7059820B9FFE702208DF8070003E001208DF80700FFE7069805990844C2
S3250000A4C090F802019DF807100840000620B1FFE74FF0FF30079017E00698059900EB910086
S3250000A4E020300290FFE7039858B1FFE70498411C0491007802990870FFE70398013803909E
S3250000A500F1E700200790FFE7079808B080BD000080B586B0049003910292FFE70498002162
S3250000A520C4F20501884209D0FFE746F26D00C0F2020040F60B410FF09FFFFFE7FFE7FFE7A6
S3250000A540039828B3FFE70398102821D0FFE7039820281DD0FFE70398302819D0FFE70398DC
S3250000A560402815D0FFE70398502811D0FFE7039860280DD0FFE70398702809D0FFE746F2B8
S3250000A5806D00C0F2020040F60F410FF075FFFFE7FFE7039878B9FFE7049890F8020180076F
S3250000A5A0002804D5FFE74FF0FF3005901CE09DF8080001900FE004980399084490F8020183
S3250000A5C0C00720B1FFE74FF0FF3005900CE09DF809000190FFE701980499039A114481F852
S3250000A5E0020100200590FFE7059806B080BD000083B00290019100920098029A019B6FF00F
S3250000A600030101EA93011144C1F8000303B0704780B584B003900291FFE703980021C4F24F
S3250000A6200501884209D0FFE746F26D00C0F2020040F2EA310FF020FFFFE7FFE7FFE7029875
S3250000A64028B3FFE70298102821D0FFE7029820281DD0FFE70298302819D0FFE70298402812
S3250000A66015D0FFE70298502811D0FFE7029860280DD0FFE70298702809D0FFE746F26D00B5
S3250000A680C0F2020040F2EE310FF0F6FEFFE7FFE7039902980844B0F80201019003990298FC
S3250000A6A00844B0F80611019840EA01400190019804B080BD82B0019000910198009900EBF9
S3250000A6C09100203002B0704780B586B0DDF820C00590049103920293FFE705980021C4F25C
S3250000A6E00501884209D0FFE746F26D00C0F2020040F661110FF0C0FEFFE7FFE7FFE70498B9
S3250000A700102821D0FFE7049820281DD0FFE70498302819D0FFE70498402815D0FFE704983F
S3250000A720502811D0FFE7049860280DD0FFE70498702809D0FFE746F26D00C0F2020040F66B
S3250000A74065110FF099FEFFE7FFE79DF821008006002818D5FFE7059804990909029BEC46C9
S3250000A7600122CCF80020622201F0E4FD059804990909039AD308EC460222CCF800206422F2
S3250000A78001F0D8FD17E0059804990909029BEC460122CCF80020632201F0CCFD059804995B
S3250000A7A00909039AD308EC460222CCF80020662201F0C0FDFFE706B080BD000080B582B059
S3250000A7C001908DF80310FFE701980021C4F20501884209D0FFE746F26D00C0F202004FF4C9
S3250000A7E0BB710FF049FEFFE7FFE79DF80300C00730B1FFE70199487840F00400487005E0C4
S3250000A8000199487800F0FB004870FFE702B080BD80B582B001900091FFE701980021C4F281
S3250000A8200501884209D0FFE746F26D00C0F2020040F236210FF020FEFFE7FFE7FFE700983A
S3250000A840800A48B1FFE746F26D00C0F2020040F237210FF011FEFFE7FFE79DF8000030B156
S3250000A860FFE7009A0199C87A1043C872FFE79DF80100C00728B1FFE701990120C1F8080467
S3250000A880FFE79DF801008007002807D5FFE740F24841C4F2050101200860FFE702B080BDF0
S3250000A8A080B582B001900091FFE701980021C4F20501884209D0FFE746F26D00C0F20200CB
S3250000A8C04FF43B710FF0D8FDFFE7FFE7009A0199C8881043C880009A6FF31002019908898B
S3250000A8E040EA1240088102B080BD000080B584B003900291FFE703980021C4F205018842A7
S3250000A90009D0FFE746F26D00C0F2020040F263310FF0B2FDFFE7FFE7039801F069FD019056
S3250000A920FFE7019848B9FFE746F26D00C0F2020040F267310FF0A0FDFFE7FFE701980299EC
S3250000A940FBF7D8F80198FAF76DFF04B080BD000080B582B00190FFE701980021C4F20501F4
S3250000A960884209D0FFE746F26D00C0F2020040F283210FF081FDFFE7FFE70198807A0090AD
S3250000A9800198D0F80C04C00760B1FFE7009840F480700090019991F80C0440F0010081F859
S3250000A9A00C04FFE740F24C40C4F205000068C00768B1FFE7009840F40070009040F24C4169
S3250000A9C0C4F20501086840F001000860FFE7009802B080BD80B582B00190FFE701980021A7
S3250000A9E0C4F20501884209D0FFE746F26D00C0F2020040F217310FF03FFDFFE7FFE7019899
S3250000AA004088009001988188009840EA01400090009802B080BD000080B582B00190009193
S3250000AA20FFE701980021C4F20501884209D0FFE746F26D00C0F2020041F2C1610FF01CFD65
S3250000AA40FFE7FFE7009A019991F86303104381F8630302B080BD000080B582B00190FFE702
S3250000AA6001980021C4F20501884209D0FFE746F26D00C0F2020041F278610FF0FDFCFFE78E
S3250000AA80FFE7019890F8640302B080BD80B586B00490FFE7049848B1FFE746F2C120C0F228
S3250000AAA0020040F25B510FF0E7FCFFE7FFE744F64820C2F2000000680021C4F2050188429D
S3250000AAC006D1FFE744F64820C2F200000590E9E044F64821C2F2000102910020C4F2050039
S3250000AAE008603C2048604FF6D970C0F20100C1F8D80040F2C900C0F20200C1F8DC0040F29C
S3250000AB005D20C0F20200C1F8E40040F2DD20C0F20200C1F8E00040F29130C0F20200C1F885
S3250000AB20F40040F28530C0F20200C1F8F00040F29D30C0F20200C1F8E80040F27940C0F2E6
S3250000AB400200C1F8EC0047F62120C0F20000C1F8F80040F2C140C0F20200C1F8FC0047F68E
S3250000AB608D20C0F20000C1F8000147F6A520C0F20000C1F8040140F22550C0F20200C1F830
S3250000AB80080140F2A960C0F20200C1F80C014EF20000C4F20F0000680021C7F2FF01084062
S3250000ABA00021C1F20A01884207D1FFE744F64821C2F200013A204860FFE744F64820C2F292
S3250000ABC000000068FCF724FB012848D1FFE744F64821C2F2000101914EF2B560C0F20100DB
S3250000ABE0C1F8D8004EF2C160C0F20100C1F8DC004EF67110C0F20100C1F8EC004EF6D510CF
S3250000AC00C0F20100C1F8FC004EF6C900C0F20100C1F8F4004EF6B100C0F20100C1F8F00008
S3250000AC204EF6E910C0F20100C1F808014EF6E100C0F20100C1F8E8004EF63900C0F20100B3
S3250000AC40C1F8E0004EF2E970C0F20100C1F8E4004EF6C130C0F20100C1F80C01FFE70020B8
S3250000AC600390FFE70398072816D8FFE7039844F64821C2F200010A18002082F88800039AE3
S3250000AC8001EB82029060C1F8D000C1F8D400FFE7039801300390E5E744F64820C2F20000D1
S3250000ACA00590FFE7059806B080BD000080B582B00190FFE701980021C4F20501884209D08C
S3250000ACC0FFE746F26D00C0F2020040F6DC710FF0D3FBFFE7FFE70199002081F81C0402B00E
S3250000ACE080BD000080B584B003900291FFE7039848B9FFE746F26110C0F202004FF4F67113
S3250000AD000FF0BAFBFFE7FFE7039800F0DBF9019001980299884203D2FFE70198009002E0F9
S3250000AD2002980090FFE7009801900398019950F8082B00F03DFB04B080BD000080B584B0A2
S3250000AD4003900291FFE7039848B9FFE746F26110C0F2020040F21D210FF08EFBFFE7FFE73E
S3250000AD60FFE7029803990968884209D9FFE746F26110C0F2020040F222210FF07DFBFFE77F
S3250000AD80FFE7039800F0BAF80190FFE701980299884209D2FFE746F26110C0F2020040F2C5
S3250000ADA02F210FF069FBFFE7FFE7029A03994868104448600398406803990968884206D337
S3250000ADC0FFE703990A684868801A4860FFE701980299884213D2FFE70398406801300399C8
S3250000ADE088600398806803990968884206D3FFE703990A688868801A8860FFE7FFE704B04C
S3250000AE0080BD000080B584B00290FFE7029848B9FFE746F26110C0F202004FF4A4710FF0D9
S3250000AE202BFBFFE7FFE702984068019002988068009000980199884206D9FFE70099019842
S3250000AE40C043084403900AE0029800680199401A009A411E002A08BF08460390FFE70398DE
S3250000AE6004B080BD80B584B00390FFE7039848B9FFE746F26110C0F2020040F223110FF0B5
S3250000AE80FBFAFFE7FFE703984068029003988068019002980199884205D3FFE70298019912
S3250000AEA0401A009005E0039800680199401A0090FFE7009804B080BD80B582B00190FFE7E9
S3250000AEC0019840B9FFE746F26110C0F20200C2210FF0D2FAFFE7FFE7FAF76AFD8DF803003D
S3250000AEE001984068019988609DF80300C00718B9FFE7FAF765FDFFE702B080BD80B582B0E4
S3250000AF000190FFE7019848B9FFE746F26110C0F202004FF482710FF0AFFAFFE7FFE7019894
S3250000AF200168009100F0CEF80099C043084402B080BD000080B584B0039002910192FFE77C
S3250000AF40039848B9FFE746F26110C0F2020040F2BA210FF091FAFFE7FFE7FFE7029848B928
S3250000AF60FFE746F26110C0F2020040F2BB210FF083FAFFE7FFE7FFE7019848B9FFE746F294
S3250000AF806110C0F202004FF42F710FF075FAFFE7FFE701980399086002980399C8600399D2
S3250000AFA0002088600399486004B080BD80B586B0059004910392FFE7059848B9FFE746F282
S3250000AFC06110C0F202004FF4E1710FF055FAFFE7FFE7FFE7049848B9FFE746F26110C0F2D3
S3250000AFE0020040F2C3110FF047FAFFE7FFE7FFE7039848B9FFE746F26110C0F202004FF42F
S3250000B000E2710FF039FAFFE7FFE7FFE703980190059800F057F801460198884209D9FFE779
S3250000B02046F26110C0F2020040F2C9110FF024FAFFE7FFE700200290FFE702980399884220
S3250000B0400BD2FFE7059800F00BF80499029A8854FFE7029801300290EFE706B080BD000076
S3250000B06080B582B00190FFE7019848B9FFE746F26110C0F2020040F295110FF0FDF9FFE75C
S3250000B080FFE7FFE7019800F01DF848B9FFE746F26110C0F202004FF4CD710FF0EDF9FFE7B0
S3250000B0A0FFE70199C8688968405C8DF80300019850F8082B012100F07BF99DF8030002B0E1
S3250000B0C080BD000080B584B00390FFE7039840B9FFE746F26110C0F20200E4210FF0CCF9AB
S3250000B0E0FFE7FFE703984068029003988068019002980199884205D3FFE702980199401A4B
S3250000B100009007E003980068019A0299891A08440090FFE7009804B080BD000080B586B020
S3250000B120059004910392FFE7059848B9FFE746F26110C0F202004FF425710FF09DF9FFE72F
S3250000B140FFE7FFE7049848B9FFE746F26110C0F2020040F295210FF08FF9FFE7FFE7FFE71C
S3250000B160039848B9FFE746F26110C0F2020040F296210FF081F9FFE7FFE7FFE703980190AA
S3250000B1800598FFF7BBFE01460198884209D9FFE746F26110C0F2020040F29B210FF06CF93C
S3250000B1A0FFE7FFE700200290FFE70298039988420BD2FFE705980499029A895C00F008F8B7
S3250000B1C0FFE7029801300290EFE706B080BD000080B582B001908DF80310FFE7019848B94D
S3250000B1E0FFE746F26110C0F2020040F26B210FF043F9FFE7FFE7FFE70198FFF77FFE48B94E
S3250000B200FFE746F26110C0F202004FF41C710FF033F9FFE7FFE79DF80300019AD1685268F8
S3250000B2208854019850F8042B012100F0C1F802B080BD000080B584B003908DF80B10019233
S3250000B240FFE7039848B1FFE746F21010C0F2020040F207110FF010F9FFE7FFE79DF80B00BE
S3250000B26040F21461C2F200010870019844F6F011C2F2000108609DF80B0028B1FFE79DF80F
S3250000B2800B00012812D1FFE744F6F010C2F20000006850B1FFE744F6F010C2F20000026816
S3250000B2A09DF80B1000209047FFE7FFE704B080BD81B000900099D1F8C40F20F48030C1F8B1
S3250000B2C0C40F01B07047000081B000900099D1F8C40F40F48030C1F8C40F01B0704700005F
S3250000B2E080B582B001908DF80310FFE701980021C4F20501884209D0FFE746F26D00C0F27C
S3250000B300020041F2E9310FF0B7F8FFE7FFE79DF80300019981F875000199052081F8760090
S3250000B320FFE7019890F876008007002801D4FFE7F7E70199002081F87600019890F8740004
S3250000B34002B080BD80B582B001908DF803108DF80220FFE701980021C4F20501884209D0C2
S3250000B360FFE746F26D00C0F2020041F222410FF083F8FFE7FFE79DF80300019981F875008C
S3250000B3809DF80200019981F874000199012081F87600FFE7019890F876008007002801D4DE
S3250000B3A0FFE7F7E70199002081F8760002B080BD80B584B0039002910192FAF7F9FA8DF8A0
S3250000B3C00300029A0399086810440860FFE7039800680199884206D3FFE7019A039908684D
S3250000B3E0801A0860F3E79DF80300C00718B9FFE7FAF7E6FAFFE704B080BD000080B582B046
S3250000B4000190FFE70198B0F1804F10D0FFE7019841F20001C4F20001884208D0FFE746F29C
S3250000B4201800C0F2020066210FF026F8FFE7FFE70199886840F00100886002B080BD000038
S3250000B44080B582B00190FFE70198B0F1804F11D0FFE7019841F20001C4F20001884209D011
S3250000B460FFE746F21800C0F202004FF4FD710FF003F8FFE7FFE701990120C86002B080BD93
S3250000B48080B582B00190FFE70198B0F1804F10D0FFE7019841F20001C4F20001884208D0D3
S3250000B4A0FFE746F21800C0F20200B7210EF0E4FFFFE7FFE701990120C1F8000C02B080BDA8
S3250000B4C080B582B00190FFE70198B0F1804F10D0FFE7019841F20001C4F20001884208D093
S3250000B4E0FFE746F21800C0F20200EB210EF0C4FFFFE7FFE70198D0F8000C0138B0FA80F003
S3250000B500400902B080BD000080B582B001900091FFE70198B0F1804F11D0FFE7019841F2E2
S3250000B5200001C4F20001884209D0FFE746F21800C0F2020040F20B110EF09EFFFFE7FFE70B
S3250000B54000980199086002B080BD000080B582B00190FFE70198B0F1804F10D0FFE7019816
S3250000B56041F20001C4F20001884208D0FFE746F21800C0F2020082210EF07EFFFFE7FFE764
S3250000B5800199886840F00200886002B080BD000080B582B00190FFE70198B0F1804F10D04B
S3250000B5A0FFE7019841F20001C4F20001884208D0FFE746F21800C0F20200D1210EF05CFF44
S3250000B5C0FFE7FFE701994EF25150C1F6CC20C1F8000C02B080BD000080B584B00A200390A1
S3250000B5E0FBF7A0FA03984DF2FC02C4F20F02019203211160FBF796FA03984EF2C022C4F2FD
S3250000B6000A02002102911160FBF78CFA019A029903981160FBF786FA04B080BD80B584B06D
S3250000B62003900398C10901208840C04302900A200190FBF777FA01984DF2FC02C4F20F02D3
S3250000B640009203211160FBF76DFA019802994EF2C022C4F20A021160FBF764FA009A019858
S3250000B66000211160FBF75EFA04B080BDFFE74FF21800C4F20A000068C00708B1FFE7F6E74D
S3250000B6807047000080B50EF00FFD80BD80B50EF02DFD80BD80B50EF0F1FC0EF061FD0EF05D
S3250000B6A089FD0EF0ABFD0EF0D1FD0EF0EDFD80BD80B50EF047FD0EF06FFD0EF091FD0EF0FC
S3250000B6C0B7FD0EF0D3FD0EF0EFFD0EF0FBFD0EF007FE0EF013FE80BD80B50EF01DFD80BD29
S3250000B6E082B0019001990120B1F1402F009000F01281FFE70199012048F20002C4F2050208
S3250000B7009142009000F00781FFE70199012045F20002C4F200029142009000F0FC80FFE701
S3250000B7200199012049F20002C4F205029142009000F0F180FFE70199012046F20002C4F2F9
S3250000B74000029142009000F0E680FFE7019901204AF20002C4F205029142009000F0DB80DE
S3250000B760FFE70199012047F20002C4F200029142009000F0D080FFE7019901204BF20002AC
S3250000B780C4F205029142009000F0C580FFE70199012044F20002C4F202029142009000F068
S3250000B7A0BA80FFE7019901204CF20002C4F205029142009000F0AF80FFE70199012045F251
S3250000B7C00002C4F202029142009000F0A480FFE7019901204DF20002C4F20502914200902E
S3250000B7E000F09980FFE70199012046F20002C4F202029142009000F08E80FFE701990120A3
S3250000B8004EF20002C4F205029142009000F08380FFE70199012047F20002C4F20202914264
S3250000B820009078D0FFE7019901204FF20002C4F20502914200906ED0FFE7019901204DF208
S3250000B8400002C4F203029142009064D0FFE7019901200022C4F20602914200905BD0FFE799
S3250000B8600199012041F20002C4F206029142009051D0FFE70199012042F20002C4F20602FB
S3250000B8809142009047D0FFE70199012043F20002C4F20602914200903DD0FFE70199012081
S3250000B8A044F20002C4F206029142009033D0FFE70199012045F20002C4F20602914200902B
S3250000B8C029D0FFE70199012046F20002C4F20602914200901FD0FFE70199012047F20002A2
S3250000B8E0C4F206029142009015D0FFE70199012048F20002C4F20602914200900BD0FFE77D
S3250000B900019847F20001CBF6F9710844B0FA80F040090090FFE7009800F0010002B070470C
S3250000B92080B586B00490FFE70498FFF7D9FE40B9FFE745F67A60C0F20200DF210EF09CFD74
S3250000B940FFE7FFE744F63C70C0F202000190182002904EF20000C4F20F0000680021C7F2D9
S3250000B960FF0108400021C1F20A01884208D1FFE744F6FC70C0F2020001901B200290FFE773
S3250000B98000200390FFE703980299884214D2FFE70198039950F831000499884207D1FFE769
S3250000B9A00198039900EBC1004068059007E0FFE7039801300390E6E700200590FFE7059832
S3250000B9C006B080BD82B00190019901200022C4F20202914200905AD0FFE70199012041F2B3
S3250000B9E00002C4F202029142009050D0FFE70199012042F20002C4F202029142009046D0F8
S3250000BA00FFE70199012043F20002C4F20202914200903CD0FFE7019901200022C4F20C0298
S3250000BA209142009033D0FFE70199012041F20002C4F20C029142009029D0FFE70199012003
S3250000BA4042F20002C4F20C02914200901FD0FFE70199012043F20002C4F20C029142009095
S3250000BA6015D0FFE70199012048F20002C4F20B02914200900BD0FFE7019847F20001CBF683
S3250000BA80F4710844B0FA80F040090090FFE7009800F0010002B0704780B586B00490FFE73F
S3250000BAA00498FFF78FFF40B9FFE746F20740C0F202008B210EF0E0FCFFE7FFE745F2D400F1
S3250000BAC0C0F202000190062002904EF20000C4F20F0000680021C7F2FF0108400021C1F200
S3250000BAE00A01884208D1FFE745F20410C0F2020001900A200290FFE700200390FFE7039846
S3250000BB000299884214DAFFE70198039950F831000499884207D1FFE70198039900EBC10032
S3250000BB204068059007E0FFE7039801300390E6E700200590FFE7059806B080BD82B00190DB
S3250000BB40019901204029009014D0FFE701990120802900900ED0FFE701990120C029009075
S3250000BB6008D0FFE70198A0F58070B0FA80F040090090FFE7009800F0010002B07047000018
S3250000BB8082B0019001990120402900902DD0FFE7019901204129009027D0FFE701990120F8
S3250000BBA08229009021D0FFE701990120832900901BD0FFE701990120C429009015D0FFE7A2
S3250000BBC001990120C52900900FD0FFE701990120B1F5837F009008D0FFE70198A0F207106E
S3250000BBE0B0FA80F040090090FFE7009800F0010002B0704788B007904EF26010C4F20F0030
S3250000BC000168C1F38921029100686FF39F2003904EF26410C4F20F00016801F4F852012165
S3250000BC2001EB12210191006800F01F000130009000990798B0FBF1F0079002984009059042
S3250000BC4002980599A0EB411004900798039948430690079805994143069800EB5110069099
S3250000BC60079804994143069800EB9120069006980199B0FBF1F00690069808B070470000C7
S3250000BC8083B0019000200090FFE7009805281AD8FFE70198009A45F23041C0F2020151F8CE
S3250000BCA0321088420AD8FFE7009945F23040C0F2020000EBC1004068029007E0FFE700986B
S3250000BCC001300090E1E700200290FFE7029803B07047000082B001900199012043F6000280
S3250000BCE0CFF200029142009000F01F83FFE70199012043F60102CFF200029142009000F093
S3250000BD001483FFE70199012043F20042CFF200029142009000F00983FFE70199012043F2F6
S3250000BD200142CFF200029142009000F0FE82FFE70199012043F60042CFF2000291420090E2
S3250000BD4000F0F382FFE70199012047F20042CFF200029142009000F0E882FFE7019901203B
S3250000BD6045F60002CFF200029142009000F0DD82FFE70199012043F20002CFF2000291429D
S3250000BD80009000F0D282FFE70199012049F60042CFF200029142009000F0C782FFE70199C8
S3250000BDA0012041F20002CFF200029142009000F0BC82FFE70199012045F20042CFF20002F6
S3250000BDC09142009000F0B182FFE70199012040F60002CFF200029142009000F0A682FFE7DA
S3250000BDE00199012040F60102CFF200029142009000F09B82FFE70199012040F60202CFF27A
S3250000BE0000029142009000F09082FFE70199012040F60302CFF200029142009000F08582BC
S3250000BE20FFE70199012040F60402CFF200029142009000F07A82FFE70199012040F605022F
S3250000BE40CFF200029142009000F06F82FFE70199012040F60602CFF200029142009000F0E0
S3250000BE606482FFE70199012040F60702CFF200029142009000F05982FFE70199012040F62E
S3250000BE800802CFF200029142009000F04E82FFE70199012040F60902CFF2000291420090A4
S3250000BEA000F04382FFE70199012040F60A02CFF200029142009000F03882FFE70199012073
S3250000BEC040F60B02CFF200029142009000F02D82FFE70199012040F60C02CFF200029142D9
S3250000BEE0009000F02282FFE70199012040F60D02CFF200029142009000F01782FFE7019903
S3250000BF00012040F60E02CFF200029142009000F00C82FFE70199012040F60F02CFF2000265
S3250000BF209142009000F00182FFE70199012040F61002CFF200029142009000F0F681FFE7C9
S3250000BF400199012040F61102CFF200029142009000F0EB81FFE70199012041F20042CFF27E
S3250000BF6000029142009000F0E081FFE70199012042F20002CFF200029142009000F0D581C2
S3250000BF80FFE70199012042F20102CFF200029142009000F0CA81FFE70199012042F2020289
S3250000BFA0CFF200029142009000F0BF81FFE70199012042F20302CFF200029142009000F035
S3250000BFC0B481FFE70199012042F20402CFF200029142009000F0A981FFE70199012042F236
S3250000BFE00502CFF200029142009000F09E81FFE70199012042F20602CFF2000291420090FC
S3250000C00000F09381FFE70199012042F20702CFF200029142009000F08881FFE70199012078
S3250000C02042F20802CFF200029142009000F07D81FFE70199012042F20902CFF20002914232
S3250000C040009000F07281FFE70199012049F20002CFF200029142009000F06781FFE701990B
S3250000C060012044F20002CFF200029142009000F05C81FFE70199012044F20102CFF20002D1
S3250000C0809142009000F05181FFE70199012044F20042CFF200029142009000F04681FFE799
S3250000C0A00199012044F20142CFF200029142009000F03B81FFE70199012041F60042CFF299
S3250000C0C000029142009000F03081FFE70199012041F60142CFF200029142009000F025817D
S3250000C0E0FFE70199012041F60242CFF200029142009000F01A81FFE70199012041F6034250
S3250000C100CFF200029142009000F00F81FFE70199012040F20042CFF200029142009000F048
S3250000C1200481FFE70199012040F20142CFF200029142009000F0F980FFE70199012040F2FC
S3250000C1400242CFF200029142009000F0EE80FFE70199012040F20342CFF2000291420090D3
S3250000C16000F0E380FFE70199012040F20442CFF200029142009000F0D880FFE7019901203E
S3250000C18040F20542CFF200029142009000F0CD80FFE70199012040F20642CFF2000291420C
S3250000C1A0009000F0C280FFE70199012040F20742CFF200029142009000F0B780FFE70199CE
S3250000C1C0012041F60002CFF200029142009000F0AC80FFE70199012041F60102CFF200021F
S3250000C1E09142009000F0A180FFE70199012041F60202CFF200029142009000F09680FFE7D7
S3250000C2000199012041F60302CFF200029142009000F08B80FFE70199012041F60402CFF261
S3250000C22000029142009000F08080FFE70199012041F60502CFF200029142009075D0FFE773
S3250000C2400199012041F60602CFF20002914200906BD0FFE70199012041F60702CFF20002D9
S3250000C2609142009061D0FFE70199012040F60042CFF200029142009057D0FFE7019901201D
S3250000C28042F60002CFF20002914200904DD0FFE701990120B1F1704F009046D0FFE70199F3
S3250000C2A001200122CFF20002914200903DD0FFE70199012045F60042CFF2000291420090BD
S3250000C2C033D0FFE70199012045F60142CFF200029142009029D0FFE70199012045F60242F7
S3250000C2E0CFF20002914200901FD0FFE70199012045F60342CFF200029142009015D0FFE711
S3250000C3000199012045F60442CFF20002914200900BD0FFE701984AF2FB31C0F6FF71084481
S3250000C320B0FA80F040090090FFE7009800F0010002B0704780B586B0DDF820C005900491E2
S3250000C34003920293FFE705980021C4F20501884208D0FFE746F26D00C0F202006D210EF0E0
S3250000C3608BF8FFE7FFE7FFE70498A0B1FFE70498012810D0FFE7049802280CD0FFE7049800
S3250000C380032808D0FFE746F26D00C0F202006F210EF072F8FFE7FFE7FFE7089801280CD006
S3250000C3A0FFE70898022808D0FFE746F26D00C0F2020070210EF060F8FFE7FFE70598807B65
S3250000C3C001900498059988730898012805D1FFE702980599039A885404E002980599039AA2
S3250000C3E08852FFE701980599887306B080BD000082B001904EF20000C4F20F000068002101
S3250000C400C7F2FF0108400021C1F20501884203D1FFE73C20009015E04EF20000C4F20F00D1
S3250000C42000680021C7F2FF0108400021C1F20A01884203D1FFE73A20009002E0002000908D
S3250000C440FFE7FFE7009802B07047000084B003900398C0F3C050029002990020012908BFA6
S3250000C4604FF07F4001900198039921F07F4108430090009804B0704780B58CB08DED080B45
S3250000C4808DED061B8DED042B089802900998039006980799049A059B13F094F902460298FE
S3250000C4A00B46039943EC102B53EC102B13F09BFAD0B9FFE7089800900998019006980799FE
S3250000C4C0049A059B12F028FD024600980B46019943EC102B53EC102B13F070FA20B9FFE716
S3250000C4E001208DF82F0003E000208DF82F00FFE79DF82F000CB080BD84B00290019100921D
S3250000C50002980199009A891A88420BDBFFE702980199009A1144884204DCFFE701208DF8B5
S3250000C5200F0003E000208DF80F00FFE79DF80F0004B0704784B0029001910092029801993C
S3250000C540009A891A88420BD3FFE702980199009A1144884204D8FFE701208DF80F0003E0C3
S3250000C56000208DF80F00FFE79DF80F0004B0704780B582B0019000208DF80300FFE744F64C
S3250000C580BC30C2F2000007F079FF4FF4FA7010F01DFBF4E780B584B0039043F6A870C2F2E5
S3250000C5A0000004F089FC03F007FD014640F60040C2F20000009002F07BF844F6BC30C2F2C5
S3250000C5C0000003F0FFFC09F053FB45F2A041C0F2020109F075FB40F6D430C2F2000001F00B
S3250000C5E0DBFA009801F042FE4FF4FA7010F0EEFA44F22860C2F2000001900AF057FD019818
S3250000C6000AF012FE002005F077FC11F02FFB0290FFE702A8642110F0FFFA40F6D430C2F2C9
S3250000C620000000F083F8F4E74FF0FF30704700004FF0FF307047000081B00090009801B05A
S3250000C6407047000080B582B00190019820210DF037FFC04302B080BD80B582B00190019895
S3250000C66020210DF02DFFC04302B080BD83B0019001980068009040B1FFE7009801280AD091
S3250000C680FFE7009802280DD010E00199012008608DF80B000BE001990220086001208DF8B7
S3250000C6A00B0004E000208DF80B0000E0FEDE9DF80B0003B07047000041F60F50704762B1AF
S3250000C6C0884204BF0120704780B540684968F4F79BF9B0FA80F0400980BD40684968401A8F
S3250000C6E0B0FA80F0400970470DF067BB80B5AFF300800821BDE880400DF074BC80B5AFF312
S3250000C70000800C21BDE880400DF06CBC80B5AFF300801821BDE880400DF064BC80B5AFF3F3
S3250000C72000800821BDE880400DF05CBC80B588B0079007980290007FC00700284BD0FFE72C
S3250000C7400298806A09F0F6FC01F09EFC014602980691806A09F0EEFC01F024FD01460298A1
S3250000C7600591806A09F0E6FC01F094FF014602980491806A09F0DEFC01F07EFF0146029852
S3250000C78003914068069A059B0499DDF80CE0EC46CCF804E0CCF8001045F23561C0F2020189
S3250000C7A00BF0FEFF44F6BC30C2F20000D0F8F0000CF018F970B1FFE70298006A28B1FFE712
S3250000C7C00299086A0138086203E0029900200877FFE7FFE7FFE708B080BD0000F0B5A5B0E5
S3250000C7E024902391229224980F902398022857D1FFE70DF187000E9002F00CFD0F980E9A5C
S3250000C80022994968EC460923CCF8003000230BF09BFF01460E9820910BF08EFFD0B3FFE70D
S3250000C8200F98806A20990CF093FB02460F980D9211685368D2F808C0D2F80CE014695569D9
S3250000C8401D951C94CDF86CE0CDF868C0199318919169D2691F921E914068189A199B1A99C7
S3250000C860DDF86CE01C9C1D9D1E9E1F9FEC46CCF81470CCF81060CCF80C50CCF80840CCF807
S3250000C88004E0CCF8001045F25D61C0F202010BF087FF04E00F98022102F022F9FFE753E0DB
S3250000C8A0239801284AD1FFE744F6BC30C2F2000007900C30089000210C9107F08DFD07986A
S3250000C8C00C991830099007F087FD079824300B9001210A9107F080FD0F980A9B0C9A816AB5
S3250000C8E010A80AF0FFF80F984068109A119B1299DDF84CE0149C159D169E179FEC46CCF876
S3250000C9001470CCF81060CCF80C50CCF80840CCF804E0CCF8001045F25D61C0F202010BF00C
S3250000C9203FFF08980C9907F057FD09980A9907F053FD0B980C9907F04FFD04E00F9802215F
S3250000C94002F0CEF8FFE7FFE725B0F0BDF0B597B016901591149216980B901598012858D1A5
S3250000C960FFE744F6BC30C2F200000A900C300021099107F031FD09990A98183007F02CFD8F
S3250000C9800A982430012107F027FD0B98816A0CA80AF038FA0B98806A0CF01AFBF8B1FFE7C3
S3250000C9A00B9840680C9A0D9B0E99DDF83CE0109C119D129E139FEC46CCF81470CCF81060D6
S3250000C9C0CCF80C50CCF80840CCF804E0CCF8001045F24361C0F202010BF0E2FE04E00B98B7
S3250000C9E0642102F07DF8FFE744F6BC30C2F2000007900C300021089107F0EEFC0798183030
S3250000CA00012107F0E9FC07980899243007F0E4FC04E00B98022102F063F8FFE717B0F0BD56
S3250000CA2080B5BCB03B903A913B9838903A980A3801463991AD2800F24B843999DFE811F0C9
S3250000CA403901390448044804480448044804480448044804480448044804AE00F10048042A
S3250000CA604804480448044804480448044804BE0003014804480448044804480448044804C6
S3250000CA804804CF00150148044804480448044804480448044804E000270148044804480413
S3250000CAA04804480448044804480448044804480448044804480448044804480448044804B0
S3250000CAC0480448044804480448044804480448044804480448044804480448044804480490
S3250000CAE02704480448044804480448044804480448044804480158016801780188019801B3
S3250000CB00A801B801C8014804D801E801F801080218024804480448044804480428023902D8
S3250000CB204A025B026C02480448044804480448047D028E029F02B002C10248044804480453
S3250000CB4048044804D202E302F40205031603480448044804480448042703370347035703E3
S3250000CB60480448044804480448044804670377038703970348044804480448044804480417
S3250000CB80A703B703C703D703480448044804480448044804E703F70307041704389841683C
S3250000CBA03791406A00210BF055FE0246379845F23061C0F202010BF0F3FD8EE33898416825
S3250000CBC03691406A403000210BF044FE0246369845F23061C0F202010BF0E2FD7DE3389873
S3250000CBE041683591406A803000210BF033FE0246359845F23061C0F202010BF0D1FD6CE36F
S3250000CC00389841683491406AC03000210BF022FE0246349845F23061C0F202010BF0C0FDB1
S3250000CC205BE3389841683391406A00F5986000210BF042FE0246339845F23061C0F20201F0
S3250000CC400BF0AEFD49E3389841683291406A00F5A06000210BF030FE0246329845F23061FD
S3250000CC60C0F202010BF09CFD37E3389841683191406A00F5A86000210BF01EFE0246319820
S3250000CC8045F23061C0F202010BF08AFD25E3389841683091406A00F5B06000210BF00CFE78
S3250000CCA00246309845F23061C0F202010BF078FD13E3389841682F91806A0CF0D7F9024644
S3250000CCC02F9845F23061C0F202010BF069FD04E3389841682E91806A0CF012F901462E988C
S3250000CCE00A6845F23061C0F202010BF059FDF4E2389841682D91806A0CF002F901462D98F4
S3250000CD004A6845F23061C0F202010BF049FDE4E2389841682C91806A0CF0F2F801462C98C6
S3250000CD208A6845F23061C0F202010BF039FDD4E2389841682B91806A0CF0E2F801462B9898
S3250000CD408A6A45F23061C0F202010BF029FDC4E2389841682A91806A0CF0D2F801462A98A8
S3250000CD608A6C45F23061C0F202010BF019FDB4E2389841682991806A0CF0C2F801462998B8
S3250000CD80CA6845F23061C0F202010BF009FDA4E2389841682891806A0CF0B2F8014628988E
S3250000CDA0CA6A45F23061C0F202010BF0F9FC94E2389841682791806A0CF0A2F8014627989F
S3250000CDC0CA6C45F23061C0F202010BF0E9FC84E2389841682691806A0CF092F801462698AF
S3250000CDE08A6E45F23061C0F202010BF0D9FC74E2389841682591806A0CF082F801462598FF
S3250000CE00CA6E45F23061C0F202010BF0C9FC64E2389841682491806A0CF072F801462498D0
S3250000CE200A6F45F23061C0F202010BF0B9FC54E2389841682391806A0CF062F801462398A1
S3250000CE404A6F45F23061C0F202010BF0A9FC44E2389841682291806A0CF052F80146229873
S3250000CE608A6F45F23061C0F202010BF099FC34E2389841682191806A0CF042F80146219845
S3250000CE80CA6F45F23061C0F202010BF089FC24E2389841682091806A0CF032F80146209817
S3250000CEA0D1F8802045F23061C0F202010BF078FC13E2389841681F91806A0CF021F80146B3
S3250000CEC01F98D1F8842045F23061C0F202010BF067FC02E2389841681E91806A0CF010F853
S3250000CEE001461E98D1F8882045F23061C0F202010BF056FCF1E1389841681D91806A0BF016
S3250000CF00FFFF01461D98D1F88C2045F23061C0F202010BF045FCE0E1389841681C91806A12
S3250000CF200BF0EEFF01461C98D1F8902045F23061C0F202010BF034FCCFE1389841681B9112
S3250000CF40806A0BF0DDFF01461B98D1F8942045F23061C0F202010BF023FCBEE138984168E4
S3250000CF601A91806A0BF0CCFF01461A98D1F8982045F23061C0F202010BF012FCADE13898F2
S3250000CF8041681991806A0BF0BBFF01461998D1F89C2045F23061C0F202010BF001FC9CE12A
S3250000CFA0389841681891806A0BF0AAFF01461898D1F8A02045F23061C0F202010BF0F0FBD8
S3250000CFC08BE1389841681791806A0BF099FF01461798D1F8A42045F23061C0F202010BF046
S3250000CFE0DFFB7AE1389841681691806A0BF088FF01461698D1F8A82045F23061C0F2020167
S3250000D0000BF0CEFB69E1389841681591806A0BF077FF01461598D1F8AC2045F23061C0F27F
S3250000D02002010BF0BDFB58E1389841681491806A0BF066FF01461498D1F8B02045F230613F
S3250000D040C0F202010BF0ACFB47E1389841681391806A0BF055FF01461398D1F8B42045F22F
S3250000D0603061C0F202010BF09BFB36E1389841681291806A0BF044FF01461298D1F8B820E6
S3250000D08045F23061C0F202010BF08AFB25E1389841681191806A0BF03BFF01461198CA682B
S3250000D0A045F23061C0F202010BF07AFB15E1389841681091806A0BF02BFF014610980A68FD
S3250000D0C045F23061C0F202010BF06AFB05E1389841680F91806A0BF01BFF01460F988A688F
S3250000D0E045F23061C0F202010BF05AFBF5E0389841680E91806A0BF00BFF01460E984A68E2
S3250000D10045F23061C0F202010BF04AFBE5E0389841680D91806A0BF003FF01460D98CA686B
S3250000D12045F23061C0F202010BF03AFBD5E0389841680C91806A0BF0F3FE01460C980A683E
S3250000D14045F23061C0F202010BF02AFBC5E0389841680B91806A0BF0E3FE01460B988A68D0
S3250000D16045F23061C0F202010BF01AFBB5E0389841680A91806A0BF0D3FE01460A984A6822
S3250000D18045F23061C0F202010BF00AFBA5E0389841680991806A0BF0CBFE01460998CA68AC
S3250000D1A045F23061C0F202010BF0FAFA95E0389841680891806A0BF0BBFE014608980A687F
S3250000D1C045F23061C0F202010BF0EAFA85E0389841680791806A0BF0ABFE014607988A6811
S3250000D1E045F23061C0F202010BF0DAFA75E0389841680691806A0BF09BFE014606984A6863
S3250000D20045F23061C0F202010BF0CAFA65E0389841680591806A0BF093FE01460598CA68EC
S3250000D22045F23061C0F202010BF0BAFA55E0389841680491806A0BF083FE014604980A68BE
S3250000D24045F23061C0F202010BF0AAFA45E0389841680391806A0BF073FE014603988A6850
S3250000D26045F23061C0F202010BF09AFA35E0389841680291806A0BF063FE014602984A68A2
S3250000D28045F23061C0F202010BF08AFA25E0389841680191406A00F5906000210BF00CFBCA
S3250000D2A00246019845F23061C0F202010BF078FA13E0389841680091806A0BF0CFFE0246A6
S3250000D2C0009845F23061C0F202010BF069FA04E03898022101F004FCFFE73CB080BD0000FE
S3250000D2E080B5A0B01F901E911D921C931F9810901E981190182812D0FFE71198222844D02A
S3250000D300FFE711982C2876D0FFE71198362800F0A880FFE711985A2800F0D9800DE10DF193
S3250000D3206F000F9001F076FF1C9880680D900CF0C9FA0E900CF0C2FA0D990E9B0F9A844663
S3250000D3401098EE46CEF800C00BF0FEF901460F981A910BF0F1F990B1FFE710980BF0E4F94E
S3250000D36068B1FFE71098406A00F598601A99002203F0DAFB1098562101F030FB04E0109805
S3250000D380022101F0ADFBFFE7DCE00DF167000C9001F040FF1C9880680A900CF093FA0B909E
S3250000D3A00CF08CFA0A990B9B0C9A84461098EE46CEF800C00BF0C8F901460C9818910BF07F
S3250000D3C0BBF990B1FFE710980BF0AEF968B1FFE71098406A00F5A0601899002203F0A4FB77
S3250000D3E01098562101F0FAFA04E01098022101F077FBFFE7A6E00DF15F00099001F00AFFB5
S3250000D4001C98806807900CF05DFA08900CF056FA0799089B099A84461098EE46CEF800C08A
S3250000D4200BF092F90146099816910BF085F990B1FFE710980BF078F968B1FFE71098406ACC
S3250000D44000F5A8601699002203F06EFB1098562101F0C4FA04E01098022101F041FBFFE70C
S3250000D46070E00DF15700069001F0D4FE1C98806804900CF027FA05900CF020FA0499059B73
S3250000D480069A84461098EE46CEF800C00BF05CF90146069814910BF04FF990B1FFE71098CE
S3250000D4A00BF042F968B1FFE71098406A00F5B0601499002203F038FB1098562101F08EFA4D
S3250000D4C004E01098022101F00BFBFFE73AE00DF14F00039001F09EFE1C98806801900CF00A
S3250000D4E0F1F902900CF0EAF90199029B039A84461098EE46CEF800C00BF026F901460398CF
S3250000D50012910BF019F990B1FFE710980BF00CF968B1FFE71098406A00F590601299002283
S3250000D52003F002FB1098562101F058FA04E01098022101F0D5FAFFE704E01098022101F09E
S3250000D540CFFAFFE720B080BD2DE9F04FADB02C902B912A922C9827902B98022840F0BC804F
S3250000D560FFE70DF1A700269001F054FE2798269A2A994968EC460023CCF800300BF0E4F80E
S3250000D5800146269828910BF0D7F8002800F09E80FFE7279841682491806A0BF0B9FC0146E3
S3250000D5A02798C9681E91806A0BF0B2FC0146279809681F91806A0BF0ABFC01462798896889
S3250000D5C02391806A0BF0A4FC0146279849682091806A0BF0A5FC01462798CC68806A0BF0FF
S3250000D5E09FFC014627980D68806A0BF099FC014627988E68806A0BF093FC014627984F6868
S3250000D600806A0BF095FC01462798D1F80C80806A0BF08EFC01462798D1F80090806A0BF080
S3250000D62087FC01462798D1F808A0806A0BF080FC01462798D1F804B0806A0BF081FC01465D
S3250000D6402798C9681D91806A0BF07AFC0146279809682291806A0BF073FC01462798896856
S3250000D6602191806A0BF06CFCDDF874C01E9A1F9BDDF880E0406869462591486321992598C6
S3250000D680016322982599C86223992598C0F828C02498DDF894C0CCF824B0CCF820A0CCF8A0
S3250000D6A01C90CCF81880CCF81470CCF81060CCF80C50CCF80840CCF804E0CCF8001045F201
S3250000D6C07761C0F202010BF06BF804E02798022101F006FAFFE7CFE02B98012840F0C680AB
S3250000D6E0FFE744F6BC30C2F200000E900C30189000211C9106F070FE0E981C991830199064
S3250000D70006F06AFE0E9824301B9001211A9106F063FE2798806A09F087FD279841681691A7
S3250000D720806A0BF0F5FB01462798C9681091806A0BF0EEFB0146279809681191806A0BF06A
S3250000D740E7FB0146279889681591806A0BF0E0FB0146279849681291806A0BF0E1FB014622
S3250000D7602798CC68806A0BF0DBFB014627980D68806A0BF0D5FB014627988E68806A0BF0E4
S3250000D780CFFB014627984F68806A0BF0D1FB01462798D1F80C80806A0BF0CAFB0146279840
S3250000D7A0D1F80090806A0BF0C3FB01462798D1F808A0806A0BF0BCFB01462798D1F804B0D1
S3250000D7C0806A0BF0BDFB01462798C9680F91806A0BF0B6FB0146279809681491806A0BF038
S3250000D7E0AFFB0146279889681391806A0BF0A8FBDDF83CC0109A119BDDF848E040686946DB
S3250000D8001791486313991798016314981799C86215991798C0F828C01698DDF85CC0CCF80A
S3250000D82024B0CCF820A0CCF81C90CCF81880CCF81470CCF81060CCF80C50CCF80840CCF852
S3250000D84004E0CCF8001045F27761C0F202010AF0A7FF18981C9906F0BFFD19981A9906F035
S3250000D860BBFD1B981C9906F0B7FD04E02798022101F036F9FFE7FFE72DB0BDE8F08F000025
S3250000D88080B588B007900691059207980290069802282AD1FFE70DF11300019001F0BAFC2D
S3250000D8A00298019A059949680AF0ECFD0146019803910AF041FF90B1FFE70298806A039906
S3250000D8C008F03EFC28B1FFE702985A2101F086F804E00298022101F003F9FFE704E00298DB
S3250000D8E0022101F0FDF8FFE704E00298022101F0F7F8FFE708B080BD80B58EB00D900C912A
S3250000D9000B920D9805900C9802283BD1FFE70DF12B00049001F07EFC0B98406802900BF06A
S3250000D920D1FF03900BF0CAFF0299039B049A84460598EE46CEF800C00AF006FF01460498E0
S3250000D940002918BF01218DF82A100AF0F5FE98B1FFE705989DF82A1001F00101017741218B
S3250000D96001F03CF80598007FC00720B1FFE7059903200862FFE704E00598022101F0B0F894
S3250000D980FFE73CE00C98012833D1FFE70598806A08F0D0FB00F078FB014605980991806AB3
S3250000D9A008F0C8FB00F0FEFB014605980891806A08F0C0FB00F06EFE014605980791806AE1
S3250000D9C008F0B8FB00F058FE0146059806914068099A089B0799DDF818E0EC46CCF804E0A0
S3250000D9E0CCF8001045F23561C0F202010AF0D8FE04E00598022101F073F8FFE7FFE70EB071
S3250000DA0080BD000080B58CB00B900A9109920B9805900A98032842D1FFE70DF123000490CE
S3250000DA2001F0F8FB0598049A099949680AF0DAFD07900998806802900BF044FF03900BF01F
S3250000DA403DFF0299039B049A84460598EE46CEF800C00AF079FE049B014605980691079961
S3250000DA60069A0AF02FFD04980AF066FE88B1FFE7069944F6BC30C2F20000019002F0DEF9EE
S3250000DA800198079902F040FC05984C2100F0A6FF04E00598022101F023F8FFE704E0059863
S3250000DAA0022101F01DF8FFE70CB080BD80B592B0119010910F92119805901098012823D1FB
S3250000DAC0FFE707A8029000F0B3FA05980299806A08F088FF0599024602988DF81B204968EA
S3250000DAE003919DF81B1001F0010104910AF0C8FD0398049A694681ED000B45F2A961C0F231
S3250000DB0002010AF04DFE04E00598022100F0E8FFFFE712B080BD000080B588B007900691BC
S3250000DB20059207980190069803282DD1FFE70DF11300009001F06EFB0198009A05994968EE
S3250000DB400AF080FC009A014601980391059989680AF028FD0146009802910AF0EDFD68B11E
S3250000DB60FFE70399029A44F6BC30C2F2000002F0ABF90198442100F031FF04E00198022153
S3250000DB8000F0AEFFFFE704E00198022100F0A8FFFFE708B080BD000080B582B00190019859
S3250000DBA0806A08F095FF02B080BD000080B586B00490039102920498009003980A38014683
S3250000DBC00191AD2800F2B7800199DFE811F0AE00AE00B400B400B400B400B400B400B40005
S3250000DBE0B400B400B400B400AE00AE00B400B400B400B400B400B400B400B400AE00AE00F7
S3250000DC00B400B400B400B400B400B400B400B400AE00AE00B400B400B400B400B400B400CA
S3250000DC20B400B400AE00AE00B400B400B400B400B400B400B400B400B400B400B400B400AA
S3250000DC40B400B400B400B400B400B400B400B400B400B400B400B400B400B400B400B4007E
S3250000DC60B400B400B400B400B400B400B400AE00B400B400B400B400B400B400B400B40064
S3250000DC80B400AE00AE00AE00AE00AE00AE00AE00AE00AE00B400AE00AE00AE00AE00AE0092
S3250000DCA0B400B400B400B400B400AE00AE00AE00AE00AE00B400B400B400B400B400AE0042
S3250000DCC0AE00AE00AE00AE00B400B400B400B400B400AE00AE00AE00AE00AE00B400B40034
S3250000DCE0B400B400B400AE00AE00AE00AE00B400B400B400B400B400B400AE00AE00AE0008
S3250000DD00AE00B400B400B400B400B400B400AE00AE00AE00AE00B400B400B400B400B400DB
S3250000DD20B400AE00AE00AE00AE000299012008608DF8170007E000980399029A01F072FA9D
S3250000DD408DF81700FFE79DF8170006B080BD000080B5B2B0319030912F923198199045F219
S3250000DD602061C0F202012EA81B9007F0C3F82F9801682DA81A9007F0BDF81B981A990AF079
S3250000DD80DDFF01461A981C9107F0BCF81B9807F0B9F81C9838B1FFE7199830992F9A0368C4
S3250000DDA05B68984725E145F22261C0F202012CA8179007F09FF82F9801682BA8169007F09D
S3250000DDC099F8179816990AF0B9FF01461698189107F098F8179807F095F8189830B1FFE7CD
S3250000DDE0199830992F9AFFF7AFFB01E145F22461C0F202012AA8149007F07CF82F980168D6
S3250000DE0029A8139007F076F8149813990AF096FF01461398159107F075F8149807F072F833
S3250000DE20159830B1FFE7199830992F9AFFF774FEDDE045F22661C0F2020128A8119007F025
S3250000DE4059F82F98016827A8109007F053F8119810990AF073FF01461098129107F052F8F9
S3250000DE60119807F04FF8129830B1FFE7199830992F9AFEF76BFDB9E045F22861C0F2020196
S3250000DE8026A80E9007F036F82F98016825A80D9007F030F80E980D990AF050FF01460D98B1
S3250000DEA00F9107F02FF80E9807F02CF80F9830B1FFE7199830992F9AFFF7A4FD95E045F2E9
S3250000DEC02A61C0F2020124A80B9007F013F82F98016823A80A9007F00DF80B980A990AF0C2
S3250000DEE02DFF01460A980C9107F00CF80B9807F009F80C9830B1FFE7199830992F9AFEF731
S3250000DF006DFC71E045F22C61C0F2020122A8089006F0F0FF2F98016821A8079006F0EAFF12
S3250000DF20089807990AF00AFF01460798099106F0E9FF089806F0E6FF099830B1FFE71998A6
S3250000DF4030992F9A00F008FE4DE045F64161C0F2020120A8059006F0CDFF2F9801681FA85E
S3250000DF60049006F0C7FF059804990AF0E7FE01460498069106F0C6FF059806F0C3FF06980A
S3250000DF8030B1FFE7199830992F9AFFF78FFD29E045F22E61C0F202011EA8029006F0AAFF74
S3250000DFA02F9801681DA8019006F0A4FF029801990AF0C4FE01460198039106F0A3FF0298A6
S3250000DFC006F0A0FF039830B1FFE7199830992F9AFFF756FC05E0199830992F9A01F0D6F9D1
S3250000DFE0FFE7FFE7FFE7FFE7FFE7FFE7FFE7FFE7FFE732B080BD000080B584B00390029157
S3250000E0000192039800900299019A01F011FB009844F2C061C0F20201083101600021017732
S3250000E0200162029941620199816204B080BD000080B582B001900198009000F0BBFC00986B
S3250000E040083000F0B7FC0098103000F0B3FC0098183000F0AFFC009802B080BD80B584B0FD
S3250000E0600390039800218DF80B105030019004F06FFE019944F6BC30C2F20000AC3005F0F4
S3250000E080CBFA04B080BD000080B582B0019001980022009200F58070694603F045FD00981E
S3250000E0A002B080BD80B588B00690059104920698009000F58C70029003A90191002203F038
S3250000E0C021FD019902984FF4FA6203F01BFD78B1FFE70098FFF7D8FF01460098059A1160DB
S3250000E0E000F060F80499086001208DF81F0003E000208DF81F00FFE79DF81F0008B080BDD2
S3250000E10080B586B005900491059801900C3004F01FFE01990498C1F8E40000208DF80F0062
S3250000E12004980290032824D80299DFE801F0020A121A9DF80F00032161F35F108DF80F00DA
S3250000E14017E09DF80F00042161F35F108DF80F000FE09DF80F00052161F35F108DF80F0092
S3250000E16007E09DF80F00062161F35F108DF80F00FFE701989DF80F1041F001018DF80F1086
S3250000E1809DF80F1041F00C018DF80F109DF80F100091BC30012107F06BF9014600980870DE
S3250000E1A006B080BD80B582B0019001980022009200F58670694603F0B7FC009802B080BD5A
S3250000E1C080B582B0019000910198009943F29432815043F270310844002107F0B3FB02B018
S3250000E1E080BD000080B586B00490049800F5927002900DF10F010191002203F093F90199DD
S3250000E20002984FF4FA6203F08DF920B1FFE701208DF8170003E000208DF81700FFE79DF8B8
S3250000E220170006B080BD000080B584B0039002910398019000F59870029907F067FC019888
S3250000E24000F55C60029907F061FC019841F650210844029907F05AFC019842F2E061084449
S3250000E260029907F053FC04B080BD000080B582B00190019800900021FFF742FF009800F1C4
S3250000E2800C0144F6BC30C2F20000AC3005F0C4F902B080BD0000000080B5BEB03C903B91D9
S3250000E2A03C98249000213A91A8300AF093FD032803D0FFE700203D90CEE12498A8302190BD
S3250000E2C0002107F0D5F801462198097809042091012107F0CDF8209902462198127841EAC7
S3250000E2E002212291022107F0C3F801462298097808443A903A98FEF7A9F8014624983991A0
S3250000E300D0F8E4002390032800F2A2812399DFE811F004009500EB002F01249843F2883176
S3250000E320084490ED000B8DED160B399811F073F89DED161B41EC100B51EC110B53EC102B55
S3250000E34011F00CF90246249819920A46199942EC101B8DED1A0B43F29031405811F072F80F
S3250000E3609DED1A0B41EC110B53EC112B51EC100B10F08EFE41EC100B8DED360B9DED360B72
S3250000E3809FEDBB1B53EC112B51EC100B11F0E6F8024624981D920A461D9942EC101B8DEDD7
S3250000E3A0340B00F55C601E909DED340B51EC100B11F004F801461E9807F0CAFB249843F2F1
S3250000E3C0703108441F909DED340B51EC100B10F0F5FF01461F9807F0D5FA1F980AF078FD9C
S3250000E3E0C8B1FFE7249843F27031084407F01AFB249943F29432895888420BD2FFE72498EC
S3250000E40000F5927001218DF8CF100DF1CF0102F0EBFFFFE7FFE7249800F1F401159100F5C6
S3250000E4205C6007F0B9FB01461598329132A903F0CBFA24980121FFF763FE09E1249843F215
S3250000E4408831084490ED000B8DED0C0B399810F0E2FF9DED0C1B41EC100B51EC110B53EC55
S3250000E460102B11F07BF8024624980F920A460F9942EC101B8DED100B43F29031405810F0CE
S3250000E480E1FF9DED100B41EC110B53EC112B51EC100B10F0FDFD0246249812920A46129938
S3250000E4A042EC101B8DED300B42F2E061084413909DED300B51EC100B10F080FF0146139856
S3250000E4C007F046FB1398249901F58671149107F063FB014614982F912FA903F075FA249806
S3250000E4E00221FFF70DFEB3E0249839994A0043F290314250405810F0A5FF41EC100B51EC3E
S3250000E500100B9FED570B53EC102B10F0C1FD41EC100B51EC100B9FED540B53EC102B11F0AE
S3250000E5201DF80246249809920A46099942EC101B8DED2C0B00F598700A909DED2C0B51EC90
S3250000E540100B10F03BFF01460A9807F001FB0A982499E8310B9107F01FFB01460B982B91B9
S3250000E5602BA903F031FA24980321FFF7C9FD6FE0249843F28831084490ED000B8DED000BB5
S3250000E580399810F048FF9DED001B41EC100B51EC110B53EC102B10F0E1FF02462498039224
S3250000E5A00A46039942EC101B8DED040B43F29031405810F047FF9DED040B41EC110B53EC92
S3250000E5C0112B51EC100B10F063FD0246249806920A46069942EC101B8DED280B00F58070CB
S3250000E5E007909DED280B51EC100B10F0E7FE01460798279127A903F0E7F9249841F65021DF
S3250000E600084408909DED280B51EC100B10F0D6FE0146089807F09CFA089807F0BDFA01461E
S3250000E6200798269126A903F0CFF908980AF05CFC48B1FFE7249800F58C700021259125A9D1
S3250000E64003F08EFAFFE724980021FFF759FDFFE724980C303D90FFE73D983EB080BD00BFDA
S3250000E660000000000000604100000000D0125341731A11111111B13F80B582B0019001982B
S3250000E68000220092F430694603F04EFA009802B080BD000080B582B00190019800220092E6
S3250000E6A0E830694603F040FA009802B080BD000080B59AB01990189119980A907021012209
S3250000E6C008920823019305F0F3FD42F67112C0F2010246F20000C4F2060000900021099147
S3250000E6E0F5F78CFD00980899099AF5F701FE00980899F5F765FD6420F7F794F809990A980F
S3250000E700C0F8E4108DF85F109DF85F10032262F35F118DF85F109DF85F1041F001018DF8B5
S3250000E7205F109DF85F1041F00C018DF85F1094300590102106F00AFE0A98BC300290402125
S3250000E740069106F003FE02989DF85F1006F0FEFD01990A98D030049006F0F8FD029A0699A0
S3250000E7600A980C30039004F0EDFF0398049A069904F0E8FF059A06990A9850300B9004F0A0
S3250000E780E1FF06990A9A0B98A83204F0B3FF099944F6BC30C2F20000E430079005F01CFEF7
S3250000E7A0089803F043FC0798089905F015FE09990A980F9142F29921C0F201010E910D9077
S3250000E7C043F6E843C0F2020310A80EA90DAA0BF097F91099119A129B13A80C900BF060FABA
S3250000E7E00B980C9904F090FA0C980BF067FA1AB080BD000080B584B00390039801900121FC
S3250000E800009105F04DFE01980C3004F0C3FF0198503004F0BFFF01980099943006F0DCFD06
S3250000E8200198A830032106F0D7FD0198BC30022106F0D2FD01980099D03006F0CDFD01987B
S3250000E840009900220292C0F8E420E83003F000FA01980099F43003F0FBF90198009900F53E
S3250000E860807003F0F5F90198009900F5867003F0EFF90198009900F58C7003F0E9F9019838
S3250000E880009900F5927002F0F3FE019800F5987007F0AEF9019800F55C6007F0A9F901984F
S3250000E8A041F65021084407F0A3F9019842F2E061084407F09DF9019843F27031084407F032
S3250000E8C003F90198029943F28833C218C15041F2D021C4F25311516043F290324FF40001FD
S3250000E8E0815043F294320521815044F6E801C2F20001086004B080BD80B582B0019001988D
S3250000E900009043F27031084407F0FAF8009842F2E061084407F08AF9009841F650210844F7
S3250000E92007F084F9009800F55C6007F07FF9009800F5987007F07AF90098D03006F07AFDA1
S3250000E9400098BC3006F076FD0098A83006F072FD0098943006F06EFD0098503004F03CFFEB
S3250000E96000980C3004F038FF009802B080BD000080B582B046F20000C4F2060000900021FF
S3250000E980F5F78EFC0146009801910199F5F7FEFB44F6E800C2F20000006840B1FFE744F6BC
S3250000E9A0E800C2F200000068FFF758FBFFE702B080BD000081B000900098002101604160B3
S3250000E9C001B0704781B00090009844F2DC61C0F202010831016001B07047000080B582B0DF
S3250000E9E001908DF8031001980021ADF800109DF803108DF80010406845F60451C0F202014F
S3250000EA006A4609F0CDFE02B080BD000080B584B0039002910192039800900298012819D193
S3250000EA20FFE707F025F900994A69896907F080F950B1FFE7009948688A6945F60261C0F2B4
S3250000EA40020109F0ADFE04E000980B2100F048F8FFE714E0029802280BD1FFE707F008F9D9
S3250000EA600199496807F0BCF900985121FFF7B6FF04E00098022100F033F8FFE7FFE704B0AA
S3250000EA8080BD000080B586B005900491039205980190049802281BD1FFE70198039949685D
S3250000EAA000F0C6FAADF80A00BDF80A0048B9FFE70198406845F63261C0F2020109F070FE20
S3250000EAC005E00198BDF80A1000F00AF8FFE704E00198022100F004F8FFE706B080BD0000A6
S3250000EAE080B582B00190ADF8021001984068BDF8022045F64361C0F2020109F051FE02B0BB
S3250000EB0080BD000080B586B0059004910392059801900498012818D1FFE74FF400200290D1
S3250000EB20FFE702990020B0EB115F09D1FFE70298F5F7F8F9FFE7029800F580400290F0E74E
S3250000EB4001984621FFF74AFF04E001980221FFF7C7FFFFE706B080BD80B584B003900291AC
S3250000EB600192039800900298032806D1FFE700980299019A00F058F90FE00298022806D1B6
S3250000EB80FFE700980299019A00F084F804E000980221FFF7A5FFFFE7FFE704B080BD000059
S3250000EBA080B588B0079006910592079800900DF11300019000F02EFB0098019A05994968B1
S3250000EBC009F09AFD01460198029109F0B5FDC0B1FFE7009802990268136903AA984750B184
S3250000EBE0FFE700984068039A45F64861C0F2020109F0D6FD04E000980221FFF771FFFFE7FC
S3250000EC0004E000980221FFF76BFFFFE708B080BD80B584B00390029101920398009002982D
S3250000EC2001280FD1FFE744F6BC30C2F2000000F586700121002209F0C9FF00985221FFF714
S3250000EC40CDFE04E000980221FFF74AFFFFE704B080BD000080B586B0059004910392059867
S3250000EC600290049801280ED1FFE702984168019100F0FEFA0246019845F64D61C0F2020136
S3250000EC8009F08EFD04E002980221FFF729FFFFE706B080BD80B5AEB02D902C912B922D98C3
S3250000ECA005900DF1AB00069000F0B4FA0598069A2B99496809F020FD01460698299109F07C
S3250000ECC03BFD002800F09F80FFE729980490042800F292800499DFE801F003198F4D810086
S3250000ECE00598406844F21C21C0F200010968C1F30742C1F30723C9B2EC46CCF8001045F69B
S3250000ED005761C0F2020109F04BFD7BE044F6BC30C2F2000000F5A07019A90391402200232A
S3250000ED2009F0DEFFFDF780FC03991890189804313C220BF0E7FB18901898FDF783FC1890B0
S3250000ED401898199988420BD1FFE70598406819A90A1D45F66261C0F2020109F021FD08E0DF
S3250000ED600598406845F60961C0F2020109F018FDFFE747E044F6BC30C2F2000000F5A870EC
S3250000ED8008A902914022002309F0AAFFFDF74CFC02990790079804313C220BF0B3FB079022
S3250000EDA00798FDF74FFC07900798089988420BD1FFE70598406808A90A1D45F66261C0F23F
S3250000EDC0020109F0EDFC08E00598406845F60961C0F2020109F0E4FCFFE713E005984168C9
S3250000EDE0019109F0A1FC0246019845F23061C0F2020109F0D5FC05E0059829990268926815
S3250000EE009047FFE704E005980221FFF769FEFFE72EB080BD80B582B00190009101980221E8
S3250000EE20FFF75EFE02B080BD80B5ACB02B902A9129922B9805900DF1A300069000F0EAF967
S3250000EE400598069A2999496809F056FC01460698279109F071FC002800F0AC80FFE72798C5
S3250000EE600490012808D0FFE70498032840D0FFE70498042878D092E0059809F055FC88B3B0
S3250000EE80FFE729988068F1F7ADFC3B282AD8FFE717A8039004300290299989683B22F1F7F1
S3250000EEA088FDFDF7C1FB0299179017983C220BF029FB17901798FDF7C5FB0399179044F622
S3250000EEC0BC30C2F2000000F5A0704022002305F0C7FF0598406845F22C61C0F2020109F090
S3250000EEE05FFC04E005980221FFF7FAFDFFE760E0059809F019FC88B3FFE729988068F1F79D
S3250000EF0071FC3B282AD8FFE707A8019004300090299989683B22F1F74CFDFDF785FB0099E1
S3250000EF20079007983C220BF0EDFA07900798FDF789FB0199079044F6BC30C2F2000000F5A7
S3250000EF40A8704022002305F08BFF0598406845F22C61C0F2020109F023FC04E00598022115
S3250000EF60FFF7BEFDFFE724E02998806845F60D61C0F20201F1F748FD58B9FFE70598012106
S3250000EF800174406845F22C61C0F2020109F008FC04E005980221FFF7A3FDFFE709E0059832
S3250000EFA027992A9A299BD0F800C0DCF80CC0E047FFE704E005980221FFF792FDFFE72CB0E3
S3250000EFC080BD000080B584B0039002910192009303980221FFF784FD04B080BD80B584B0AA
S3250000EFE0039002910192039841680091C06808F05DF80246009845F65261C0F2020109F08C
S3250000F000CFFB04B080BD000082B00190009101990098486002B0704780B584B00390029109
S3250000F020019203984121FFF7D9FC04B080BD000080B590B00F900E910020ADF836000E982A
S3250000F040F1F7D0FB0C900C980A28C0F0D280FFE70E980078532840F0CC80FFE700208DF8FD
S3250000F0602F008DF82E0002200A90FFE70A980C990239884217D2FFE70E980A99084445F61B
S3250000F0803D61C0F202010DF12D02F1F7DFFA9DF82D109DF82F0008448DF82F00FFE70A980B
S3250000F0A002300A90E2E70E980C990844023845F63D61C0F202010DF12E02F1F7C7FA9DF8EA
S3250000F0C02F00C0438DF82F009DF82F009DF82E10884240F08980FFE70E98407830380146B7
S3250000F0E00491072800F27B800499DFE801F0777878047877787702200990002003908DF8C8
S3250000F100230007900E980999084445F63461C0F202010DF1230207ABF1F798FA03989DF897
S3250000F1202310053989088DF8231009990A3109910590FFE705999DF8232000209142029022
S3250000F14007D2FFE7BDF83600B0FA80F040090290FFE70298C00700283FD0FFE70E9809995E
S3250000F160084445F63D61C0F20201009106AA0192F1F76CFA0099019A0E98099B1844023081
S3250000F1800132F1F763FA0099019A0E98099B184404300232F1F75AFA0099019A0E98099BF5
S3250000F1A0184406300332F1F751FA01980799059A01EB820101F504210422F4F7F9FE20B114
S3250000F1C0FFE70420ADF83600FFE7099808300990FFE7059801300590ACE704E003E0052024
S3250000F1E0ADF83600FFE703E00620ADF83600FFE703E00720ADF83600FFE7BDF8360010B008
S3250000F20080BD000081B0009000990020087001B07047000081B0009000980121017001B0B4
S3250000F2207047000085B004900391029201208DF8070003980090022808D3FFE7009803289A
S3250000F24004D0FFE70098042804D007E002990020086007E002990120086003E000208DF8B9
S3250000F2600700FFE79DF8070000F0010005B0704780B586B004904FF40420039000200290F7
S3250000F280FFE7039844F2FF21C0F20801884214D8FFE703980190019800684AF65521CAF697
S3250000F2A05521884201D1FFE707E0FFE7039801300390029801300290E3E7019800684AF6BC
S3250000F2C05521CAF65521884258D1FFE7FDF7ACF900900098019918220BF014F900900098DE
S3250000F2E0FDF7B0F90090009801998969884204D0FFE700208DF8170044E0FDF795F9009041
S3250000F3000098029A4FF404210BF0FCF800900098FDF798F90090009801990969884204D0DD
S3250000F320FFE700208DF817002CE0FDF77DF900900098019A9168D26801F500210BF0E2F8CD
S3250000F34000900098FDF77EF90090009801994969884212D1FFE70198406844F20421C0F2BF
S3250000F36000010968884204D1FFE701208DF8170008E000208DF8170004E0FFE700208DF8C0
S3250000F3801700FFE79DF8170006B080BD80B5B2B0319030912F923198199045F22061C0F215
S3250000F3A002012EA81B9005F0A5FD2F9801682DA81A9005F09FFD1B981A9909F0BFFC01468B
S3250000F3C01A981C9105F09EFD1B9805F09BFD1C9838B1FFE7199830992F9A03685B68984725
S3250000F3E024E145F62E61C0F202012CA8179005F081FD2F9801682BA8169005F07BFD1798D0
S3250000F400169909F09BFC01461698189105F07AFD179805F077FD189830B1FFE71998309994
S3250000F4202F9AFFF76FFB00E146F69111C0F202012AA8149005F05EFD2F98016829A81390BF
S3250000F44005F058FD1498139909F078FC01461398159105F057FD149805F054FD159830B136
S3250000F460FFE7199830992F9AFFF7D2FBDCE045F63261C0F2020128A8119005F03BFD2F98F6
S3250000F480016827A8109005F035FD1198109909F055FC01461098129105F034FD119805F075
S3250000F4A031FD129830B1FFE7199830992F9AFFF7E9FAB8E045F22C61C0F2020126A80E900E
S3250000F4C005F018FD2F98016825A80D9005F012FD0E980D9909F032FC01460D980F9105F08A
S3250000F4E011FD0E9805F00EFD0F9830B1FFE7199830992F9AFFF730FB94E046F69911C0F274
S3250000F500020124A80B9005F0F5FC2F98016823A80A9005F0EFFC0B980A9909F00FFC01468F
S3250000F5200A980C9105F0EEFC0B9805F0EBFC0C9830B1FFE7199830992F9AFFF78BFB70E0AE
S3250000F54045F2CD61C0F2020122A8089005F0D2FC2F98016821A8079005F0CCFC08980799D9
S3250000F56009F0ECFB01460798099105F0CBFC089805F0C8FC099830B1FFE7199830992F9A65
S3250000F580FFF72CFD4CE045F63061C0F2020120A8059005F0AFFC2F9801681FA8049005F01C
S3250000F5A0A9FC0598049909F0C9FB01460498069105F0A8FC059805F0A5FC069830B1FFE7FE
S3250000F5C0199830992F9AFFF7EBFA28E046F25F41C0F202011EA8029005F08CFC2F9801686D
S3250000F5E01DA8019005F086FC0298019909F0A6FB01460198039105F085FC029805F082FC73
S3250000F600039830B1FFE7199830992F9AFFF7FEF904E019980121FFF763FAFFE7FFE7FFE796
S3250000F620FFE7FFE7FFE7FFE7FFE7FFE732B080BD80B584B003900291019203980090FFF7FE
S3250000F640C1F9009844F2E861C0F202010831016000214160029A8260019AC2600174802171
S3250000F660416140690AF0C0FC01460098816104B080BD000080B588B0079006910798039004
S3250000F68044F20471C0F20201083140F8041B049006980590B0F1FF3F02DCFFE70AF0ECFC28
S3250000F6A005980AF0A1FC049A014603981160069981600C3002900AF009F901900AF006F94B
S3250000F6C0019A03460298002102F0ACFB039808B080BD000081B00090FEDE000080B584B056
S3250000F6E0029002980090039044F20471C0F20201083101604068019020B1FFE701980AF038
S3250000F70052FCFFE700980C3002F0E4FB039804B080BD00000000000010B59CB01B901A9117
S3250000F7201B9819901A9904316B46002418941C62DC619C615C611C61DC609C6040F640520C
S3250000F740C0F203025A60012216921A60162240F6B833179301F0F4F81998169A179B40308A
S3250000F7601A990431EC46CCF82040CCF81C40CCF81840CCF81440CCF81040CCF80C40CCF809
S3250000F780084044F6F01EC0F2020ECDF828E0CCF804E0CCF80020172201F0D2F81998169A63
S3250000F7A0179BDDF828E080301A990431EC46CCF82040CCF81C40CCF81840CCF81440CCF8AE
S3250000F7C01040CCF80C40CCF80840CCF804E0CCF80020182201F0B4F81998169A179BC03051
S3250000F7E01A990431EC46CCF82040CCF81C40CCF81840CCF81440CCF81040CCF80C40CCF889
S3250000F800084045F6603EC0F2030ECCF804E0CCF80020192201F094F81998179B00F5807072
S3250000F8201A9904316A461462D461946154611461D46094604AF6202CC0F2440CCDF82CC0F9
S3250000F840C2F804C014601E2201F0B0F91998DDF82CC0179B00F5A0701A9904316A4614629F
S3250000F860D461946154611461D4609460C2F804C014601F2201F09AF91998DDF82CC0179B2B
S3250000F88000F5C0701A9904316A461462D461946154611461D4609460C2F804C0146020227F
S3250000F8A001F084F91998DDF82CC0179B00F5E0701A9904316A461462D46194615461146109
S3250000F8C0D4609460C2F804C01460212201F06EF91998169A179B00F500701A990431EC46DB
S3250000F8E0CCF800200E229FEDFC0B8DED0C0B9FEDFC7B8DED127BB0EE471AF0EE671AB0EEC4
S3250000F900472AF0EE672AB0EE473AF0EE673AB0EE474AF0EE674AB0EE475AF0EE675AB0EE29
S3250000F920476AF0EE676A00F0BBFE19989DED127B169A179B00F510701A990431EC46CCF83B
S3250000F94000200F229FEDE80B8DED0E0BB0EE471AF0EE671AB0EE472AF0EE672AB0EE473A43
S3250000F960F0EE673AB0EE474AF0EE674AB0EE475AF0EE675AB0EE476AF0EE676A00F090FEEA
S3250000F98019989DED127B169A179B00F520701A990431EC46CCF8002010229FEDEB0B8DED86
S3250000F9A0100BB0EE471AF0EE671AB0EE472AF0EE672AB0EE473AF0EE673AB0EE474AF0EE9F
S3250000F9C0674AB0EE475AF0EE675AB0EE476AF0EE676A00F065FE19989DED0C0B9DED127BD8
S3250000F9E0169A179B00F530701A990431EC46CCF800201122B0EE471AF0EE671AB0EE472A6C
S3250000FA00F0EE672AB0EE473AF0EE673AB0EE474AF0EE674AB0EE475AF0EE675AB0EE476AE8
S3250000FA20F0EE676A00F03CFE19989DED0E0B9DED127B169A179B00F540701A990431EC465B
S3250000FA40CCF800201222B0EE471AF0EE671AB0EE472AF0EE672AB0EE473AF0EE673AB0EE70
S3250000FA60474AF0EE674AB0EE475AF0EE675AB0EE476AF0EE676A00F013FE19989DED100B2D
S3250000FA809DED127B169A179B00F550701A990431EC46CCF800201322B0EE471AF0EE671AA1
S3250000FAA0B0EE472AF0EE672AB0EE473AF0EE673AB0EE474AF0EE674AB0EE475AF0EE675A88
S3250000FAC0B0EE476AF0EE676A00F0EAFD1998169A179B00F560701A990431EC46CCF8204035
S3250000FAE0CCF81C40CCF81840CCF81440CCF81040CCF80C40CCF808404FF0500ECCF804E037
S3250000FB00CCF800202B2201F051F81998169A179B00F570701A990431EC46CCF82040CCF88A
S3250000FB201C40CCF81840CCF81440CCF81040CCF80C40CCF808404FF0960ECCF804E0CCF8B0
S3250000FB4000202F2201F032F81998169A179B00F580601A990431EC46CCF82040CCF81C40CD
S3250000FB60CCF81840CCF81440CCF81040CCF80C40CCF808404FF0280ECDF854E0CCF804E005
S3250000FB80CCF800202C2201F011F81998169A179B00F588601A990431EC46CCF82040CCF841
S3250000FBA01C40CCF81840CCF81440CCF81040CCF80C40CCF808404FF0050ECCF804E0CCF8C1
S3250000FBC000202D2200F0F2FF1998169A179BDDF854E000F590601A990431EC46CCF8204090
S3250000FBE0CCF81C40CCF81840CCF81440CCF81040CCF80C40CCF80840CCF804E0CCF80020EF
S3250000FC002E2200F0D3FF1998169A179BDDF860E000F598601A990431EC46CCF820E0CCF815
S3250000FC201CE0CCF818E0CCF814E0CCF810E0CCF80CE0CCF808E048F2702EC0F2030ECCF8DF
S3250000FC4004E0CCF800201A2200F0B0FF1998169A179BDDF860E000F5A0601A990431EC46C4
S3250000FC60CCF820E0CCF81CE0CCF818E0CCF814E0CCF810E0CCF80CE0CCF808E04FF2A07E17
S3250000FC80C0F2030ECCF804E0CCF800201B2200F08DFF1998169A179BDDF860E000F5A86031
S3250000FCA01A990431EC46CCF820E0CCF81CE0CCF818E0CCF814E0CCF810E0CCF80CE0CCF804
S3250000FCC008E044F2C05EC0F2040ECCF804E000F00FB800BF00BF00BF9A9999999999F13FBB
S3250000FCE000000000000000000000000000002640CCF800201C2200F059FF1998169A179B1B
S3250000FD00DDF860E000F5B0601A990431EC46CCF820E0CCF81CE0CCF818E0CCF814E0CCF8ED
S3250000FD2010E0CCF80CE0CCF808E043F2200EC0F2050ECCF804E0CCF800201D2200F036FF59
S3250000FD4019981CB010BD00BF0000000000C05B4080B582B001900198009000F5B06000F023
S3250000FD609FFF009800F5A86000F09AFF009800F5A06000F095FF009800F5986000F090FFAC
S3250000FD80009800F5906000F08BFF009800F5886000F086FF009800F5806000F081FF009807
S3250000FDA000F5707000F07CFF009800F5607000F077FF009800F5507000F006FD009800F56D
S3250000FDC0407000F001FD009800F5307000F0FCFC009800F5207000F0F7FC009800F510705D
S3250000FDE000F0F2FC009800F5007000F0EDFC009800F5E07000F054FF009800F5C07000F07C
S3250000FE004FFF009800F5A07000F04AFF009800F5807000F045FF0098C03000F00BFE0098EE
S3250000FE20803000F007FE0098403000F003FE009800F000FE009802B080BD000080B586B0A6
S3250000FE4005900491059801900498012830DBFFE7019800F5B07001F0A1FA0198903008F003
S3250000FE6033FE039003980499484342F64101C9F68501A0FB0110400C02900298039902393B
S3250000FE80884204D9FFE703980238029006E0029818B9FFE701200290FFE7FFE70198903059
S3250000FEA00090029903F064FD009804F0DBF809E0019800F5B07001F079FA0198903004F016
S3250000FEC0E1F8FFE706B080BD80B58AB0099008910792099805900898069020B1FFE706986F
S3250000FEE0012833D065E005990798C1F868010798049040B1FFE70498012810D0FFE70498FB
S3250000FF00022817D021E0059878300121039104F063FA05980399843004F05EFA15E00598B2
S3250000FF207830002104F058FA05988430012104F053FA0AE005987830012104F04DFA0598CF
S3250000FF408430002104F048FAFFE732E005990798C1F86C010798029040B1FFE7029801286A
S3250000FF6010D0FFE70298022817D021E0059860300121019104F030FA059801996C3004F043
S3250000FF802BFA15E005986030002104F025FA05986C30012104F020FA0AE00598603001213E
S3250000FFA004F01AFA05986C30002104F015FAFFE7FFE70AB080BD000043F6E070C2F20000D6
S3250000FFC00068704781B0009001B0704780B596B0159015980E9044F20000CFF20000F6F784
S3250000FFE023FE022003F042FF0E986A460021129111604D2101220F9209230B9304F090F980
S325000100000E980F9A129930306B461960342108230C9304F085F90C9B0E980F9A12993C30B7
S32500010020EC46CCF80010352104F07AF90C9B0E980F9A12994830EC46CCF80010362104F08C
S325000100406FF90C9B0E980F9A12995430EC46CCF80010372104F064F90B9B0E980F9A1299BD
S325000100606030EC46CCF80010682104F059F90B9B0E980F9A12996C30EC46CCF80010692148
S3250001008004F04EF90B9B0E980F9A12997830EC46CCF800104021119104F042F90B9B0E9852
S325000100A00F9A12998430EC46CCF80010412104F037F90C9B0E980F9A1299E430EC46CCF8FA
S325000100C00010712104F02CF90C9B0E980F9A12990C30EC46CCF800102A2104F021F90C9B7B
S325000100E00E980F9A183069460A602B2104F018F90C9B0E980F9A12992430EC46CCF80010FD
S32500010100302104F00DF90C9B0E980F9A90300D9043F6E071C2F20001D1F800C069464FF084
S32500010120040EC1F80CE0C1F808C04B600A602823114603F0B7FF0D9841F2883104F060F843
S325000101400D984FF47A7104F025F80D98129903F079FF0D9803F096FF0E98AC301090FFF7B4
S325000101602BFF0F99034610986A4611601921182203F03CFB119A129B44F6BC30C2F20000C4
S3250001018000F5A07044F2E851C2F20001139108F0A7FDFCF74DFA13991490149804313C2226
S325000101A00AF0B0F914901498FCF756FA139914901498096888420CD0FFE744F2E850C2F2E7
S325000101C00000043045F2CC71C0F20201F0F7E6FAFFE744F6BC30C2F2000000F5A87044F2F1
S325000101E0A851C2F200010A914022002308F078FDFCF71EFA0A991490149804313C220AF032
S3250001020081F914901498FCF727FA0A9914901498096888420CD0FFE744F2A850C2F2000027
S32500010220043045F2CC71C0F20201F0F7B7FAFFE7082009F0DBFE0690242009F0D7FE0590A5
S3250001024044F2E851C2F200010B1D45F66D61C0F2020145F67162C0F2020201F0C7FF069874
S32500010260059B41F6BE41022202F08AF90E980699C0F8F010D0F8F0000790FFF79DFE0146E4
S3250001028007986B464FF480721A604FF4D0620023099302F0A9F80E99D1F8F000F43102F01A
S325000102A053F90E99D1F8F00001F5807102F056F90E9800F586700890FFF77EFE099A0146DE
S325000102C0089804F03DFAF5F77BFBFFF775FE44F6D351C1F26201A0FB01108009F6F7B4FD3A
S325000102E0F6F7A8FDF6F79CFD0E98099A0121FFF7EBFD0E98099A1146FFF7E6FD0E980999D5
S3250001030000F002F816B080BD80B58AB0099008910998069008980790042873D80799DFE8FC
S3250001032001F0035B19452F00069830300021059104F052F8069805993C3004F04DF8069868
S325000103400599483004F048F806980599543004F043F857E006983030012104F03DF806983F
S325000103603C300021049104F037F806980499483004F032F806980499543004F02DF841E067
S32500010380069830300021039104F026F806983C30012104F021F806980399483004F01CF89E
S325000103A006980399543004F017F82BE0069830300021029104F010F8069802993C3004F023
S325000103C00BF806984830012104F006F806980299543004F001F815E0069830300021019199
S325000103E003F0FAFF019906983C3003F0F5FF01990698483003F0F0FF06985430012103F0B6
S32500010400EBFFFFE70AB080BD80B588B00790079806900121019104F043F8069801990C307E
S3250001042004F03EF806980199183004F039F806980199243004F034F806980199303004F0AE
S325000104402FF8069801993C3004F02AF806980199483004F025F806980199543004F020F82B
S3250001046006980199603004F01BF8069801996C3004F016F806980199783004F011F8069855
S325000104800199843004F00CF80698903003F0F8FE0698AC3003F01EFA06980199E43003F004
S325000104A0FFFF069800210291C0F8F010F4304FF48061039101F054FA069800F5807064210A
S325000104C001F04EFA069800F5867004F07BF9069800F58E70049004F0D1F80698029A039B31
S325000104E0049900F5987004F0D1FC0698039A049900F5A0704023059304F0C8FC06980499CF
S32500010500059B00F5A8704FF4886204F0BFFC069800F5B07000F058FF069808B080BD0000BE
S3250001052080B582B001900198009000F58E7004F0D3F80098AC3003F003FA009802B080BDF6
S3250001054080B586B0059004918DED020B059801900498002801D4FFE70AE045F2A840C0F210
S32500010560020045F26951C0F202017522F0F7D6F8049808B9FFE70AE045F27140C0F20200B7
S3250001058045F26951C0F202017622F0F7C7F80198049900EBC10090ED0A0B029A039B51EC85
S325000105A0100B0FF0FDF958B9FFE701999DED020B049801EBC00080ED0A0B01200874FFE7AF
S325000105C001983030002109F0DBFB40B1FFE70198303004999DED020B08F0C8FEFFE706B0CD
S325000105E080BD000080B582B0019001980090007CC00788B1FFE7009808F0AEF930B1FFE736
S3250001060000994868026892689047FFE700994868026852689047FFE702B080BD80B586B0E5
S3250001062005908DED020B01910598009001999DED020B0268526990470098016889698847E9
S3250001064006B080BD80B586B00590059803903030002109F095FB08B3FFE700200490FFE72B
S3250001066003980499029101680969884701460298884212D2FFE7039804990191034653F82B
S32500010680302B0093D26890470098019908F06EFEFFE7049801300490E2E7FFE706B080BDD5
S325000106A0B0B5B2B084463698CDF8C0C02F918DF8BB202D938DF8B3008DED2A0B8DED281B0B
S325000106C08DED262B8DED243B8DED224B8DED205B8DED1E6B8DED1C7B30980690319044F22A
S325000106E0FC71C0F2020101F10802079202602C31099140F8241F08902F98059004F0BEFFC3
S325000107000599024606989DF8BB3000F1280C2D9C9DF8B3E00EF00105EE46CEF80850CEF89C
S325000107200440CEF800C000F095FD089800F0CCFA0698079B089A0999036011603030002137
S325000107400A9109F0DBFA0A989DED2A0B8DED0C0B9DED280B8DED0E0B9DED260B8DED100B97
S325000107609DED240B8DED120B9DED220B8DED140B9DED200B8DED160B9DED1E0B8DED180B32
S325000107809DED1C0B8DED1A0B0B90FFE706980B99049101680969884701460498884210D271
S325000107A0FFE706980B990CAA02EBC10292ED000B00EBC10080ED0A0BFFE70B9801300B9097
S325000107C0E4E7319832B0B0BD80B582B001900198009044F2FC71C0F2020101F10802026058
S325000107E02C314162303009F095FA009802B080BD80B584B00390029101920398009002989C
S32500010800002801D4FFE70AE045F2A840C0F2020045F26951C0F202017522EFF77FFF0298F6
S32500010820012801D8FFE70AE045F27140C0F2020045F26951C0F202017622EFF76FFF009819
S32500010840029900EB8100806A0199884209D0FFE700990198029A01EB8202906201200874B0
S32500010860FFE700983030002109F094FA38B1FFE7009830300299019A08F08EFDFFE704B0D1
S3250001088080BD000080B582B0019001980090007CC00788B1FFE7009808F05EF830B1FFE7E4
S325000108A000994868026892689047FFE700994868026852689047FFE702B080BD80B584B045
S325000108C0039002910192039800900199029A03685B699847009801688969884704B080BD36
S325000108E080B586B00590059803903030002109F051FA10B3FFE700200490FFE70398049981
S32500010900029101680969884701460298884213D2FFE7039804990091034653F8302B0193D1
S32500010920D268904700990246019808F035FDFFE7049801300490E1E7FFE706B080BD000013
S32500010940B0B59AB0844626982598249823982298219820981F981E98CDF860C017918DF87B
S325000109605B2015938DF8530018980690199044F63C01C0F2020101F10802079202602C3106
S32500010980099140F8241F08901798059004F078FE0599024606989DF85B3000F1280C159C7B
S325000109A09DF853E00EF00105EE46CEF80850CEF80440CEF800C000F04DFC089800F090F930
S325000109C00698079B089A099903601160303000210A9109F0A9F90A981F990C9120990D91B3
S325000109E021990E9122990F91239910912499119125991291269913910B90FFE706980B99F9
S32500010A0004910168096988470146049888420DD2FFE706990B9A0CA850F8220001EB82014D
S32500010A208862FFE70B9801300B90E7E719981AB0B0BD000080B582B001900198009044F65F
S32500010A403C01C0F2020101F1080202602C314162303009F075F9009802B080BD80B584B088
S32500010A60039002910192039800900298002801D4FFE70AE045F2A840C0F2020045F2695160
S32500010A80C0F202017522EFF749FE0298012801D8FFE70AE045F27140C0F2020045F26951DD
S32500010AA0C0F202017622EFF739FE0098029900EB8100806A0199884209D0FFE700990198E7
S32500010AC0029A01EB8202906201200874FFE700983030002109F068F938B1FFE70098303054
S32500010AE00299019A08F06CFCFFE704B080BD000080B582B0019001980090007CC00788B1E5
S32500010B00FFE7009807F028FF30B1FFE700994868026892689047FFE7009948680268526894
S32500010B209047FFE702B080BD80B584B0039002910192039800900199029A03685B69984771
S32500010B40009801688969884704B080BD80B586B00590059803903030002109F025F910B350
S32500010B60FFE700200490FFE703980499029101680969884701460298884213D2FFE7039868
S32500010B8004990091034653F8302B0193D268904700990246019808F013FCFFE70498013058
S32500010BA00490E1E7FFE706B080BD0000B0B59AB08446269825982498239822982198209863
S32500010BC01F981E98CDF860C017918DF85B2015938DF8530018980690199044F67C01C0F23C
S32500010BE0020101F10802079202602C31099140F8241F08901798059004F044FD059902468B
S32500010C0006989DF85B3000F1280C159C9DF853E00EF00105EE46CEF80850CEF80440CEF84B
S32500010C2000C000F017FB089800F066F80698079B089A099903601160303000210A9109F090
S32500010C4089F80A981F990C9120990D9121990E9122990F91239910912499119125991291ED
S32500010C60269913910B90FFE706980B9904910168096988470146049888420DD2FFE70699F7
S32500010C800B9A0CA850F8220001EB82018862FFE70B9801300B90E7E719981AB0B0BD000026
S32500010CA080B582B001900198009044F67C01C0F2020101F1080202602C314162303009F0E9
S32500010CC055F8009802B080BD81B00090009844F6BC01C0F202010831016001B07047000032
S32500010CE081B00090009844F6D801C0F202010831016001B07047000081B00090009844F637
S32500010D00F401C0F202010831016001B07047000080B58CB00B900B98039090F83400C0075B
S32500010D2020B9FFE7039800F0C7F8FFE703980C300A900A9807F0B4FF09900A9807F098FF37
S32500010D400890FFE709A808A907F0BEFFA0B3FFE709A807F0B1FF01460868496807910690D1
S32500010D600798029070B1FFE7029843F62C61C0F2020143F61862C0F20202002309F0F2FAAE
S32500010D80019002E000200190FFE701980590059860B1FFE7059807F0C1FD30B1FFE70398CC
S32500010DA00599026892689047FFE7FFE7FFE709A804F01AF80490C5E70CB080BD80B58AB042
S32500010DC008908DF81F100692059308980390059900200860FFE70398059909680C310291D7
S32500010DE080680168096988470146029888422DD2FFE7039880680699059A13680268D2F85A
S32500010E0000C00C22E0470DF11200019004F086FD019806990A2204F075FD019808F052F8F9
S32500010E200699498988420BD1FFE79DF81F000699097A884204D1FFE701208DF8270009E09D
S32500010E40FFE7059908680C300860C4E700208DF82700FFE79DF827000AB080BD80B588B076
S32500010E600790069107980190806808B1FFE70AE046F62E00C0F2020046F6AD01C0F20201DF
S32500010E80C922EFF74BFC069807F070FD0146019803AA02ABFFF792FF58B1FFE70698C168BA
S32500010EA00398049A4A6008600698016849688847FFE708B080BD000080B58CB00B900B98CF
S32500010EC003900C300A900A9807F0EAFE09900A9807F0CEFE0890FFE709A808A907F0F4FE5A
S32500010EE090B3FFE709A807F0E7FE014608684968079106900798029070B1FFE7029843F694
S32500010F002C61C0F2020143F61862C0F20202002309F028FA019002E000200190FFE701983E
S32500010F200590059850B1FFE7059807F015FD28B1FFE703980599FFF791FFFFE7FFE709A8F0
S32500010F4003F052FF0490C7E70399012081F834000CB080BD80B588B00790069107980190D6
S32500010F60806808B1FFE70AE046F62E00C0F2020046F6AD01C0F20201B122EFF7CFFB06981B
S32500010F8007F0F4FC0146019803AA02ABFFF716FF30B1FFE701980699029A00F01BF817E089
S32500010FA0019802A900F0A4F830B1FFE701980699029A00F00FF80AE045F2CC70C0F20200B7
S32500010FC046F6AD01C0F20201C222EFF7A7FBFFE708B080BD80B58AB0099008910792099849
S32500010FE002900898C1680868496805910490089807F0C2FC8DF819000898407A8DF818005A
S325000110000DF10E00009004F089FC009804A901910A2204F077FC009807F054FF0199024686
S325000110200298ADF81A208068079B0268D2F804C00C22E0470AB080BD80B584B003900291D3
S325000110408DF8072003980C309DF80710029A03F0F9FD04B080BD000080B590B00F900E9131
S325000110600F98039000F128010DA800F071F9039801218DF8331018300B900B9807F086FE80
S325000110800A900B9807F06AFE0990FFE70AA809A907F08EFEF0B1FFE70AA807F083FE00682E
S325000110A00890089801900E990DF11600029000F0C5F80198029902681268904720B9FFE7B8
S325000110C000208DF83300FFE7FFE70AA804F024F80490DBE79DF83300C00720B1FFE70E9861
S325000110E000F0A0F8FFE70DA800F046F910B080BD80B58CB00A9009910A98049009990020FD
S325000111000860FFE70498099909680C310391806801680969884701460398884227D2FFE7DD
S325000111200498806809990B680168D1F800C006A901910C22E0470DF11600029004F0EEFB04
S32500011140029801990A2204F0DDFB029807F0BAFEBDF82210884204D0FFE701208DF82F00D3
S3250001116009E0FFE7099908680C300860CAE700208DF82F00FFE79DF82F000CB080BD0000BB
S3250001118080B586B0059004910598029000F062FF0298043000F092F8029844F61011C0F244
S325000111A0020101F10802026020314160049981600C3003F025FE0298183003F0B9FF0298DE
S325000111C02830019008F082FB009008F07FFB009A034601980021039100F024FE029803992F
S325000111E080F8341006B080BD80B582B001900198009044F61011C0F2020101F108020260AA
S3250001120020314160283000F065FE0098183003F0ABFF009802B080BD81B00090012001B093
S325000112207047000080B582B00190019800210174143000F0BBF802B080BD000080B582B08C
S325000112400191019B197A5A7ADB6800F069F802B080BD000080B586B084460A98DDF824E0BF
S32500011260DDF820E0CDF814C004918DF80F208DF80E308DF80D000598029004999DF80F20CB
S325000112809DF80E30DDF820C0EE46CEF800C000F021F8029844F63C11C0F20201083101608C
S325000112A0143000F091F802980999C1619DF80D1001F0010180F8201006B080BD81B000900B
S325000112C0009844F64C11C0F202010831016001B07047000080B584B0DDF818C003900291E5
S325000112E08DF807208DF806300399009144F66010C0F2020008300860029848609DF8070077
S3250001130008729DF8060048720698C86002989DF8062003681B689847009804B080BD000086
S3250001132083B002908DF807108DF80620009302989DF8071001709DF806104170009A1168E1
S325000113405268C0F80620C0F8021003B07047000080B584B0029001910298009003900199D6
S325000113600160006828B1FFE70098006800F0FAFCFFE7039804B080BD80B584B002900298F1
S3250001138001900390006828B1FFE70198006800F019FDFFE7039804B080BD000081B00090C1
S325000113A000990020087101B07047000080B582B0019001990091012008710CF057FC0099E7
S325000113C0086002B080BD000081B00090009800210160017101B0704782B00190009101990C
S325000113E00098886002B0704780B584B003900291039800210091406802996A4602230BF00E
S32500011400C9FF0190009860B1FFE74EF60451CEF200014FF080500860BFF34F8FBFF36F8FCC
S32500011420FFE701980138B0FA80F0400904B080BD80B582B00190019840680CF09DF8013896
S32500011440B0FA80F0400902B080BD000080B582B00190019840680CF07DF80138B0FA80F036
S32500011460400902B080BD000080B582B00190019840680BF0EFF9002818BF012002B080BD02
S3250001148080B586B0059004918DF80F2005980290049902689368002298478DF80E00FFE751
S325000114A09DF80E100020C907019021B9FFE79DF80F000190FFE70198C00760B1FFE70A2095
S325000114C00BF084FB0298049902689368002298478DF80E00E4E79DF80E0000F0010006B046
S325000114E080BD000080B586B00590049103920598019040680499039A00230BF095FE014676
S3250001150001980291806830B1FFE701988068016809688847FFE702980138B0FA80F04009A3
S3250001152006B080BD80B584B0039002910192039840680299019A0CF0DFF80138B0FA80F0F0
S32500011540400904B080BD000080B584B0039002910192039840680299019A0CF021F8013861
S32500011560B0FA80F0400904B080BD000080B582B001900198406800210BF006FE02B080BDC8
S3250001158080B586B00590049105980190002303934068049903AA0BF0FDFE014601980139C6
S325000115A0B1FA81F149098DF80B10806830B1FFE701988068016809688847FFE7039860B1AA
S325000115C0FFE74EF60451CEF200014FF080500860BFF34F8FBFF36F8FFFE79DF80B0000F097
S325000115E0010006B080BD000080B584B003900291039800210091406802996A460CF026F906
S325000116000190009860B1FFE74EF60451CEF200014FF080500860BFF34F8FBFF36F8FFFE7AC
S3250001162001980138B0FA80F0400904B080BD000080B584B003900291039800904068029980
S32500011640002202230BF0F0FD014600980191806830B1FFE700988068016809688847FFE725
S3250001166001980138B0FA80F0400904B080BD000080B584B00290019102980090039000F003
S3250001168013FB009844F66C11C0F202010831016000228260019801210BF04EFD01460098B3
S325000116A04160406808B1FFE70AE045F2B160C0F2020045F24A71C0F202012722EFF72EF859
S325000116C0039804B080BD000082B00190009101990098886002B0704780B584B00390029111
S325000116E0039800210091406802996A4602230BF051FE0190009860B1FFE74EF60451CEF2BB
S3250001170000014FF080500860BFF34F8FBFF36F8FFFE701980138B0FA80F0400904B080BDFE
S3250001172080B582B00190019840680BF025FF0138B0FA80F0400902B080BD000080B582B058
S325000117400190019840680BF005FF0138B0FA80F0400902B080BD000080B582B00190019895
S3250001176040680BF077F8002818BF012002B080BD80B586B0059004918DF80F2005980290C9
S32500011780049902689368002298478DF80E00FFE79DF80E100020C907019021B9FFE79DF83D
S325000117A00F000190FFE70198C00760B1FFE70A200BF00CFA0298049902689368002298477D
S325000117C08DF80E00E4E79DF80E0000F0010006B080BD000080B586B0059004910392059856
S325000117E0019040680499039A00230BF01DFD014601980291806830B1FFE70198806801682B
S3250001180009688847FFE702980138B0FA80F0400906B080BD80B584B00390029101920398B5
S3250001182040680299019A0BF067FF0138B0FA80F0400904B080BD000080B584B00390029146
S325000118400192039840680299019A0BF0A9FE0138B0FA80F0400904B080BD000080B582B0DF
S3250001186001900198406800210BF08EFC02B080BD80B586B00590049105980190002303937E
S325000118804068049903AA0BF085FD014601980139B1FA81F149098DF80B10806830B1FFE7FA
S325000118A001988068016809688847FFE7039860B1FFE74EF60451CEF200014FF080500860AE
S325000118C0BFF34F8FBFF36F8FFFE79DF80B0000F0010006B080BD000080B584B003900291C8
S325000118E0039800210091406802996A460BF0AEFF0190009860B1FFE74EF60451CEF200017F
S325000119004FF080500860BFF34F8FBFF36F8FFFE701980138B0FA80F0400904B080BD0000FD
S3250001192080B584B0039002910398009040680299002202230BF078FC014600980191806894
S3250001194030B1FFE700988068016809688847FFE701980138B0FA80F0400904B080BD000084
S3250001196080B584B00290019102980090039000F0A7F9009844F6A811C0F2020108310160AC
S3250001198000228260019801210BF0D6FB014600984160406808B1FFE70AE045F2B160C0F20A
S325000119A0020045F24A71C0F202012722EEF7B6FE039804B080BD000082B00190009101991B
S325000119C00098886002B0704780B584B003900291039800210091406802996A4602230BF028
S325000119E0D9FC0190009860B1FFE74EF60451CEF200014FF080500860BFF34F8FBFF36F8FDA
S32500011A00FFE701980138B0FA80F0400904B080BD80B582B00190019840680BF0ADFD01389C
S32500011A20B0FA80F0400902B080BD000080B582B00190019840680BF08DFD0138B0FA80F03C
S32500011A40400902B080BD000080B582B00190019840680AF0FFFE002818BF012002B080BD08
S32500011A6080B586B0059004918DF80F2005980290049902689368002298478DF80E00FFE76B
S32500011A809DF80E100020C907019021B9FFE79DF80F000190FFE70198C00760B1FFE70A20AF
S32500011AA00BF094F80298049902689368002298478DF80E00E4E79DF80E0000F0010006B053
S32500011AC080BD000080B586B00590049103920598019040680499039A00230BF0A5FB014683
S32500011AE001980291806830B1FFE701988068016809688847FFE702980138B0FA80F04009BE
S32500011B0006B080BD80B584B0039002910192039840680299019A0BF0EFFD0138B0FA80F0F6
S32500011B20400904B080BD000080B584B0039002910192039840680299019A0BF031FD013867
S32500011B40B0FA80F0400904B080BD000080B582B001900198406800210BF016FB02B080BDD5
S32500011B6080B586B00590049105980190002303934068049903AA0BF00DFC014601980139D2
S32500011B80B1FA81F149098DF80B10806830B1FFE701988068016809688847FFE7039860B1C4
S32500011BA0FFE74EF60451CEF200014FF080500860BFF34F8FBFF36F8FFFE79DF80B0000F0B1
S32500011BC0010006B080BD000080B584B003900291039800210091406802996A460BF036FE0C
S32500011BE00190009860B1FFE74EF60451CEF200014FF080500860BFF34F8FBFF36F8FFFE7C7
S32500011C0001980138B0FA80F0400904B080BD000080B584B00390029103980090406802999A
S32500011C20002202230BF000FB014600980191806830B1FFE700988068016809688847FFE731
S32500011C4001980138B0FA80F0400904B080BD000080B584B00290019102980090039000F01D
S32500011C603BF8009844F6E411C0F202010831016000228260019804210BF05EFA0146009820
S32500011C804160406808B1FFE70AE045F2B160C0F2020045F24A71C0F202012722EEF73EFD5F
S32500011CA0039804B080BD000081B00090009844F62021C0F202010831016001B07047000006
S32500011CC081B00090009844F65C21C0F202010831016001B07047000081B00090009844F6A3
S32500011CE09821C0F202010831016001B07047000080B584B003900398009000210291007A18
S32500011D000146019158B1FFE701980138C0B202280BD3FFE70198C0B2032811D1FFE700982C
S32500011D20406802A90BF096FB0AE045F2CC70C0F2020046F2D941C0F202017122EEF7EEFC43
S32500011D40029860B1FFE74EF60451CEF200014FF080500860BFF34F8FBFF36F8FFFE704B040
S32500011D6080BD000080B584B0039003980190007A0146029158B1FFE70298C0B201280DD0A2
S32500011D80FFE702980238C0B201280ED8FFE7019840684FF0FF310BF0B3FD11E0019840688E
S32500011DA04FF0FF310BF07CFE0AE045F2CC70C0F2020046F2D941C0F202013722EEF7AEFC38
S32500011DC004B080BD80B584B0039003980190007A0146029158B1FFE70298C0B201280ED08D
S32500011DE0FFE702980238C0B201280DD8FFE701984068002319461A460BF016FA0FE0019806
S32500011E0040680BF07FFB0AE045F2CC70C0F2020046F2D941C0F202015F22EEF77FFC04B0F1
S32500011E2080BD000080B588B006908DF817100492039306980190079044F6D421C0F20201D9
S32500011E40083101609DF817100172007A0146029103281FD80299DFE801F0090F021504981E
S32500011E6003990BF03FF90199486013E001200BF04FF9019948600DE004200BF049F90199C9
S32500011E80486007E00120002103220BF055F901994860FFE70198406808B1FFE70AE046F2D2
S32500011EA0CE40C0F2020046F2D941C0F202012022EEF734FC079808B080BD000080B582B000
S32500011EC001900198009000F005F8009808F06EF802B080BD80B582B001900198009044F614
S32500011EE0D421C0F202010831016040680AF004FE009802B080BD000081B08DF803009DF81E
S32500011F00030000F0010040F20D61C2F20001087040F20C61C2F20001087001B070470000C5
S32500011F2010B588B0DDF828C007900691ADF81620049307980699BDF81620049BDDF828C0BB
S32500011F40EE4603ACCEF80440CEF800C00BF01CFE0138B0FA80F040098DF80B009DF80B0026
S32500011F60C00708B1FFE70AE046F24A50C0F2020046F21151C0F202014122EEF7CFFB9DF88E
S32500011F800B00C00740B1FFE7039944F6EC00C2F2000003F06DF8FFE79DF80B0000F001004C
S32500011FA008B010BD80B588B007900691ADF8162004930699BDF81620079B0498EC460DF190
S32500011FC00C0ECCF804E0CCF8000046F23D00C0F201000BF0D9FD0138B0FA80F040098DF85A
S32500011FE00B009DF80B00C00708B1FFE70AE046F24A50C0F2020046F21151C0F202013022B8
S32500012000EEF78CFB9DF80B00C00740B1FFE7039944F6EC00C2F2000003F02AF8FFE79DF809
S325000120200B0000F0010008B080BD000080B582B0019001980AF0CAFD02B080BD80B582B000
S32500012040019001980090009801680968884702B080BD000081B00090009844F6E421C0F245
S3250001206002010831016001B07047000084B003900291019200930398029901600199416002
S32500012080009981600021017304B0704784B08DF80F00002002909DF80F0001460191772829
S325000120A000F293800199DFE811F078007B007E008100840087008A008D0078007B007E002D
S325000120C08100840087008A008D0078007B007E008100840087008A008D0078007B007E00D1
S325000120E08100840087008A008D0078007B007E008100840087008A008D0078007B007E00B1
S325000121008100840087008A008D0078007B007E008100840087008A008D0078007B007E0090
S325000121208100840087008A008D0078007B007E008100840087008A008D0078007B007E0070
S325000121408100840087008A008D0078007B007E008100840087008A008D0078007B007E0050
S325000121608100840087008A008D0078007B007E008100840087008A008D0078007B007E0030
S325000121808100840087008A008D0078007B007E008100840087008A008D000120029020E0CE
S325000121A0022002901DE0042002901AE00820029017E01020029014E02020029011E040202D
S325000121C002900EE0802002900BE045F2CC70C0F2020046F23E71C0F202014FF4B572EEF749
S325000121E09DFA9DF8080004B07047000080B588B0079006910592049307980390069900F0AF
S32500012200B9F8039804300190059900F0B3F8039808300290049900F0ADF8039843F676414B
S32500012220C0F20201C16006F0F1FB039A01460198116106F0EBFB039A01460298516106F0EE
S32500012240E5FB01460398816143F67A41C0F20201C16143F64041C0F20201016208B080BD41
S3250001226080B586B00590ADF81210ADF8102003930598029000F13802BDF81210A0F87010DC
S32500012280BDF81010A0F8721000210191A0F87410C02180F8761048F2ED71C0F20101816766
S325000122A0C0674AF64971C0F20001C0F88010C0F88420C0F88810C0F88C00039806F086FBF9
S325000122C00299C1F89000039806F086FB01460298C0F8941098303821EEF744FB019902984B
S325000122E0C0F8D010C0F8D41080F8D81080F8D9100399C0F8DC1006B080BD000080B584B046
S325000123000390039800904068F4F7FEFE0290029880B9FFE700984068D0F8D0000168C96AAA
S32500012320884700984268012182F8D9104068F4F765FE1DE0FFE70298C8B1FFE700984068EE
S32500012340D0F8D00001684B690DF107010022984758B1FFE7009840680DF107010122F4F777
S32500012360EDFE02980138029000E001E0E3E7FFE704B080BD80B588B00690059106980190DC
S3250001238007900598EEF72EFA04900499022000EB41000390039807F027FE014601980160EB
S325000123A003990268117001680320487000200290FFE702980499884213D2FFE701980599B0
S325000123C0029BC95C026802EB430291700068029900EB41010020C870FFE7029801300290CC
S325000123E0E7E7079808B080BD80B58AB0DDF830C00990089107928DF81B30099803904268C7
S3250001240001211170426848F65521C0F2010151604168896042684BF28551C0F20001D1601C
S3250001242042684BF2BD61C0F200011161416801F1700048610C9807F0D7FD014603984268BC
S3250001244091610C994268D1614068F4F7F1FD03984268002182F83810426848F68111C0F22D
S325000124600101D1634168096442684BF29941C0F20001516442684BF23D61C0F200019164B3
S32500012480416801F17000C8640C9807F0ADFD01460398426811650C994268516540683830A2
S325000124A0F4F7C6FD40F60A00CFF20000F4F7BCFB40F60100CFF20000F4F7B6FB42F20000FC
S325000124C0C4F20600C0210491F2F706FB45F20000C4F200000321F2F7FFFA4AF62D71C0F256
S325000124E000010020C4F20500F8F700FA04993A20F3F7C0FA9DF81B00C00730B1FFE7052111
S3250001250000221046F8F796FE05E0002210461146F8F790FEFFE7079805A90191F4F710FCCC
S3250001252000200290022108AAF5F740FA019A02980321F5F73BFA0399029849687031F4F7FA
S325000125406BFF0AB080BD000082B001900091019900984968C1F8D40002B0704780B582B07F
S3250001256001900091019900984A68C2F8D0004868D0F8D0000268126B904702B080BD0000CF
S3250001258080B586B00590ADF81210ADF8102003930598019002F03CFC019944F6F020C0F214
S325000125A0020008300860E02007F020FD0290BDF81210BDF81020039BFFF752FE01980299F8
S325000125C0416006B080BD000084B08DF80F00002002909DF80F0001460191772800F2D38085
S325000125E00199DFE811F0780078007800780078007800780078007C007C007C007C007C0046
S325000126007C007C007C00820082008200820082008200820082008800880088008800880087
S325000126208800880088008E008E008E008E008E008E008E008E0094009400940094009400A7
S325000126409400940094009A009A009A009A009A009A009A009A00A000A000A000A000A000C7
S32500012660A000A000A000A600A600A600A600A600A600A600A600AC00AC00AC00AC00AC00E7
S32500012680AC00AC00AC00B200B200B200B200B200B200B200B200B800B800B800B800B80007
S325000126A0B800B800B800BE00BE00BE00BE00BE00BE00BE00BE00C400C400C400C400C40027
S325000126C0C400C400C400CA00CA00CA00CA00CA00CA00CA00CA004FF0402002905EE045F2B1
S325000126E00000C4F20000029058E046F20000C4F20000029052E047F20000C4F20000029020
S325000127004CE044F20000C4F20200029046E045F20000C4F20200029040E046F20000C4F251
S32500012720020002903AE047F20000C4F20200029034E04DF20000C4F2030002902EE041F282
S325000127400000C4F20600029028E042F20000C4F20600029022E043F20000C4F20600029015
S325000127601CE044F20000C4F20600029016E045F20000C4F20600029010E046F20000C4F279
S32500012780060002900AE045F2CC70C0F2020046F23E71C0F20201CC22EDF7C0FF029804B00E
S325000127A07047000084B08DF80F00002002909DF80F0001460191772800F2D5800199DFE81D
S325000127C011F0780078007800780078007800780078007E007E007E007E007E007E007E00BF
S325000127E07E00840084008400840084008400840084008A008A008A008A008A008A008A006E
S325000128008A009000900090009000900090009000900096009600960096009600960096008D
S3250001282096009C009C009C009C009C009C009C009C00A200A200A200A200A200A200A200AD
S32500012840A200A800A800A800A800A800A800A800A800AE00AE00AE00AE00AE00AE00AE00CD
S32500012860AE00B400B400B400B400B400B400B400B400BA00BA00BA00BA00BA00BA00BA00ED
S32500012880BA00C000C000C000C000C000C000C000C000C600C600C600C600C600C600C6000D
S325000128A0C600CC00CC00CC00CC00CC00CC00CC00CC0040F60000CFF2000002905FE040F6ED
S325000128C00100CFF20000029059E040F60200CFF20000029053E040F60300CFF2000002901A
S325000128E04DE040F60400CFF20000029047E040F60500CFF20000029041E040F60600CFF244
S32500012900000002903BE040F60700CFF20000029035E040F60800CFF2000002902FE040F688
S325000129200900CFF20000029029E040F60A00CFF20000029023E040F60B00CFF20000029001
S325000129401DE040F60C00CFF20000029017E040F60D00CFF20000029011E040F60E00CFF25B
S32500012960000002900BE045F2CC70C0F2020046F23E71C0F202014FF40772EDF7CFFE029809
S3250001298004B0704781B001464EF20000C4F20F00006800909DF80200000408624EF2040007
S325000129A0C4F20F0000680090009800F070400860009800F0706048609DF802000004886030
S325000129C0009800F46040C860009800F0E0000861009800F018004861009800F0040088610D
S325000129E0009800F00300C86101B0704780B58CB00B900B98089040680121F2F759FE01461C
S32500012A0008980A9140680A99F2F71CFE0898006B08B9FFE716E10898006B00F0BFF9099031
S32500012A20099808B1FFE70BE046F22160C0F2020046F2D951C0F202014FF4CD72EDF76EFE0E
S32500012A400A9828B9FFE70898099900F07FFDF9E09DF8280010F0920F09D0FFE70898006B57
S32500012A60012100F0BDF9089800F05AFCE9E09DF82800C00738B9FFE79DF828004006002852
S32500012A8040F1D280FFE70898406B0790002800F0C980FFE70798012866D0FFE707980228F0
S32500012AA040F0C180FFE79DF82800C007002846D0FFE709984068E8B3FFE708980999496853
S32500012AC005914068F2F718FD0146059802681268C9B29047099840680168496988470690D0
S32500012AE009984068016809698847014606980139884206D1FFE7089840680521F2F780FC63
S32500012B0017E00998406801684969884704900998406801680969884701460498884201D17E
S32500012B20FFE705E0089840680921F2F769FCFFE7FFE703E0089800F0F3FBFFE7FFE708986A
S32500012B40006B80B1FFE79DF828004006002809D5FFE70898006B00F0E1F80146089800F052
S32500012B60F5FCFFE7FFE75EE09DF82800C007002848D0FFE709998868C96803910168496937
S32500012B808847014603980139884214D1FFE708984068029009998868C9680268D268904796
S32500012BA0014602980978F2F7BFFC089840680521F2F726FC21E009998868C96801910168D0
S32500012BC04969884701460198884201D1FFE713E008984068009009998868C9680268D268D9
S32500012BE09047014600980978F2F79EFC089840680121F2F705FCFFE7FFE70999C8680130F1
S32500012C00C860FFE79DF828004006002809D5FFE70898006B00F082F80146089800F096FCD2
S32500012C20FFE700E0FFE70BE045F2CC70C0F2020046F2D951C0F202014FF4F772EDF76EFDBD
S32500012C40FFE7FFE70CB080BD81B000900098183001B0704780B584B00390029103980090E5
S32500012C6002990163006B00F091F8009824300190FFF778F8009800F021FD0198FFF772F8E8
S32500012C800198FFF79FF804B080BD000080B59AB019908DF86310179216931998039000F16F
S32500012CA0180115A8FEF754FB04A800F073FD179838B1FFE79DF86310179A04A800F042FDD5
S32500012CC0FFE7169858B1FFE716980168096A88479DF86310169A04A800F00CFDFFE7039833
S32500012CE004A90191FFF7B6FF019805F095FE0146019881F00101029100F06EFD15A8FEF7CF
S32500012D003BFB02981AB080BD80B582B0019000910198143006F0DCFF02B080BD83B00190EB
S32500012D2001980090C1680131C1608168C068884207D2FFE700990868C96800EB0110029085
S32500012D4002E000200290FFE7029803B07047000080B584B00390039901910020C860087400
S32500012D600290FFE701990298896888420CD2FFE701980068029900EB011000F063FCFFE754
S32500012D80029801300290EDE704B080BD81B0009000990020C86001B07047000081B000903F
S32500012DA000990868C96800EB011001B07047000080B584B0029002980190143006F0CEFA46
S32500012DC038B1FFE7019901F1140006F0BDFA039002E000200390FFE7039804B080BD000036
S32500012DE082B001908DF8031001999DF8030000F00100087402B0704780B584B003900291DA
S32500012E00019203980090029901600199416000218160C1600174143006F02CFF009804B06D
S32500012E2080BD000080B582B0019001980090143006F044FF009802B080BD000080B584B0C0
S32500012E4003908DF80B108DF80A20039801909DF80B000B281ED1FFE79DF80A000A2819D1FA
S32500012E60FFE740F60200C0F20100F1F70BFD40F60240C0F20100F1F705FD01990020C4F205
S32500012E800200486042F20000CFF2000088601820C86042E29DF80B0031281ED1FFE79DF8BD
S32500012EA00A00302819D1FFE740F20240C0F20600F1F7E8FC0220C0F20600F1F7E3FC0199A6
S32500012EC041F20000C4F20200486042F20100CFF2000088603520C8601EE29DF80B00332802
S32500012EE01FD1FFE79DF80A0032281AD1FFE740F60240C0F20600F1F7C5FC40F60200C0F268
S32500012F000600F1F7BFFC019942F20000C4F20200486042F20200CFF2000088604D20C8605F
S32500012F20F9E19DF80B0050281ED1FFE79DF80A00512819D1FFE70220C0F20A00F1F7A2FC77
S32500012F4040F20240C0F20A00F1F79CFC019942F20000C4F20200486042F20200CFF2000095
S32500012F6088604D20C860D5E19DF80B0064281FD1FFE79DF80A0065281AD1FFE741F20300E2
S32500012F80C0F20C00F1F77EFC41F20340C0F20C00F1F778FC019942F20000C4F2020048604C
S32500012FA042F20200CFF2000088604D20C860B0E19DF80B004D281FD1FFE79DF80A004C2807
S32500012FC01AD1FFE741F20240C0F20900F1F75AFC41F20200C0F20900F1F754FC019943F2B4
S32500012FE00000C4F20200486042F20300CFF2000088604E20C8608BE19DF80B0035281FD19B
S32500013000FFE79DF80A0034281AD1FFE741F20240C0F20600F1F736FC41F20200C0F20600C3
S32500013020F1F730FC019943F20000C4F20200486042F20300CFF2000088604E20C86066E189
S325000130409DF80B0037281ED1FFE79DF80A00362819D1FFE741F60240C0F20600F1F712FCA1
S3250001306041F60200C0F20600F1F70CFC01990020C4F20C00486042F20400CFF20000886063
S325000130805620C86042E19DF80B004F281ED1FFE79DF80A004E2819D1FFE741F60240C0F26C
S325000130A00900F1F7EFFB41F60200C0F20900F1F7E9FB01990020C4F20C00486042F2040012
S325000130C0CFF2000088605620C8601EE19DF80B0009281ED1FFE79DF80A00082819D1FFE75E
S325000130E040F20240C0F20100F1F7CCFB0220C0F20100F1F7C7FB019941F20000C4F20C00E5
S32500013100486042F20500CFF2000088605720C860FAE09DF80B000D281FD1FFE79DF80A005B
S325000131200C281AD1FFE741F20240C0F20100F1F7A9FB41F20200C0F20100F1F7A3FB0199C7
S3250001314041F20000C4F20C00486042F20500CFF2000088605720C860D5E09DF80B000728C6
S325000131601BD1FFE79DF80A00062816D1FFE741F60240F1F787FB41F60200F1F783FB0199C0
S3250001318042F20000C4F20C00486042F20600CFF2000088607620C860B4E09DF80B00052888
S325000131A01BD1FFE79DF80A00042816D1FFE741F20240F1F767FB41F20200F1F763FB0199CA
S325000131C043F20000C4F20C00486042F20700CFF2000088607720C86093E09DF80B00192852
S325000131E01ED1FFE79DF80A00182819D1FFE740F20240C0F20300F1F745FB0220C0F203001C
S32500013200F1F740FB019943F20000C4F20C00486042F20700CFF2000088607720C8606FE059
S325000132209DF80B0003281BD1FFE79DF80A00022816D1FFE740F60240F1F724FB40F602009D
S32500013240F1F720FB019948F20000C4F20B00486042F20800CFF2000088607D20C8604EE04F
S325000132609DF80B001B281FD1FFE79DF80A001A281AD1FFE740F60240C0F20300F1F702FBCA
S3250001328040F60200C0F20300F1F7FCFA019948F20000C4F20B00486042F20800CFF2000022
S325000132A088607D20C86029E09DF80B00012819D1FFE79DF80A00A8B9FFE740F20240F1F776
S325000132C0E1FA0220F1F7DEFA019949F20000C4F20B00486042F20900CFF2000088607E2068
S325000132E0C8600AE045F2CC70C0F2020046F2D951C0F20201D722EDF711FAFFE7FFE7FFE7DD
S32500013300FFE7FFE7FFE7FFE7FFE7FFE7FFE7FFE7FFE7FFE7FFE7FFE7FFE704B080BD000007
S3250001332080B584B0039003980190006BFFF740FD0146019802910299016300214163243035
S32500013340FEF7D6FC0198006B40B1FFE70198006BFFF71CFD019800F0B1F9FFE704B080BDA7
S3250001336080B584B00390029103980090406801900021C4F20201884249D0FFE7019841F2E4
S325000133800001C4F2020188424FD0FFE7019842F20001C4F20201884255D0FFE7019843F273
S325000133A00001C4F2020188425BD0FFE7019848F20001C4F20B01884200F09980FFE7019889
S325000133C049F20001C4F20B01884200F09E80FFE701980021C4F20C01884250D0FFE7019844
S325000133E041F20001C4F20C01884256D0FFE7019842F20001C4F20C0188425CD0FFE70198F3
S3250001340043F20001C4F20C01884262D08BE0009844F69011C2F200010860406848F6B90115
S32500013420C0F20101F1F7BCFF89E0009844F69011C2F200014860406848F6CD01C0F201018D
S32500013440F1F7AEFF7BE0009844F69011C2F200018860406848F6E101C0F20101F1F7A0FF62
S325000134606DE0009844F69011C2F20001C860406848F6F501C0F20101F1F792FF5FE00098C8
S3250001348044F69011C2F200010861406848F60911C0F20101F1F784FF51E0009844F6901169
S325000134A0C2F200014861406848F61D11C0F20101F1F776FF43E0009844F69011C2F2000137
S325000134C08861406848F63111C0F20101F1F768FF35E0009844F69011C2F20001C8614068C3
S325000134E048F64511C0F20101F1F75AFF27E0009844F69011C2F200010862406848F6591153
S32500013500C0F20101F1F74CFF19E0009844F69011C2F200014862406848F66D11C0F20101DA
S32500013520F1F73EFF0BE045F2CC70C0F2020046F2D951C0F2020140F22922EDF7EFF8009856
S3250001354040680299F2F798F804B080BD80B584B003900291039801900298002855D0FFE72F
S325000135600298806888B3FFE701984068029909780022F2F7C3F80198406800900299886822
S32500013580C9680268D2689047014600980978F1F7CBFF0299C8680130C86002988068016857
S325000135A049698847012806D1FFE7019840680721F1F726FF05E0019840680321F1F720FFD6
S325000135C0FFE70199012048631EE001984068029909780122F2F792F802984068016849694A
S325000135E08847012806D1FFE7019840680721F1F707FF05E0019840680B21F1F701FFFFE798
S32500013600019902204863FFE703E00198FFF788FEFFE704B080BD000080B584B003900291F8
S3250001362003980190006B50B9FFE7019802990163006BFFF7ABFB019800F040F8FFE704B003
S3250001364080BD000080B582B00190019800900021C160406830B1FFE7009840680168096A38
S325000136608847FFE702B080BD83B002908DF80710009202999DF8070008700098486000209D
S32500013680886003B07047000083B002908DF80710009202999DF807000870002048600098CF
S325000136A0886003B07047000081B0009000980021017041608160C16001B0704780B582B054
S325000136C0019001980090C06808B1FFE70BE046F2C950C0F2020046F2D951C0F2020140F229
S325000136E03222EDF71BF80098C068F2F771F902B080BD000080B584B003908DF80B10019247
S32500013700039800908068012801D8FFE70AE045F2BD60C0F2020045F20471C0F20201E3224F
S32500013720ECF7FCFF0098816800EB011024309DF80B10019AFFF798FF009988680130886059
S3250001374004B080BD80B584B003908DF80B100192039800908068012801D8FFE70AE045F226
S32500013760BD60C0F2020045F20471C0F20201D722ECF7D4FF0098816800EB011024309DF8FB
S325000137800B10019AFFF780FF009988680130886004B080BD80B588B0069006980390079099
S325000137A000F1240102910222FFF726FB02980399443104910590FFE705980190FFF774FFCC
S325000137C00198049A00F11001084691420590F3D1FFE7079808B080BD80B582B00190019824
S325000137E00090FFF71FFB009802B080BD80B588B084460A98CDF81CC08DF81B108DF81A20B2
S3250001380005938DF81300079803909DF81B00FEF7C9FFF3F709FA9DF81A00FEF7C3FFF3F795
S3250001382003FA03989DF81B109DF81A20FFF706FB0398806808B1FFE70AE046F2B850C0F265
S32500013840020046F2D951C0F202012D22ECF766FF0398406808B1FFE70AE046F2AD50C0F2FE
S32500013860020046F2D951C0F202012E22ECF756FF03988068F3F7D8F99DF81B00FEF7A4FE1B
S3250001388001909DF81B00FEF701FC01460198F1F7B7F89DF81A00FEF797FE02909DF81A00FD
S325000138A0FEF7F4FB01460298F1F7CEF80398406805999DF8132002F00102F1F76BFE039804
S325000138C0D321FFF74DFD0398C068C021F2F7D2F808B080BD80B588B007900798059001F038
S325000138E023FB059844F6FC21C0F20201083101600021069141608160C160016101751830E5
S32500013900029005F0E3FF019005F0E0FF019A034602980121FEF786FA05982430049005F043
S32500013920D5FF039005F0D2FF039A069903460498FEF778FA059806990163416308B080BD92
S3250001394080B584B003900398029044F6FC21C0F2020101F10802014641F8182B0191243086
S32500013960FEF7B8FA0198FEF7B5FA029804B080BD80B584B0039002910399009102980190EA
S325000139808868C968F2F7F6FA014601980139884201D2FFE70AE046F23160C0F2020046F2EA
S325000139A0A261C0F20201EA22ECF7B8FE009988680969029AF2F716FC04B080BD80B584B0B7
S325000139C003908DF80B108DF80A208DF80930039801909DF80B00012840F04881FFE70199D2
S325000139E044F20000CFF20000486048F20000C4F2020088609DF80A0001281ED1FFE7019910
S32500013A004020C8600861012048619DF80900282806D1FFE70620C0F20500F0F733FF0BE058
S32500013A2045F2CC70C0F2020046F2A261C0F202014FF49E72ECF772FE17E19DF80A00022801
S32500013A4020D1FFE701994020C86041200861022048619DF80900292807D1FFE740F20640AC
S32500013A60C0F20500F0F70EFF0BE045F2CC70C0F2020046F2A261C0F2020140F24B12ECF720
S32500013A804DFEF1E09DF80A00032820D1FFE701998020C86082200861042048619DF809008A
S32500013AA02A2807D1FFE740F60600C0F20500F0F7E9FE0BE045F2CC70C0F2020046F2A261E1
S32500013AC0C0F202014FF4AD72ECF728FECBE09DF80A00042820D1FFE701998020C86083206D
S32500013AE00861082048619DF809002B2807D1FFE740F60640C0F20500F0F7C4FE0BE045F2D8
S32500013B00CC70C0F2020046F2A261C0F2020140F26912ECF703FEA5E09DF80A0005281ED1ED
S32500013B20FFE70199C020C860C4200861102048619DF80900302805D1FFE74FF00610F0F7E2
S32500013B40A1FE0BE045F2CC70C0F2020046F2A261C0F202014FF4BC72ECF7E0FD81E09DF896
S32500013B600A00062820D1FFE70199C020C860C5200861202048619DF80900312807D1FFE7A1
S32500013B8040F20640C0F20600F0F77CFE0BE045F2CC70C0F2020046F2A261C0F2020140F259
S32500013BA08712ECF7BBFD5BE09DF80A00072822D1FFE701994FF48070C8604FF48370086154
S32500013BC0402048619DF809004C2807D1FFE741F20600C0F20900F0F755FE0BE045F2CC7079
S32500013BE0C0F2020046F2A261C0F202014FF4CB72ECF794FD33E09DF80A00082822D1FFE76B
S32500013C0001994FF48070C86040F207100861802048619DF809004D2807D1FFE741F2064063
S32500013C20C0F20900F0F72EFE0BE045F2CC70C0F2020046F2A261C0F2020140F2A512ECF7E1
S32500013C406DFD0BE045F2CC70C0F2020046F2A261C0F202014FF4D572ECF760FDFFE7FFE75B
S32500013C60FFE7FFE7FFE7FFE7FFE70BE045F2CC70C0F2020046F2A261C0F2020140F2AF12CA
S32500013C80ECF74CFD04B080BD80B58EB004A8FEF779FE0C980390B0F5A02F05D0FFE7039874
S32500013CA0B0F5202F66D0D2E0F2F740FF01460291F0B1FFE70298B0F5801F20D0FFE702984A
S32500013CC0B0F5901F23D0FFE70298B0F5A01F26D0FFE70298B0F5B01F29D0FFE70298B0F5AA
S32500013CE0C01F2CD0FFE70298B0F5D01F2FD036E044F6FC00C2F2000000680D90B2E044F6FE
S32500013D00FC00C2F20000006840080D90AAE044F6FC00C2F20000006880080D90A2E044F6E2
S32500013D20FC00C2F200000068C0080D909AE044F6FC00C2F20000006800090D9092E044F6E1
S32500013D40FC00C2F20000006840090D908AE044F6FC00C2F20000006880090D9082E045F2E3
S32500013D60CC70C0F2020046F2A261C0F20201A322ECF7D4FC48F20000C4F20200F1F7E0FF2B
S32500013D800146019108B3FFE70198B0F5807F23D0FFE7019840F20111884225D0FFE7019871
S32500013DA0B0F5817F28D0FFE7019840F2031188422AD0FFE70198B0F5827F2DD0FFE7019835
S32500013DC040F2051188422FD036E044F6FC00C2F2000000680D9045E044F6FC00C2F20000B7
S32500013DE0006840080D903DE044F6FC00C2F20000006880080D9035E044F6FC00C2F20000DC
S32500013E000068C0080D902DE044F6FC00C2F20000006800090D9025E044F6FC00C2F20000DA
S32500013E20006840090D901DE044F6FC00C2F20000006880090D9015E045F2CC70C0F202009C
S32500013E4046F2A261C0F20201BC22ECF767FC45F2CC70C0F2020046F2A261C0F20201C3224B
S32500013E60ECF75CFC0D980EB080BD000080B58EB00D9004A8FEF786FD0C980390B0F5A02F81
S32500013E8006D0FFE70398B0F5202F00F05980CBE00D980138014602913F2800F245800299EB
S32500013EA0DFE801F0202442294242422E424242424242423342424242424242424242424287
S32500013EC04242423842424242424242424242424242424242424242424242424242424242A5
S32500013EE04242423D0020F2F74FFE28E04FF48010F2F74AFE23E04FF49010F2F745FE1EE046
S32500013F004FF4A010F2F740FE19E04FF4B010F2F73BFE14E04FF4C010F2F736FE0FE04FF40C
S32500013F20D010F2F731FE0AE045F2CC70C0F2020046F2A261C0F202016022ECF7EFFB7EE0D4
S32500013F400D980138014601913F2800F261800199DFE801F020285E315E5E5E3A5E5E5E5E74
S32500013F605E5E5E435E5E5E5E5E5E5E5E5E5E5E5E5E5E5E4C5E5E5E5E5E5E5E5E5E5E5E5EA7
S32500013F805E5E5E5E5E5E5E5E5E5E5E5E5E5E5E5E5E5E5E5548F20000C4F202000021F1F7D0
S32500013FA003FF40E048F20000C4F202004FF48071F1F7FAFE37E048F20000C4F2020040F297
S32500013FC00111F1F7F1FE2EE048F20000C4F202004FF48171F1F7E8FE25E048F20000C4F2F9
S32500013FE0020040F20311F1F7DFFE1CE048F20000C4F202004FF48271F1F7D6FE13E048F2A0
S325000140000000C4F2020040F20511F1F7CDFE0AE045F2CC70C0F2020046F2A261C0F20201E5
S325000140208022ECF77BFB0AE045F2CC70C0F2020046F2A261C0F202018722ECF76FFB0EB0C9
S3250001404080BD000080B582B001908DF803100199886849699DF8032002F00102F2F73AF888
S3250001406002B080BD80B582B00190019A0120107690685169127E02F00102F2F76FF802B0D7
S3250001408080BD000080B582B00190019A0020107690685169127E02F00102F2F75FF802B07A
S325000140A080BD000080B588B0DDF834C0DDF830C0DDF82CC0DDF828C007908DF81B108DF877
S325000140C01A208DF81930079802900C9844F6FC01C2F20001059108609DF81900FEF762FB12
S325000140E0F2F7A2FD02989DF81B109DF81A209DF81930FFF763FC9DF81900FEF765FA039040
S325000141009DF81900FDF7C2FF01460398F0F7C0FC9DF81900FEF758FA04909DF81900FDF785
S32500014120B5FF014604980A9A0B9BF0F7ADF90598006808B1FFE70AE046F29360C0F202009D
S3250001414046F2A261C0F202013822ECF7E7FA02984068F2F769FD02998868C9680D9AF1F76E
S325000141607FFE02998868C968F1F7CCFE029A00200190107690685169127E02F00102F1F75B
S32500014180EDFF0299019A88684969F1F7A3FF08B080BD000080B586B0059004910598019012
S325000141A0049830B3FFE701998868C968F1F7E2FE039003980499484344F6D351C1F2620146
S325000141C0A0FB011080090290029803990239884204D9FFE7039802380290FFE7019988683C
S325000141E00969029AF1F7FEFF019801684968884704E00198016889688847FFE706B080BDC4
S3250001420080B586B00590049105980290FFF73CFD0499B0FBF1F003900398B0F5803F05D80C
S32500014220FFE70398022801D3FFE70AE046F26260C0F2020046F2A261C0F20201D722ECF7AE
S325000142406DFA03990020B1F5803F019007D8FFE703990020012988BF01200190FFE7029919
S3250001426001988868C968039AF1F7CAFE06B080BD81B000900098007E00F0010001B070470D
S3250001428080B582B001900198009000F059FE009844F60C31C0F2020108310160002141608F
S325000142A08160C16001614161017602B080BD000080B586B005908DF813100392029305981C
S325000142C001909DF81300FEF77FF9019948609DF81300FDF7DBFE019908729DF81300FEF7C9
S325000142E061FAF2F7A1FC9DF813001F2805D0FFE79DF81300272805D1FFE79DF8130000F0E1
S32500014300FDF9FFE701994868097AF0F72FFB01994868097A039A029BF0F7B6F806B080BD4D
S3250001432080B586B084460898CDF814C08DF81310039202938DF80700059800909DF81300D5
S32500014340FEF742F9009948609DF81300FDF79EFE009908729DF81300FEF724FAF2F764FC96
S325000143609DF813001F2805D0FFE79DF81300272805D1FFE79DF8130000F0C0F9FFE7009909
S325000143804868097AF0F716FB00994868097A039A029BF0F779F800989DF807100268126865
S325000143A0904706B080BD000080B584B00390039902914868097AF0F7BDFA20B1FFE70298DF
S325000143C0C07A019003E00298807A0190FFE70198C0B204B080BD000080B586B005908DF89C
S325000143E0131005980390406808B1FFE70AE046F25950C0F2020046F26451C0F20201662273
S32500014400ECF78CF90398007A08B1FFE70AE046F24E50C0F2020046F26451C0F202016722DA
S32500014420ECF77CF90399087A4A68019202909DF81300C97A884204D1FFE70398007A009013
S3250001444002E000200090FFE701980299009AC9B2D2B2F0F767FB06B080BD000080B582B06D
S3250001446001908DF8031001989DF80310002918BF012102681268904702B080BD80B582B098
S3250001448001900198009001688968884701460098B1FA81F1490902681268904702B080BD3A
S325000144A080B584B002908DF8071002980090039000F02EFD009844F63831C0F2020108315D
S325000144C001600021416001729DF807104172407A012806D1FFE70099002088720120C87232
S325000144E005E00099012088720020C872FFE7039804B080BD80B584B0039002910192039893
S32500014500029A019B0168D1F804C00021E04704B080BD000080B584B00390039800F108019C
S3250001452002A80090FCF714FFEFF70AFB01460098B1FA81F149090191FCF71EFF019804B00C
S3250001454080BD000080B58EB00C900B910A9209930C98009000F1080108A8FCF7F9FE0099D3
S32500014560099820F00300069009980A9A10444968884276D8FFE703200590002004900390A3
S3250001458006980290FFE704980A9988425AD2FFE79DF80800800728BBFFE70598032806D058
S325000145A0FFE7039907A80422EFF700FBFFE702980999884208D3FFE70298043009990A9AFB
S325000145C01144884206D3FFE7029907A80422EFF707FC02E000200790FFE7029803900320CE
S325000145E00590FFE702980999884223D3FFE70598C100FF2000FA01F10798884307900B984A
S3250001460058B1FFE70B980499405C0599C90000FA01F107980843079008E00598C100FF208F
S3250001462000FA01F1079808430790FFE7049801300490FFE7059801380590FFE702980130BD
S325000146400290A0E70598032806D0FFE7039907A80422EFF7ABFAFFE701208DF83700019066
S3250001466005E000208DF8370001200190FFE708A8FCF782FE9DF837000EB080BD80B586B085
S3250001468005900598049000F0FFFF049844F65031C0F202010831016000210191416008302D
S325000146A0039005F013F9029005F010F90199029A03460398FDF7B6FB45F60000CFF2000014
S325000146C0F2F7B2FAEFF706FAEFF724FC01460498416006B080BD000080B582B0019001984A
S325000146E0009044F65031C0F20201083140F8081BFDF7F0FB009802B080BD000080B584B050
S325000147008DF80F009DF80F00FDF75EFF02909DF80F00FDF7BBFC0190029944F24B30C4F691
S325000147204F40C1F82005019A0299D1F824051043C1F8240502990020C1F8200504B080BD1E
S3250001474080B586B0059004918DF80F20059901910498C8609DF80F000146029128B1FFE7D8
S325000147600298C0B2012808D012E001994FF0704088604FF08040486015E001990120CFF2AA
S325000147800000886041F20000C4F2000048600AE045F2CC70C0F2020046F2E171C0F2020149
S325000147A02B22EBF7BBFF01988068F2F73DFAFFE701988068F2F75AFA08B9FFE7F8E706B088
S325000147C080BD000080B582B001900198009000F067FF009844F66C31C0F202010831016060
S325000147E0002141608160C16002B080BD80B588B007900691059204930798039006980190D5
S3250001480030B3FFE7019801282ED0FFE701980738022841D3FFE70198B0F5004F3AD0FFE7A9
S32500014820019848F20101884235D0FFE7019848F2020188422DD0FFE7019848F203018842C3
S3250001484026D0FFE7019848F20401884211D024E00398F2F7D3FB03983830F2F7CFFB03994A
S32500014860012081F8D80024E00399002081F8D8001FE00498029002994FF4E130086002998F
S32500014880082088710299002048710299087110E00FE00EE00DE00CE00BE045F2CC70C0F2B2
S325000148A0020046F2EA61C0F2020140F24B22EBF735FF002008B080BD80B544F69010C2F22A
S325000148C000000068FEF792F880BD000080B544F69010C2F200004068FEF788F880BD000090
S325000148E080B544F69010C2F200008068FEF77EF880BD000080B544F69010C2F20000C06873
S32500014900FEF774F880BD000080B544F69010C2F200000069FEF76AF880BD000080B544F6C3
S325000149209010C2F200004069FEF760F880BD000080B544F69010C2F200008069FEF756F8FA
S3250001494080BD000080B544F69010C2F20000C069FEF74CF880BD000080B544F69010C2F2EE
S325000149600000006AFEF742F880BD000080B544F69010C2F20000406AFEF738F880BD00008B
S3250001498080B58AB008900791069205930898029007980190022808D0FFE7019803282FD034
S325000149A0FFE70198042840D042E00298D0F8D40000B3FFE7FFE70298D0F8D4000168496A0C
S325000149C08847B0B9FFE7029838300DF10F010122F2F760FB0490049848B1FFE70298D0F8CA
S325000149E0D40001680A680DF10F01904700E000E0E1E704E002983830F2F700FBFFE723E0E1
S32500014A000298D0F8D40050B1FFE70298D0F8D4000168896A884780F00100049002E000200A
S32500014A200490FFE70498099011E0002009900EE045F2CC70C0F2020046F2EA61C0F20201C9
S32500014A404FF4F572EBF76AFE00200990FFE709980AB080BD84B0039002910192009302980A
S32500014A60052801D1FFE70BE045F2CC70C0F2020046F2EA61C0F202014FF4C172EBF74EFE5C
S32500014A80002004B07047000080B584B003900291039801900299C96800F054F801460198E1
S32500014AA0029AD160029900F003F804B080BD000080B586B005900491059802900499C96819
S32500014AC0039103990969049AD1600499039A11610499C96800F0A4F8014602980191049948
S32500014AE0096900F09DF801990246029800F060F8014602980131049A11600399C96800F015
S32500014B008FF801460298049A126800F051F8013003990860039806B080BD000080B584B0A9
S32500014B20039002910398019002990969FFF7C0FF01460198029A1161029900F003F804B032
S32500014B4080BD000080B586B005900491059802900499096903910399C968049A1161049930
S32500014B60039AD1600499C96800F05AF80146029801910499096900F053F801990246029817
S32500014B8000F016F8014602980131049A11600399096900F045F801460298049A126800F0CA
S32500014BA007F8013003990860039806B080BD000084B003900291019202980199884203DD61
S32500014BC0FFE70298009002E001980090FFE7009804B0704783B002908DF80710009202983D
S32500014BE09DF8071001700099416003B07047000080B586B005908DF8131003920598019082
S32500014C0000210291016004309DF81310039AFFF7E1FF01980299C1600161416106B080BDCD
S32500014C2083B002900191019820B9FFE74FF0FF30009003E0019800680090FFE7009803B01B
S32500014C407047000080B584B003908DF80B100192039800909DF80B10019A036800F004F89A
S32500014C600099086004B080BD80B58AB009908DF8231007920693099805900698F8B9FFE7DE
S32500014C80182005F0B3F904909DF82310079AFFF7AFFF059804990691406828B9FFE70599B5
S32500014CA006988860486009E0059806998268516106998160816800204861FFE775E09DF8FC
S32500014CC0230006990979884233DAFFE705989DF82310079A069BDB68FFF7C6FF0146059843
S32500014CE0069AD1600699C968FFF79AFF01460598039106990969FFF793FF01460398401A30
S32500014D00022815D1FFE79DF823000699C9680979884206DAFFE705980699FFF7C9FE06906D
S32500014D2005E005980699FFF7AFFE0690FFE7FFE73AE09DF8230006990979884233DDFFE793
S32500014D4005989DF82310079A069B1B69FFF78CFF01460598069A116106990969FFF760FF44
S32500014D600146059802910699C968FFF759FF01460298401A022815D1FFE79DF8230006990F
S32500014D8009690979884206DDFFE705980699FFF7D9FE069005E005980699FFF7BFFE06907C
S32500014DA0FFE7FFE7FFE7FFE7FFE705980699C968FFF736FF01460598019106990969FFF759
S32500014DC02FFF019902460598FFF7F2FE01300699086006980AB080BD82B00190009101987F
S32500014DE00099016002B0704782B00090009801684969016000680190019802B07047000078
S32500014E0081B00090009800210160416001B0704781B00090009844F67C31C0F20201083179
S32500014E20016001B07047000080B584B0039002910192039A029950689268019B1A44036831
S32500014E409B68984704B080BD80B582B00190019948688A68C96803689B68984702B080BDD7
S32500014E6080B584B00390029101920093039B0299019A58689B68DDF800C06344D0F800C01B
S32500014E80DCF804C0E04704B080BD000080B588B0069005910492039306980190079000F0E0
S32500014EA0F3FB019944F68830C0F202000830086005984860049888600398C8600498039959
S32500014EC008440290059801680969884701460298884201D8FFE70AE046F60C10C0F2020046
S32500014EE046F62B11C0F202011122EBF717FC079808B080BD82B001900091019800990160DB
S32500014F0002B0704781B00090009801B07047000081B00090009844F6A431C0F2020108310A
S32500014F20016001B07047000081B00090009844F6BC31C0F202010831016001B0704700006A
S32500014F4081B00090009844F6CC31C0F202010831016001B07047000082B001900091019816
S32500014F600099016000214160816002B07047000080B586B005900491059801900C2005F040
S32500014F8035F802900499FFF7E7FF019802990391806838B9FFE701990398C86088600120E5
S32500014FA048600CE00199C868039A50600398CA6890600398C860486801304860FFE706B09A
S32500014FC080BD000080B588B00690059106980090079000F01FF805980490049804F0F8F877
S32500014FE00390049804F0EAF80290FFE70398029988420CD0FFE7009803990968019101999A
S32500015000FFF7B6FFFFE7039804300390EEE7079808B080BD81B00090009844F6F831C0F2BF
S32500015020020108310160002141608160C16001B07047000080B582B001900198009000F08F
S3250001504005F8009804F0B2FF02B080BD81B00090009801B07047000082B001900091019872
S325000150600099016000214160816002B07047000080B586B005900491059801900C2004F040
S32500015080B5FF02900499FFF7E7FF019802990391806838B9FFE701990398C860886001205D
S325000150A048600CE00199C868039A50600398CA6890600398C860486801304860FFE706B099
S325000150C080BD000081B00090009844F60841C0F2020108310160002141608160C16001B0EC
S325000150E07047000080B582B001900198009000F005F8009804F05AFF02B080BD81B000904F
S32500015100009801B07047000082B00190009101980099016002B0704782B000900098016875
S325000151208968016000680190019802B07047000081B00090009844F61841C0F20201083141
S325000151400160002141608160C16001B07047000080B582B001900198009000F005F8009815
S3250001516004F024FF02B080BD81B00090009801B07047000082B0019000910198009901607A
S3250001518000214160816002B07047000080B586B005900491059801900C2004F027FF029061
S325000151A00499FFF7E7FF019802990391806838B9FFE701990398C8608860012048600CE0EE
S325000151C00199C868039A50600398CA6890600398C860486801304860FFE706B080BD0000CF
S325000151E080B588B00690059106980090079000F01FF805980490049803F0FAFF039004985B
S3250001520003F0ECFF0290FFE70398029988420CD0FFE700980399096801910199FFF7B6FFF3
S32500015220FFE7039804300390EEE7079808B080BD81B00090009844F62841C0F202010831CC
S325000152400160002141608160C16001B07047000080B582B001900198009000F005F8009814
S3250001526004F0A4FE02B080BD81B00090009801B07047000083B08DF807009DF8070001463F
S32500015280009103281CD80099DFE801F01402080E43F6C040C0F20200029017E043F6B84033
S325000152A0C0F20200029011E043F6A840C0F2020002900BE043F6B040C0F20200029005E00A
S325000152C043F6B040C0F202000290FFE7029803B07047000081B000900098C06801B0704785
S325000152E080B582B001900198002181604168C068EBF716FB02B080BD80B584B003900291D2
S3250001530001920398009041688068019A1044884201D8FFE70AE045F20C50C0F2020045F257
S32500015320C351C0F202017222EBF7F8F90098019A8168C06808440299EBF773FA0099019A88
S3250001534088681044886004B080BD000084B003908DF80B100398019041688068884201D268
S32500015360FFE70AE045F2D540C0F2020045F2C351C0F202016522EBF7D1F901999DF80B00E9
S325000153808B68CA68D05488680130886004B0704784B00390029103990191029849688842AC
S325000153A001D8FFE70AE045F2FA40C0F2020045F2C351C0F20201A622EBF7B0F90199029891
S325000153C0886004B07047000081B0009000994868886001B07047000080B584B0039002918A
S325000153E00398019000F072F8019844F63841C0F20201083101600299416000218160012125
S325000154000174406804F0F0FD01460198C1604168C068EBF785FA019804B080BD80B582B063
S3250001542001900198009000F005F8009804F0BEFD02B080BD80B584B00290029801900390CF
S3250001544044F63841C0F2020108310160007CC00750B1FFE70198C068009020B1FFE7009879
S3250001546004F0A4FDFFE7FFE7039804B080BD000084B003900291039901910298496888429B
S3250001548001D2FFE70AE045F2E840C0F2020045F2C351C0F202017E22EBF740F90199029860
S325000154A08968884201D2FFE70AE045F2C640C0F2020045F2C351C0F202017F22EBF72EF9EC
S325000154C001980299C068084404B0704781B00090009844F67441C0F202010831016001B06A
S325000154E07047000082B0019001980090806808B1FFE70AE045F6FA50C0F2020045F22E51A2
S32500015500C0F202018922EBF709F90098806802B07047000080B582B001900198009080684E
S3250001552008B1FFE70AE045F6FA50C0F2020045F22E51C0F202014322EBF7F0F800984168C7
S3250001554080680131EBF7ECF902B080BD80B584B003908DF80B1003980090806808B1FFE726
S325000155600AE045F6FA50C0F2020045F22E51C0F202013822EBF7D2F8009803F065FC00990B
S32500015580019001984968884207D2FFE700999DF80B008968019A8854FFE7009804B080BD90
S325000155A081B00090009880680078B0FA80F0400901B0704780B584B00390029103990191A3
S325000155C044F6A840C0F2020008300860029848600298013004F008FD014601988160FFF791
S325000155E099FF019804B080BD80B584B002900298039044F6A841C0F2020108310160806800
S32500015600019020B1FFE7019804F0D0FCFFE7039804B080BD80B584B00390029103980090B6
S325000156200299019103F010FC01460198884201D2FFE70AE045F26040C0F2020045F22E51A9
S32500015640C0F202019C22EBF769F8009902984968884201D2FFE70AE045F2B340C0F202005E
S3250001566045F22E51C0F202019D22EBF757F8009802998068084404B080BD00000020704799
S32500015680072070470420704781B00090009844F6B841C0F202010831016001B07047000007
S325000156A081B00090009844F6D441C0F202010831016001B07047000081B0009000980078B3
S325000156C000F0010001B0704783B0029001918DF8032002989DF8031001F00101017001992B
S325000156E0416003B07047000081B000900098406801B0704780B590B002900F910E920F9841
S325000157004268D1170C920D918168C8170A910B900E99C817089109900A9B0B99089ADDF83E
S3250001572024C0A3FB020E03FB0CE301FB02310C9A0D9BEAF7FDFE079106900698039007988C
S32500015740049004F0BFF8039B0499024600209B1A71EBE271059012DBFFE7069800900798C7
S32500015760019004F0ABF8009B01990246D017D21A88414FF00000A8BF01200590FFE7039903
S325000157800298059A02F00102FFF79EFF10B080BD80B590B002900F910E920F984268D117C4
S325000157A00C920D918168C8170A910B900E99C817089109900C9B0D99089ADDF824C0A3FBAA
S325000157C0020E03FB0CE301FB02310A9A0B9BEAF7AFFE07910690069803900798049004F038
S325000157E071F8039B0499024600209B1A71EBE271059012DBFFE7069800900798019004F078
S325000158005DF8009B01990246D017D21A88414FF00000A8BF01200590FFE703990298059AFC
S3250001582002F00102FFF750FF10B080BD80B586B004900391029204980190059000F076F8E3
S32500015840019944F6E440C0F20200083008600398486002988860039808B1FFE70AE046F2D4
S325000158609870C0F2020046F2A771C0F20201D322EAF754FF029808B1FFE70AE046F28770E5
S32500015880C0F2020046F2A771C0F20201D422EAF745FF059806B080BD85B0049003910292AC
S325000158A004980090FFE70298411E029130B3FFE700990888039A127850400190019800F080
S325000158C00F0243F6C840C0F2020030F812200B8882EA13120A800A88039B1B7882EA13125F
S325000158E00192019A02F00F0230F812000A8880EA12100880039801300390D4E70098008856
S3250001590005B0704780B584B003900291019203980299019AFFF7C0FF04B080BD81B00090BA
S3250001592000980021018001B07047000081B00090009844F6F441C0F202010831016001B0F6
S325000159407047000084B00290019102980090019802280FD8FFE7019820B1FFE700990198F5
S32500015960C860FFE7009900204860886001208DF80F0003E000208DF80F00FFE79DF80F00F3
S3250001598004B0704783B0029001910299009101984B6801EB830201334B60106188680130E4
S325000159A088608868C968884204D3FFE70099C8688860FFE700994868C968884204D3FFE7B8
S325000159C0009900204860FFE703B0704785B00390039800908068F0B1FFE70020029001906A
S325000159E0FFE700990198896888420DD2FFE70098019900EB81000169029808440290FFE7A2
S32500015A00019801300190ECE7009902988968B0FBF1F0049002E000200490FFE7049805B040
S32500015A207047000080B588B0079007980090002101910691FFF7CAFF014601980591049062
S32500015A40FFE700990498896888423AD2FFE70098049900EB810000690599884211D9FFE735
S32500015A600098049900EB810000690599401A039003980699884203D9FFE703980690FFE7AD
S32500015A801AE00098049900EB810000690599884211D2FFE700990598049A01EB8201096915
S32500015AA0401A029002980699884203D9FFE702980690FFE7FFE7FFE7FFE704980130049005
S32500015AC0BFE7069808B080BD81B00090009844F21871C0F20201083101600021416002213A
S32500015AE08160C16001B0704780B582B001900198009000F005F8009804F058FA02B080BD5A
S32500015B0081B00090009801B07047000084B002900191029800900198B0F5487F0FD8FFE769
S32500015B20019820B1FFE700990198C860FFE7009900204860886001208DF80F0003E00020CD
S32500015B408DF80F00FFE79DF80F0004B07047000083B0029001910299009101984B6801EBFA
S32500015B60830201334B6010618868013088608868C968884204D3FFE70099C8688860FFE701
S32500015B8000994868C968884204D3FFE7009900204860FFE703B0704785B003900398009059
S32500015BA08068F0B1FFE7002002900190FFE700990198896888420DD2FFE70098019900EB77
S32500015BC081000169029808440290FFE7019801300190ECE7009902988968B0FBF1F0049003
S32500015BE002E000200490FFE7049805B07047000081B00090009844F22871C0F20201083104
S32500015C000160002141604FF448718160C16001B07047000080B582B001900198009000F0E3
S32500015C2005F8009804F0C2F902B080BD81B00090009801B07047000083B00190019900917A
S32500015C408868C968884209DBFFE7009A11689068D268801AC0430844029006E00099886859
S32500015C60C968C04308440290FFE7029803B0704780B540F6D030C2F200000078BFF35F8FEA
S32500015C80C007B8B9FFE740F6D030C2F2000006F0A3FD78B1FFE744F6B810C2F200004CF25C
S32500015CA0503100F019F940F6D030C2F2000006F0A9FDFFE744F6B810C2F2000080BD0000FB
S32500015CC082B080B58AB00D930C9209900891099803900CA90791416901918069029007F07D
S32500015CE0C5FF01990346029845F66762C0F20202EAF76EFC01460398069141698069069AAB
S32500015D001044891A089A079B0593059BEAF780FC0398816900F064F88DF813009DF813009B
S32500015D2000F001000AB0BDE8804002B07047000080B586B00490039102920498009000F0A0
S32500015D40C1F820B1FFE700208DF8170043E000200190FFE700988168C06888422FD0FFE7FE
S32500015D6000984168C268895C039A019BD154C168012200F097F80099C860039801994A1C47
S32500015D800192405C40B9FFE7009908690138086101208DF817001EE001980299013988424F
S32500015DA00CDBFFE70099039A019B0020D05408690138086101208DF817000CE0CAE70099F3
S32500015DC0039A019B0020D05408690138086101208DF81700FFE79DF8170006B080BD0000EA
S32500015DE080B586B004900391049800900398EAF7F9FC00990130029002980968884204D364
S32500015E00FFE700208DF8170048E0FFE70098FFF713FF029988421FDAFFE70098006908B925
S32500015E20FFE719E0FFE700994868C968405C40B1FFE70098C168012200F034F80099C860E8
S32500015E40F1E70098C168012200F02CF80099C860086901380861D9E700200190FFE70198A7
S32500015E600299884212DAFFE700980399019A895C42688368D1548168012200F013F80099D6
S32500015E808860FFE7019801300190E8E7009908690130086101208DF81700FFE79DF8170010
S32500015EA006B080BD83B002900191009202980199009A0A440168B2FBF1F000FB112003B00D
S32500015EC07047000081B0009000980069B0FA80F0400901B07047000080B584B003900291E8
S32500015EE00399019102980860029804F07DF801460198416000218160C1600161802141611F
S32500015F00406904F071F801460198816104B080BD80B58EB0DDF844C0DDF840C00D900C9166
S32500015F200B920A930D980690002005900990FFF79FFE0C9A0B9B0A99DDF840E0EC46CCF82A
S32500015F4004E0CCF8001045F68A21C0F20201FFF7B7FE06980068F8F797F801460698119A28
S32500015F60D1600068F8F71EF9059A1199086144F6BC30C2F2000003900121F9F7A5FF03980B
S32500015F80059A1146F9F7A0FF03980599FAF7BCF914200490FCF74AF8059906980068F8F706
S32500015FA043F906980068119A111D0832F8F77AF8039841F288310791F9F740FF03980C9996
S32500015FC0FAF7A2F90498FCF731F8059906980068F8F72AF906980068119A02F10C011032CD
S32500015FE0F8F760F806980068F8F746FB11990860FFF73EFE079B11990A68EC464FF47A71BB
S325000160000891CCF8001045F60601C0F20201FFF757FE0799089A11980068F6F76DFA28B942
S32500016020FFE70B99099808430990FFE7FFF720FE11994B68CA68EC464FF4FA61CCF800101D
S3250001604045F63D21C0F20201FFF73AFE11984168C06801F5FA61884205D8FFE70A99099821
S3250001606008430990FFE7FFF703FE11998B680A69EC464FF4FA61CCF8001045F6EA11C0F2BC
S325000160800201FFF71DFE11988168006901F5FA61884205D8FFE71099099808430990FFE7F8
S325000160A0FFF7E6FD099A45F6EC21C0F20201FFF707FE09980EB080BD80B582B00190019838
S325000160C000900021016041600830F7F7B1FF00982830F7F7ADFF00984830F7F7A9FF009868
S325000160E00421816602B080BD81B0009000980021016041608160C160016101B07047000056
S3250001610080B582B0019001980090FFF7D5FF00986C30FFF7E9FF00988030FFF7E5FF0098C1
S325000161209430FFF7E1FF0098A830FFF7DDFF009802B080BD81B000900098006801B07047CC
S3250001614080B590B00E900D91FFF792FD0D9A45F6D401C0F20201FFF7B3FD0D980C90032884
S3250001616000F288800C99DFE801F00222436444F6BC30C2F200000A900C3000210B91FEF794
S325000161802BF90A980B991830FEF726F90A980B992430FEF721F9FFF76BFD45F62411C0F209
S325000161A00201FFF78DFD01208DF83F006EE044F6BC30C2F2000007900C3001210991FEF7C4
S325000161C00BF90798183000210891FEF705F9079808992430FEF700F9FFF74AFD45F62411F1
S325000161E0C0F20201FFF76CFD09988DF83F004DE044F6BC30C2F2000004900C300021059191
S32500016200FEF7EAF80498183001210691FEF7E4F8049805992430FEF7DFF8FFF729FD45F681
S325000162202411C0F20201FFF74BFD06988DF83F002CE044F6BC30C2F2000002900C300021F8
S325000162400191FEF7C9F8019902981830FEF7C4F80298243001210391FEF7BEF8FFF708FD78
S3250001626045F62411C0F20201FFF72AFD03988DF83F000BE0FFF7FCFC45F61311C0F2020189
S32500016280FFF71EFD00208DF83F00FFE79DF83F0010B080BD80B58AB006900E980D980C9857
S325000162A009910892079309980590FFF7E1FC089A079B0C99DDF834E0EC46CCF804E0CCF890
S325000162C0001045F64501C0F20201FFF7F9FC0698F8F770FB079818B1FFE70898049002E02A
S325000162E000200490FFE7049944F6BC30C2F200000390FAF709F803980C9A0121F9F7E4FDCD
S3250001630003980D9A0021F9F7DFFD03980799F9F795FD079841F2883188420AD8FFE70598D0
S32500016320406800F57070002102F0C6FAFBF77EFE09E00598406800F56070002102F0BCFADC
S32500016340FBF774FEFFE7059801680291406800F58860002102F0B0FA01460298F7F764FFDF
S325000163600598069900680A1DF7F79CFE069800680E990968884207D9FFE706990E98026866
S325000163800868801A086003E0069900200860FFE7069840680E994968884207D9FFE70699C7
S325000163A00E9842684868801A486003E0069900204860FFE7FFF75CFC06990A684B6845F617
S325000163C0CC21C0F20201FFF77BFC0AB080BD000070B5F6B0759075983490FFF749FC45F29D
S325000163E08D71C0F20201FFF76BFC349800213591749100F5A6713791D0F84C11D0F850219C
S32500016400D0F85431D0F858C1CDF8CCC1729371927091012102F0A6FD35990246349836928B
S32500016420406800F5807002F047FADDF8D4C0369A379B69464FF0020EC1F808E0C1F804C06E
S32500016440086045F2BE71C0F2020166A801F08EFBFFE734995EA8339000231A4600F042FBFE
S32500016460339966A801F028FAFFE766A802F09EFE0028EED0FFE73499D1F85801C1F824020C
S32500016480FFF7F6FB3499D1F8582145F6F301C0F20201FFF715FC3498D0F85801002840F0CF
S325000164A06782FFE73498D0F84C11052202F0B6FD44F6BC30C2F2000001211691F9F724FF93
S325000164C034990220C1F85001C1F8540156A800232D931A4600F006FB16982D9B349901F543
S325000164E001723192569ADDF85CC1DDF860E1599C5A9D5B9EC1F81862C1F81452C1F8104225
S32500016500C1F80CE2C1F808C2C1F804225C9ADDF874C1C1F820C2C1F81C22C1F85001C1F816
S3250001652054014EA81A4600F0DDFA2D9B34994E984F9ADDF840C1DDF844E1529C539DC1F817
S32500016540F851C1F8F441C1F8F0E1C1F8ECC1C1F8E821C1F8E4015498559AC1F80022C1F83E
S32500016560FC01C1F85031C1F8543146A81A4600F0B9FA34984699479A489BDDF824C1DDF8B0
S3250001658028E14B9CC0F8D841C0F8D4E1C0F8D0C1C0F8CC31C0F8C821C0F8C4114C994D9ACE
S325000165A0C0F8E021C0F8DC1141681791D0F8C40108F048FF024617980B462D9943EC102BE1
S325000165C08DED180B00F5007002F012F9B0EE401AF0EE601A9DED180B53EC112B51EC100BE5
S325000165E008F056FD024634981A920A461A9942EC101B8DED440B41681B91D0F8E40108F06A
S3250001660021FF02461B980B462D9943EC102B8DED1C0B00F5107002F0EBF8B0EE401AF0EE16
S32500016620601A9DED1C0B53EC112B51EC100B08F02FFD024634981E920A461E9942EC101B0D
S325000166408DED420B41681F91D0F8040208F0FAFE02461F980B462D9943EC102B8DED200B30
S3250001666000F5207002F0C4F8B0EE401AF0EE601A9DED200B53EC112B51EC100B08F008FD0B
S325000166800246349822920A46229942EC101B8DED400B41682391D0F8C80108F0D3FE024603
S325000166A023980B462D9943EC102B8DED240B00F5307002F09DF8B0EE401AF0EE601A9DEDF8
S325000166C0240B53EC112B51EC100B08F0E1FC0246349826920A46269942EC101B8DED3E0BE5
S325000166E041682791D0F8E80108F0ACFE024627980B462D9943EC102B8DED280B00F5407005
S3250001670002F076F8B0EE401AF0EE601A9DED280B53EC112B51EC100B08F0BAFC0246349870
S325000167202B920A462B9942EC101B8DED3C0B41682C91D0F8080208F085FE02462C980B4657
S325000167402D9943EC102B8DED2E0B00F5507002F04FF8B0EE401AF0EE601A9DED2E0B53EC0F
S32500016760112B51EC100B08F093FC0246319832920A46329942EC101B8DED3A0B01F052FFAD
S325000167808DED380B9DED380B9FED891B53EC112B51EC100B08F0E2FE41EC100B51EC100BED
S325000167A008F00CFE3499C1F8BC01D1F84C01C1F8C001FFF75DFA9DED380B6A4649F699114A
S325000167C0C3F6C971D16049F69A11C9F69911916046F26661C3F6E67151604FF06631116043
S325000167E053EC102B45F63411C0F20201FFF768FA9DED380B9FED701B9FED712BF5F73CFE59
S3250001680028B9FFE7749840F480407490FFE7FFF72FFA9DED440B9DED421B9DED402B69463D
S3250001682049F69912C3F6B9724A6149F69A12C9F699120A6181ED022B81ED001B53EC102B7A
S3250001684045F6A811C0F20201FFF73AFA9DED440B8DED120B9DED421B8DED141B9FED5A1B5D
S3250001686053EC112B51EC100B08F078FE9DED120B9DED141B41EC120BF5F7FEFDD0B1FFE7D8
S325000168809DED440B8DED0E0B9DED401B8DED101B51EC100B9FED4C0B53EC102B08F05EFEF2
S325000168A09DED0E0B9DED101B41EC120BF5F7E4FD28B9FFE7749840F400507490FFE7FFF72B
S325000168C0D7F99DED3E0B9DED3C1B9DED3A2B694649F69912C3F6B9724A6149F69A12C9F66C
S325000168E099120A6181ED022B81ED001B53EC102B45F66D11C0F20201FFF7E2F99DED3E0BCB
S325000169008DED0A0B9DED3C1B8DED0C1B9FED2E1B53EC112B51EC100B08F020FE9DED0A0B02
S325000169209DED0C1B41EC120BF5F7A6FDD0B1FFE79DED3E0B8DED060B9DED3A1B8DED081B85
S3250001694051EC100B9FED200B53EC102B08F006FE9DED060B9DED081B41EC120BF5F78CFDA4
S3250001696028B9FFE7749840F480507490FFE704E0749840F400407490FFE734997098719A21
S32500016980729BDDF8CCC1C1F858C1C1F85431C1F85021C1F84C01FFF76BF9749A45F6FA2183
S325000169A0C0F20201FFF78CF9749876B070BD00BF0000000000005940666666666666E63F60
S325000169C09A9999999999C93F9A9999999999B93F82B00190009101990098C1F8900102B000
S325000169E07047000010B594B01390129113980490FFF73EF945F27F71C0F20201FFF760F9F3
S32500016A0004990AA801231A4600F06CF812990A980B9A0C9BDDF834C0DDF838E00F9C4C61A1
S32500016A20C1F810E0C1F80CC08B604A6008601098119ACA618861129801F022FE04988DEDEC
S32500016A40020B406800F590600021059101F034FF08F0F8FC9DED020B41EC110B53EC112B73
S32500016A6051EC100B08F0B1FF002818BF01208DF82700FFF7FDF80890129801F001FE04988A
S32500016A8005998DED060B406800F5906001F014FF9DED060B014608986A46116053EC102B18
S32500016AA045F68F01C0F20201FFF70AF9FFF7E0F89DF8271001F0010245F6E501C0F20201F2
S32500016AC0FFF7FEF89DF8270000F0010014B010BD80B582B00190019800682821F7F7A4FBB6
S32500016AE002B080BD70B5ACB00E902B912A9229932B980D90FFF7BCF845F29B71C0F202014B
S32500016B00FFF7DEF80E98F7F793FA44F6BC30C2F2000000F5B07001F051FFB8B1FFE744F6C8
S32500016B20BC30C2F2000000F5B07001F03BFF01460D980C91406800F58060002101F0BCFE9C
S32500016B4001460C98884201D3FFE716E044F6BC30C2F200000A9000210B91F9F76FF90A989E
S32500016B600B99F9F7D1FB0D980B99406800F5806001F0A2FEFBF75AFAFFE700202890FFE76D
S32500016B80289802283DD8FFE70D9800F5CC700990289901EB410150F8212044F6BC30C2F248
S32500016BA00000069000210791F9F78EF906980999289A02EB420251F822200121F9F784F9BB
S32500016BC00320FBF733FA07990D9802680892406800F5886001F070FE01460898F7F724FB4B
S32500016BE00D9809990068289A02EB420201EB8202111D0832F7F756FAFFE728980130289047
S32500016C00BEE726A8F7F7D6FE24A8F7F7D3FE22A8F7F7D0FE20A8F7F7CDFE2998012829D1C2
S32500016C20FFE70D99D1F854211EA802F027FA0D991E981F9A27922690D1F864211CA802F022
S32500016C401DFA0D991C981D9A25922490D1F874211AA802F013FA0D991A981B9A2392229007
S32500016C60D1F8842118A802F009FA1898199921912090FFE70D99D1F84C31D1F85001D1F871
S32500016C8054C16A460DF1980EC2F808E0C2F804C0106016A80122FFF7FDFA0D990E9A16982A
S32500016CA0179B53601060D1F85C31D1F86001D1F864C16A460DF1900EC2F808E0C2F804C01E
S32500016CC0106014A80222FFF7E5FA0D990E9A1498159BD3609060D1F86C31D1F87001D1F852
S32500016CE074C16A460DF1880EC2F808E0C2F804C0106012A80322FFF7CDFA0D990E9A1298F0
S32500016D00139B53611061D1F87C31D1F88001D1F884C16A460DF1800EC2F808E0C2F804C06F
S32500016D20106010A80422FFF7B5FA0E991098119ACA61886144F6BC30C2F2000004900021BC
S32500016D400591F9F77BF804980599F9F7DDFA2A9800284CD1FFE709200F90FFE70F9818B325
S32500016D60FFE70D980F9A00EB42110391520151F8183C51F814CC51F810EC51F80C4C51F8BE
S32500016D80085C51F8046CCE618D614C61C1F810E0C1F80CC08B6080584A684A620862FFE766
S32500016DA00F9801380F90D9E70D980E9A11685368D2F808C0D2F80CE014695569C56184617E
S32500016DC0C0F814E0C0F810C0C36081609169D26942620162D0F84801092807D8FFE70D998B
S32500016DE0D1F848010130C1F84801FFE7FFE7FEF73FFF45F2B771C0F20201FEF761FF2CB003
S32500016E0070BD000010B5A0B00C901F911F980D90FEF72EFF45F28671C0F20201FEF750FF40
S32500016E200D9890F88C01C007D0B1FFE7FEF720FF45F2CE71C0F20201FEF742FF0D9800F059
S32500016E40F3F90D98406800F5806000210B9101F033FDFBF7EBF80D990B9881F88C01FFE735
S32500016E6000201E90FFE71E98092821D8FFE716A8F7F7DEF80D981E9900EB41110A9116982D
S32500016E80179A189BDDF864C0DDF868E01B9CCC61C1F818E0C1F814C00B61CA6088601C981D
S32500016EA01D9A4A620862FFE71E9801301E90DAE70D990C9800220892C1F848210123FFF780
S32500016EC011FE0C9A0D98089912680992406800F5807001F0F1FC0146099840F64052C0F2CE
S32500016EE00302F5F727FB002845D0FFE70D980C9989680791406800F5A070002101F0DCFCEB
S32500016F000146079840F64052C0F20302F5F712FB88B3FFE70D980C9909690691406800F5FB
S32500016F20C070002101F0C8FC0146069840F64052C0F20302F5F7FEFAE8B1FFE70D980C9933
S32500016F4089690591406800F5E070002101F0B4FC0146059840F64052C0F20302F5F7EAFAC0
S32500016F6048B1FFE7FEF784FE45F2DC71C0F20201FEF7A6FE8FE00D980C990968049140687B
S32500016F8000F58070002101F097FC0146049849F2E032C0F20402F5F7CDFA002849D0FFE79E
S32500016FA00D980C9989680391406800F5A070002101F082FC0146039849F2E032C0F20402D7
S32500016FC0F5F7B8FAA8B3FFE70D980C9909690291406800F5C070002101F06EFC0146029852
S32500016FE049F2E032C0F20402F5F7A4FA08B3FFE70D980C9989690191406800F5E07000217E
S3250001700001F05AFC0146019849F2E032C0F20402F5F790FA68B1FFE7FEF72AFE45F2EA7119
S32500017020C0F20201FEF74CFE0D99012081F88C0130E0FEF71DFE45F2F871C0F20201FEF71E
S325000170403FFE0D9800F0F0F80D98406800F580600021009101F030FCFAF7E8FF0D99009A66
S325000170600EA80123FFF73EFD0C990E980F9A109BDDF844C0DDF848E0139C4C61C1F810E084
S32500017080C1F80CC08B604A6008601498159ACA618861FFE7FFE7FEF7EBFD45F2A971C0F24C
S325000170A00201FEF70DFE20B010BD000080B5BEB03D903D980C90002008903C90FEF7D8FDFA
S325000170C045F2A271C0F20201FEF7FAFD0DA80790FFF716F80C98079900F5DE70BC22E9F729
S325000170E0E5FB0C9800682821F7F79EF8089944F6BC30C2F2000009900C30FDF76DF9089985
S3250001710009981830FDF768F90998243001210A91FDF762F90A9A0C9800F50A716B46596007
S325000171204FF48071196010231146FEF7F1FE02460C983C9911433C9100F50F716A46516075
S325000171404FF400711160022220231146FEF7E0FE02460C983C9911433C9100F514716A4666
S3250001716051604FF480611160032104220B924023FEF7CEFE0B9903460C983C9A1A433C9225
S3250001718000F519726B465A604FF400621A6008228023FEF7BDFE02460C983C9911433C917F
S325000171A0FFF716F901463C9808433C903C98A8B1FFE744F6BC30C2F2000005900C300121B1
S325000171C0FDF70AF90598183000210691FDF704F9059806992430FDF7FFF814E044F6BC308E
S325000171E0C2F2000003900C3000210491FDF7F4F8039818300121FDF7EFF803980499243003
S32500017200FDF7EAF8FFE70C993C98C1F89401FEF72FFD3C9A45F60831C0F20201FEF750FD82
S325000172203C983EB080BD000010B5CAB0499049980C90FEF71DFD45F29471C0F20201FEF7BE
S325000172403FFD0C98012101F08DFE01460C98069100F5A6710791406800F5807000210D9137
S3250001726001F02AFB069A079BDDF834C06946C1F808C0C1F804C0086045F2BE71C0F20201B6
S325000172803FA800F073FC0C98022101F06BFE0D9902460C98089200F5AE720992406800F507
S325000172A0A07001F009FB089A099BDDF834C06946C1F808C0C1F804C0086045F2C671C0F27E
S325000172C0020135A800F052FC0C98032101F04AFE0D9902460C980A9200F5B6720B924068F8
S325000172E000F5C07001F0E8FA0A9A0B9BDDF834C06946C1F808C0C1F804C0086045F2CA71F5
S32500017300C0F202012BA800F031FC0C98042101F029FE0D9902460C980E9200F5BE720F92E8
S32500017320406800F5E07001F0C7FADDF834C00E9A0F9B6946C1F808C0C1F804C0086045F240
S32500017340C271C0F2020121A800F010FCFFE70C9919A8059000231A46FFF7C4FB05993FA8DB
S3250001736000F0AAFA059800F1080135A800F0A4FA059800F110012BA800F09EFA059800F1E8
S32500017380180121A800F098FAFFE73FA801F00EFF014601200490B9B1FFE735A801F006FF98
S325000173A001460120049079B1FFE72BA801F0FEFE01460120049039B1FFE721A801F0F6FE80
S325000173C080F001000490FFE70498C0070028BED1FFE700201890FFE71898092821D8FFE74D
S325000173E010A8F6F725FE0C98189900EB411103911098119A129BDDF84CC0DDF850E0159C01
S32500017400CC61C1F818E0C1F814C00B61CA6088601698179A4A620862FFE718980130189098
S32500017420DAE70C990020C1F84801FEF721FC45F2B071C0F20201FEF743FC4AB010BD0000A3
S3250001744080B58AB0089007910692089903910991079808600698486001F1080001F5A471CD
S3250001746004910590FFE705980290F6F7E1FD0298049A00F12001084691420590F3D1FFE751
S32500017480039800F5A67000F039F8039800F5AE7000F034F8039800F5B67000F02FF80398EC
S325000174A000F5BE7000F02AF803980121009180F88C110021C0F8901102220192C0F894218F
S325000174C0C0F8981100F5CE70F7F774FA03980099C0F8A41100F5D470F7F76CFA0398019952
S325000174E0C0F8B01100F5DA70F7F764FA039800F5DE70FEF705FE09980AB080BD81B0009052
S3250001750000980021016041608160C16001B0704782B00190009101990098486402B07047A4
S3250001752080B58CB00B900B98049000200A908DF82700FFE740F67020C2F2000003F05CF8F4
S32500017540089008980130002800F09580FFE708983A2804D0FFE708983B2816D1FFE7049880
S3250001756001210A911C30FDF7D5FF04982830FDF7D1FF049908983B38B0FA80F0400981F8EF
S32500017580340000208DF8270074E00A98039000286DD0FFE7039801286AD1FFE708980A2859
S325000175A004D0FFE708980D2843D1FFE7049890F83400C00758B3FFE7F5F77EF801460498E6
S325000175C00691069902911C300090FDF78BFF01460098019101F038FC01990246029802F07D
S325000175E0D3FF06900698F5F727F80146049806912830FDF777FFE9F747F805900698059947
S32500017600401AB0FA80F040098DF81F0003E001208DF81F00FFE79DF81F00C00730B1FFE732
S32500017620049800F11C0100F027F8FFE700200A901CE00898402804D1FFE701208DF827005E
S3250001764013E09DF82700C00738B1FFE7049828309DF82010FDF77AFF06E004981C309DF855
S325000176602010FDF773FFFFE7FFE7FFE701E0FFE7FFE7FFE7FFE75DE780B59EB01D901C9121
S325000176801D9801901C98FDF78BFF002840F0A880FFE70020069005908DF813008DF812008B
S325000176A00390FFE7039813280ADCFFE7039A07A9002041F82200FFE7039801300390F1E7C3
S325000176C000201B901C98FDF70DFF0290FFE702980699415C0020009069B1FFE70699002067
S325000176E0FE29009007DCFFE71B9900201429B8BF01200090FFE70098C007002863D0FFE744
S32500017700059800BBFFE702980699405C272806D0FFE702980699405C222814D1FFE7012039
S3250001772005900299069A895C8DF81310029A0699114401311B9B5A1C1B9207AA42F823102C
S325000177408DF812003BE0059880B1FFE702980699405C9DF81310884208D1FFE70299069A6B
S325000177600020885405908DF8120027E0059870B9FFE702980699405C03F028FA38B1FFE76E
S325000177800299069A002088548DF8120015E0059890B9FFE79DF81200C00768B9FFE7029844
S325000177A0069908441B9A511C1B9107A941F8220001208DF81200FFE7FFE7FFE7FFE7069810
S325000177C00130069083E70198406C40B1FFE70198406C1B990268136807AA9847FFE7FFE71B
S325000177E01EB080BD80B586B0059005980390FAF731FC03980430FF210091F7F73BFF0398E6
S32500017800009944F23872C0F2020202F108030360243242601C30FDF7CDFE039828300A21B0
S32500017820FDF7C8FE03980021049180F834103830029002F04BF8019002F048F8019A049950
S3250001784003460298FAF7EEFA03980499416406B080BD000080B582B001900198009000F084
S3250001786005F8009802F0A2FB02B080BD80B584B003900398029044F23871C0F2020101F13F
S325000178800803024642F81C3B009201F12402014641F8042F01913830FAF71CFB02982830AC
S325000178A0FDF7A2FE0098FDF79FFE0198F7F716FF029804B080BD000080B586B00590049148
S325000178C005980390FEF7D4F903994A6A45F6C141C0F20201FEF7F4F903980078C00758B1A8
S325000178E0FFE7FEF7C5F903994A6A45F6EB41C0F20201FEF7E5F936E1FEF7BAF903990B6AD9
S325000179004A6A45F6FA31C0F20201FEF7D9F90398006A029020B1FFE70298012841D017E1B0
S32500017920FEF7A6F903994A6A04990B68EC4643F60061C0F24901CCF8001045F60751C0F26B
S325000179400201FEF7BDF90498006843F6FF51C0F24901884216D8FFE7039800690830F4F724
S3250001796085FE70B9FFE7FEF783F903994A6A45F63631C0F20201FEF7A3F90399012008629E
S32500017980FFE70DE0FEF774F903994A6A45F67831C0F20201FEF794F9039901200862FFE733
S325000179A0D6E0FEF765F9039A51689368D2F81CE0526AEC46CCF804E0CCF8001045F6345176
S325000179C0C0F20201FEF77CF903994A688868C969801A88423BD8FFE703980069806878B997
S325000179E0FFE7FEF745F903994A6A45F67E41C0F20201FEF765F9039801690320C8600EE0D7
S32500017A00FEF736F903994A6A45F61041C0F20201FEF756F9039801690120C860FFE7FEF73D
S32500017A2027F903994A6A45F61631C0F20201FEF747F9039901200870FEF71AF903994A6AD6
S32500017A4045F6EB41C0F20201FEF73AF98BE0039904980068496948F2A062C0F20102F4F742
S32500017A604BFDA8B3FFE7FEF703F903994A6A45F65831C0F20201FEF723F903990120087076
S32500017A800498406843F60061C0F2490188420FD3FFE7FEF7EDF803994A6A45F64641C0F2D5
S32500017AA00201FEF70DF9039801690220C8600EE0FEF7DEF803994A6A45F69A31C0F20201AE
S32500017AC0FEF7FEF8039801690020C860FFE73EE0FEF7CEF8039A5169526A049B1B68EC4641
S32500017AE0CCF8001045F66751C0F20201FEF7E8F80399049800684969884205D2FFE70399B9
S32500017B0008690068486004E00399086900688860FFE7039948688A680969121A00EB52009D
S32500017B200860FEF7A5F8039A53689168D2F810C0526ADCF800E0EC46CCF804E0CCF800103B
S32500017B4045F6C551C0F20201FEF7BAF8FFE7FFE7FEF78EF803994A6A45F6EB41C0F20201BE
S32500017B60FEF7AEF8FFE706B080BD000010B58AB0DDF838C0DDF834C0DDF830C009900891FE
S32500017B8007920693099905910020049008704860079888600798C860069808610C984861FE
S32500017BA00D9888610A20C86108984862FEF760F805994A6A45F6CF41C0F20201FEF780F887
S32500017BC0059904984860079A8A600E9A069B5A600E9A069B9A60079A069B1A600862FEF7D0
S32500017BE047F8059A53689168146A526ADDF838E0EC46CCF80840CCF804E0CCF8001045F6D0
S32500017C00BD31C0F20201FEF75BF8FEF731F805994A6A45F6F941C0F20201FEF751F80598FD
S32500017C200AB010BD70477047F0B581B01546DDE906720E4689681C467AB1814204D04068C8
S32500017C404968E8F7E1FE60B931462A462346069701B0BDE8F04000F078B8406849688842DF
S32500017C60F2D001B0F0BD2DE9F0411646069A0C468968984607468AB1B94230D07D68496860
S32500017C802846E8F7C1FE50B32068B8420ED041682846E8F7B9FE48B1BDE8F0817868496821
S32500017CA088421CD0216849688842F5D12069B04220D06069B0421DD0D4E90901C4F8208007
S32500017CC0013101286661A16205D1A069022804BF012084F836000420E062BDE8F081606895
S32500017CE0B042D9D1E06901281CBFC4F81C80BDE8F081D1E7B8F1010F18BFBDE8F0810120A7
S32500017D002062BDE8F08180B5D1F808C0D0F804E0DCF80400864518BF80BD086950B1904257
S32500017D200DD0486A0130486202208861012081F8360080BD01200A618B61486280BD88696A
S32500017D40022804BF8B6180BD80BD80B548684FF0010E984281F835E000D080BD0B69DDF8D8
S32500017D6008C081F834E02BB193420FD0486A0130486217E00120BCF1010F0A61C1F818C0B9
S32500017D804862EAD1086B01280CD0E6E78A69022A04BFC1F818C06246086B012818BF80BD67
S32500017DA0012ADAD1012081F8360080BDF0B58FB0054640684B6898422DD043F6445314464E
S32500017DC0C0F2020343F65052C0F20202084619460023002602F0C6FAF0B101AE0746301DC2
S32500017DE03421E8F7BFFD4FF0FF3004900120019703950D9038682268C5693846314601232B
S32500017E00A84707980138B0FA80F04FEA501604BF0598206000E0012630460FB0F0BD2DE9FC
S32500017E20F04383B0DDE90A450E4689689846914607467DB1B94204D078684968E8F7E4FD2B
S32500017E4060B931464A4643460A9403B0BDE8F043FFF77BBF786849688842F2D0B8684A464C
S32500017E60016843464F693146CDE90045B84703B0BDE8F0832DE9F04383B0DDF828900C46BA
S32500017E80896898461546B9F1000F07462FD0B9423FD07E6849683046E8F7B6FDC8B3206800
S32500017EA0B84204D041683046E8F7AEFD38BB2069A84237D06069A84234D0E06AC4F820807A
S32500017EC0042837D00020A086B868012601682A464F6921462B46CDE90069B84794F8350093
S32500017EE030B394F834000321E16280BB22E07868496888420DD0216849688842D7D0B86831
S32500017F002A46016843468F692146CDF80090B8471DE06068A8421AD1E069012818BFC4F8A6
S32500017F201C8014E0B8F1010F04BF012020620EE00420E062D4E90901656101310128A1624C
S32500017F4005D1A069022804BF012084F8360003B0BDE8F08380B5D1F808C0D0F804E0DCF86A
S32500017F6004C0E64507D08068D0F800C0DCF81CC0BDE880406047086950B190420DD0486A35
S32500017F800130486202208861012081F8360080BD01200A618B61486280BD8869022804BFAA
S32500017FA08B6180BD80BD00002DE9F04F87B0DDE9105789468968834697B1594509D0DBF880
S32500017FC0040049681C461646E8F71EFD3246234658B94946109507B0BDE8F04FFFF7B5BE03
S32500017FE0DBF8040049688842F3D0DBF80C00DBF814100BEBC000103099F834A099F83580EE
S3250001800006900020A9F83400C8074FEA212601D018688659DBF81000890701681C4633449A
S325000180202E4604954D69494658BF0226CDE900670592A84799F8341099F835004AEA010A2B
S3250001804050EA080618BF0126BAF1000F18BF4FF0010A069A0BF11808904549D2CDE902474D
S3250001806099F83620002A43D1090609D0D9F8180001283DD09BF80800800707D438E000BFF9
S32500018080000603D09BF80800C00731D00020A9F83400D8F80410C8074FEA212202D102ADF7
S325000180A038CD04E0029BDDE903451868825858F8080B8907016813444F6958BF0225059A83
S325000180C04946CDE90054B84799F8341099F835000AF0010251EA020A06F0010218BF4FF013
S325000180E0010A50EA020618BF0126069A9045B7D30AF0010089F8340006F0010089F83500D2
S3250001810007B0BDE8F08F00002DE9F04F83B00C9D0C46896898469346002D814671D049458F
S3250001812000F0BB80D9F8046049683046E8F76CFC002800F0B2802068484505D04168304617
S32500018140E8F762FC002865D12069584500F0AE806069584500F0AA80E06AC4F820800428E7
S3250001816000F0F280D9F80C00002840F3E58009F1100606EBC00A00204FF00008029000BF76
S325000181800020A0867168C8074FEA212202D0DBF8000082583068890701680C9FD1F814C016
S325000181A00BEB02034FF0010521465A4658BF0225CDE90057E04794F83600E0B994F83500E3
S325000181C0B0B194F8340068B1A069012800F0CD8099F80800800740F1C88001204FF00108ED
S325000181E0029005E099F80800C00708D04FF0010808365645C4D35FEAC87000F0A08003205D
S325000182009EE0D9F804004968884246D021684968884299D0D9F80C00D9F8141009EBC00080
S3250001822000F1100AC8074FEA212202D0DBF800008258D9F81000890701685A448F69434669
S32500018240214658BF02230095B84709F11806564580F08880D9F80800810703D4616A012988
S325000182602AD100BF94F8360000287BD17168C8074FEA212202D0DBF80000825856F8080B03
S32500018280890701685A448F694346214658BF02230095B8475645E5D364E06068584561D15A
S325000182A0E069012818BFC4F81C805BE0B8F1010F04BF0120206255E0C0071DD194F8360010
S325000182C000284FD1606A01284CD07168C8074FEA212202D0DBF80000825856F8080B8907AC
S325000182E001685A448F694346214658BF02230095B8475645E2D335E094F8360090BB606A7C
S32500018300012802D1A06901282CD07168C8074FEA212202D0DBF80000825856F8080B890798
S3250001832001685A448F694346214658BF02230095B8475645E0D315E00420E06204E00420C6
S325000183400299E062C9070DD1D4E90901C4F814B001310128A16205D1A069022804BF0120F9
S3250001836084F8360003B0BDE8F08F0320E062F9E72DE9F04381B0804688680C46D8F80410C2
S3250001838040689946814216461FD0D8F80C1008F1100000EBC107214632464B4600F030F811
S325000183A008F11800B84228D208F12005A5F10800214632464B4600F023F894F83600E0B91F
S325000183C0BD4205F10805F1D317E0206950B1B0420ED0606A013060620220A061012084F802
S325000183E036000AE001202661C4F81890606204E0A069022808BFC4F8189001B0BDE8F0837D
S3250001840010B5D0F804C042B15FEACC7E4FEA2C2E05D0146854F80EE001E04FF0000E0068CA
S325000184205FEA8C7458BF022304687244D4F81CC0BDE81040604740684968401AB0FA80F07D
S325000184404009704780B586B0059004910392049802A90A22E8F725F901900298007850B9CF
S32500018460FFE70198012801D8FFE703E00398F6F7C9FEFFE703E00398F6F7C4FEFFE70198CA
S3250001848006B080BD80B586B0059004910392049802A90A22E8F705F901900298007850B9BC
S325000184A0FFE70198032801D8FFE703E00398F6F7A9FEFFE703E00398F6F7A4FEFFE70198C8
S325000184C006B080BD80B58AB00990089107920693099805900798002808D4FFE7079845F636
S325000184E06131C0F20301884204D3FFE70698F6F789FE55E00898049004284DD80499DFE876
S3250001850001F00304152739004AE0059807990391406A002100F09EF901460398884204DD0D
S32500018520FFE70698F6F76EFEFFE739E0059807990291406A4030002100F08CF901460298F7
S32500018540884204DDFFE70698F6F75CFEFFE727E0059807990191406A8030002100F07AF904
S3250001856001460198884204DDFFE70698F6F74AFEFFE715E0059807990091406AC03000214C
S3250001858000F068F901460098884204DDFFE70698F6F738FEFFE703E00698F6F733FEFFE7E7
S325000185A00AB080BD80B586B0059004910392049802A90A22E8F775F801900298007850B928
S325000185C0FFE70198022801D8FFE703E00398F6F719FEFFE703E00398F6F714FEFFE70198C8
S325000185E006B080BD80B586B0059004910392049802A90A22E8F755F801900298007850B90C
S32500018600FFE70198042801D8FFE703E00398F6F7F9FDFFE703E00398F6F7F4FDFFE70198C7
S3250001862006B080BD80B588B00790079908684968009106F007FF0246009801920A46019991
S3250001864042EC101B8DED020B06F0FCFE9DED020B41EC110B51EC110B53EC102B0693059260
S3250001866006F05AFC024605980B46069943EC102B53EC102B06F00CFD41EC100B08B080BDB2
S3250001868080B588B00790079908684968009106F0D9FE0246009801920A46019942EC101BFA
S325000186A08DED020B06F0CEFE9DED020B41EC110B51EC110B53EC102B0693059206F02CFC69
S325000186C0024605980B46069943EC102B53EC102B06F0DEFC41EC100B51EC100B9FED040BCF
S325000186E053EC102B06F03AFF41EC100B08B080BD000000000000594080B586B0059004915F
S325000187000392049802A90A22E7F7CBFF01900298007808B9FFE703E00398F6F773FDFFE797
S32500018720019806B080BD000081B000900098007C00F0010001B0704781B0009000980078A7
S3250001874000F0010001B0704780B588B0DDF828C00690059104920393059802A90A22E7F7E5
S32500018760A0FF01900298007888B9FFE701980399884205DBFFE701980A99884204DDFFE7F7
S325000187800498F6F73FFDFFE70198079005E00498F6F738FD00200790FFE7079808B080BD23
S325000187A082B080B588B00B930A92079006910798019000F10C0105A80290F8F7C9FD0199EF
S325000187C00AA8049048688968069A049B0393039BE7F71EFF01980268416892689047029826
S325000187E0F8F7CAFD08B0BDE8804002B07047000084B003900291039801900298002801D419
S32500018800FFE70AE045F2A840C0F2020045F26951C0F202015522E7F781FF029808B9FFE7F2
S325000188200AE045F27140C0F2020045F26951C0F202015622E7F772FF0198029900EBC1005E
S3250001884090ED0A0B04B0704781B00090012001B07047000084B003900291039801900298AA
S32500018860002801D4FFE70AE045F2A840C0F2020045F26951C0F202015522E7F74FFF02986E
S32500018880012801D8FFE70AE045F27140C0F2020045F26951C0F202015622E7F73FFF019890
S325000188A0029900EB8100806A04B0704781B00090022001B07047000084B003900291039815
S325000188C001900298002801D4FFE70AE045F2A840C0F2020045F26951C0F202015522E7F7CB
S325000188E01DFF0298012801D8FFE70AE045F27140C0F2020045F26951C0F202015622E7F751
S325000189000DFF0198029900EB8100806A04B0704781B00090022001B07047000080B584B09B
S32500018920039003980290007CC00720B9FFE70298C06940B1FFE7029901F11400C96900F011
S3250001894021F8019002E000200190FFE7019800F0010004B080BD000081B00090009890F891
S32500018960200000F0010001B07047000081B000900098407A01B0704781B000900098007A29
S3250001898001B0704780B582B001900091019800F009F80146009A0020914288BF012002B067
S325000189A080BD000080B582B001900198009005F05DF900990968401A02B080BD81B00090F3
S325000189C00098007900F0010001B0704781B0009000980C3001B0704781B00090062001B091
S325000189E07047000082B001900198416891F8D91001F001018DF803104168002081F8D9009C
S32500018A009DF8030000F0010002B0704781B000900098006801B0704780B586B00490049899
S32500018A20029000200390FFE702990398896888422BD2FFE702980068039900EB01104068EE
S32500018A40F0B1FFE702980068039900EB0110406801684969884701460298019100680399E5
S32500018A6000EB0110406801680969884701460198884204D0FFE701208DF817000CE0FFE7AE
S32500018A80FFE7039801300390CEE70298007C00F001008DF81700FFE79DF8170006B080BDAD
S32500018AA080B582B00190FBF7EFF8400802B080BD80B582B00190FBF7E7F80146012000EB8B
S32500018AC0114002B080BD000080B582B0019001998868C968EDF74EFA013802B080BD000048
S32500018AE080B58EB00C900B910A9209930C98019000F1080108A8F8F72BFC099820F00300E3
S32500018B0006900B9830B9FFE700208DF837000120059043E0019909980A9A104449688842E3
S32500018B2036D8FFE7032004900020039006980290FFE703980A99884225D2FFE79DF8080038
S32500018B40800740B9FFE7029907A80422EBF748F903200490FFE70298099988420BD3FFE7AE
S32500018B6007980499C900C8400B99039A8854039801300390FFE7049801380490FFE7029896
S32500018B8001300290D5E701208DF83700059005E000208DF8370001200590FFE708A8F8F7E1
S32500018BA0EBFB9DF837000EB080BD000081B000900098406801B0704780B582B00190019807
S32500018BC04068F2F73DFC02B080BD000080B590B00F900E918DF837200F9801909DF8370042
S32500018BE0FCF748FB02460198116852680C920B91C0680B990C9A414308A80290FCF716FEAB
S32500018C0002990E9A06A80390FCF7C2FD0398FCF753FD50B9FFE704A801221146FCF754FDE0
S32500018C200498059907910690FFE701984068F2F747FC28B1FFE701984068F2F7A9FCFFE7FE
S32500018C4001984068009006A8FCF74EFD01460098F2F75AFC01984068F2F778FC0198406853
S32500018C60F2F7CCFB01984068F2F70AFC10B080BD80B584B0029002980190806828B1FFE743
S32500018C80019880684069009003E0019880680090FFE7009903A8FCF79FF8039804B080BDDF
S32500018CA080B582B000900098416801A8FCF794F8019802B080BD000081B000900098006804
S32500018CC0043001B07047000082B0019000910199009800680968401A18BF012002B07047D7
S32500018CE080B586B00490039102920193049900910198029A1044C968884210D8FFE7009B97
S32500018D000399029A58689B68DDF804C06344D0F800C0DCF800C0E0478DF8170003E000202F
S32500018D208DF81700FFE79DF8170006B080BD000081B000900098C06801B0704780B582B0BB
S32500018D40019000910198006800990968E7F75CFEB0FA80F0400902B080BD000080B584B0EC
S32500018D60029002980190C06828B1FFE70198C0688068009003E00198C0680090FFE700995C
S32500018D8003A8FCF7C1F9039804B080BD80B582B000900098816801A8FCF7B6F9019802B0DA
S32500018DA080BD000081B000900098006801B0704782B0019000910198006800990968401A8D
S32500018DC018BF012002B0704781B000900098C06801B0704781B000900098806801B0704799
S32500018DE081B000900098406801B0704784B0039002910399019102984968884201D2FFE7AD
S32500018E000AE045F2E840C0F2020045F2C351C0F202018A22E7F782FC019902988968884257
S32500018E2001D2FFE70AE045F2C640C0F2020045F2C351C0F202018B22E7F770FC019802996C
S32500018E40C068084404B0704780B582B0019001988068E7F7C7FC02B080BD000080B584B0BA
S32500018E60039002910398009002990191FFF7ECFF01460198884201D2FFE70AE045F2604068
S32500018E80C0F2020045F22E51C0F202019522E7F745FC009902984968884201D2FFE70AE085
S32500018EA045F2B340C0F2020045F22E51C0F202019622E7F733FC009802998068405C04B032
S32500018EC080BD000081B000900098008801B0704781B0009000988168C2680020914228BFBF
S32500018EE0012001B07047000081B0009000988168C2680020914228BF012001B07047000013
S32500018F0081B00090009800F5DE7001B07047000081B00090009800F5A67001B0704700007A
S32500018F2081B00090009800F5AE7001B07047000081B00090009800F5B67001B0704700007A
S32500018F4081B00090009800F5BE7001B07047000082B0019000910198009900EB411008302C
S32500018F6002B0704780B586B004900391049801900398013801460291032823D80299DFE88B
S32500018F8001F002091119019840680021FFF762FC05901AE00198406840300021FFF75AFC41
S32500018FA0059012E00198406880300021FFF752FC05900AE001984068C0300021FFF74AFCC0
S32500018FC0059002E000200590FFE7059806B080BD83B0029002980090D0F858110020019017
S32500018FE0B1B9FFE70098D0F868110020019079B9FFE70098D0F878110020019041B9FFE7FE
S325000190000098D0F88801B0FA80F040090190FFE7019800F0010003B07047000080B586B027
S3250001902005900491039205980190049944F6BC30C2F20000F6F702FF019800680399F5F74E
S32500019040BFF801980068F5F7CDF88DF80B009DF80B0000F0010006B080BD000081B00090CB
S325000190600098D0F8940101B07047000081B000900098D0F8480101B07047000080B588B04D
S325000190800190079106920798029004A8F5F792FC00200390FFE70398022820D8FFE70298DB
S325000190A0039901EB410100EB8100D0F89801069988420FD1FFE701990298039A02EB4202E1
S325000190C000EB8202D2F89C01D2F8A0214A60086008B080BDFFE7039801300390DBE745F2E3
S325000190E0CC70C0F2020045F6DA11C0F2020140F29712E7F713FB000080B586B00590049142
S325000191000598009000F1380103A8F8F721F9009890F83400C1073A20002918BF3B2040F636
S32500019120C421C2F2000101F07DFAF3F7C5FA029004980190FFE70198007890B1FFE7019807
S32500019140007840F6C421C2F2000101F06BFA02980199012201F018FA029001980130019023
S32500019160E9E70298F3F768FA01460098029190F83400C00768B1FFE7029B40F6C420C2F2D3
S32500019180000045F6FD51C0F202014022E7F716FAFFE740F6C421C2F200010A2001F042FA2D
S325000191A003A8F8F7E9F806B080BD000081B000900098007800F0010001B0704781B000904F
S325000191C000990868496800EB810001B07047000081B000900098006801B0704781B0009010
S325000191E000990868496800EB810001B07047000081B000900098006801B0704780B582B04A
S3250001920001900091019882680099904702B080BD81B000900098C068017A0120884301B0AA
S325000192207047000080B584B00390029101920398826802990968019B93ED000B904704B00B
S3250001924080BD000081B000900098C068017A0120884301B07047000080B584B003900291EB
S3250001926001920398836802990968019A1268984704B080BD81B000900098C068017A0120C0
S32500019280884301B07047000080B584B00390029101920398836802990968019A12689847EC
S325000192A004B080BD81B000900098C068017A0120884301B07047000080B58AB008900898BF
S325000192C0009001200990099800EB4000810005A80290042200F08CFB029800F011F80099E8
S325000192E0019000F017FA02980199049100F070FA02980499039100F08DFA03980AB080BDDE
S3250001930080B582B00190019800F004F8006802B080BD000080B582B00190019800F002F8F7
S3250001932002B080BD81B00090009801B07047000080B582B001900091019A00981168526887
S3250001934000F012FB02B080BD80B582B00190009101980099FFF752FF02B080BD80B582B0C2
S3250001936001900198FFF754FF02B080BD80B584B0039002918DED000B039802A96A46FFF784
S3250001938051FF04B080BD000080B582B001900198FFF758FF02B080BD80B584B00390029129
S325000193A00192039802A901AAFFF756FF04B080BD80B582B001900198FFF75CFF02B080BD15
S325000193C080B584B0039002910192039802A901AAFFF75AFF04B080BD80B582B001900198A2
S325000193E0FFF760FF02B080BD81B00090012001B07047000080B584B003900291039801901D
S3250001940008300299083100F087FB01980C3002990C3100F0A7FB0198029900F08DFB04B028
S3250001942080BD000080B584B002900191029800900390019A11685268426001600199896842
S3250001944081600199C968C160C068006848B1FFE70098C068016801980068884700990860CF
S32500019460FFE7039804B080BD80B582B0019001980090083000F0ECF800F06EF90146009810
S32500019480C16002B080BD000080B58CB009900891099803900A90083000F0DAF800F05CF905
S325000194A00399C8600898FFF79FFF30B3FFE700F0BBF8039907900798886000F063F903999F
S325000194C0C86001200B900B9800EB4000810004A80290042200F08CFA0298FFF711FF019047
S325000194E0089900F009F90298039A0199116000F06FF9029800F08EF9FFE70A980CB080BDA6
S3250001950080B584B00290029801900390C068406830B1FFE701990868C96849688847FFE753
S32500019520039804B080BD000080B582B0019001980090083000F09EF800F00EF901460098E3
S32500019540C16002B080BD000080B584B00290029801900390C068406830B1FFE7019908689A
S32500019560C96849688847FFE7039804B080BD000080B582B0019001980090083000F08AF8F6
S3250001958000F0EAF801460098C16002B080BD000080B584B00290029801900390C06840687A
S325000195A030B1FFE701990868C96849688847FFE7039804B080BD000080B582B0019001981F
S325000195C00090083000F076F800F0C6F801460098C16002B080BD000080B584B0029002982C
S325000195E001900390C068406830B1FFE701990868C96849688847FFE7039804B080BD00007C
S3250001960080B584B0039002910398006801900198029900F08DF804B080BD000082B00190C3
S32500019620009100F029FA000080B582B04DF20161C0F2010101A800F003F8019802B080BDA7
S3250001964082B00190009101980099016002B0704781B0009000984DF21D61C0F20101016088
S3250001966001B0704784B0039002918DED000B00F003FA000081B0009000984DF26561C0F29F
S325000196800101016001B0704784B003900291019200F0F2F981B0009000984DF28961C0F2FC
S325000196A00101016001B0704784B003900291019200F0E2F981B0009000984DF2A961C0F2CC
S325000196C00101016001B0704780B584B00190019800F00EF80198039001200290039802991A
S325000196E001EB41018900042200F09AF904B080BD81B0009001B0704782B0019000910198FC
S32500019700009B19685A689B6883604260016002B07047000082B0019000910198009B196809
S325000197205A689B6883604260016002B07047000080B582B0019000910198009900F0ACF9BE
S3250001974002B080BD80B582B00190019800900098FFF7B2FD02B080BD44F60450C0F2020084
S325000197607047000081B044F61450C0F2020001B07047000080B582B001900198FFF7A4FF16
S3250001978002B080BD80B582B0FFF7ECFF02B080BD80B586B0059004910598019000F0B6F83B
S325000197A001460198096803910499029100F0AEF8014602980860039838B1FFE7019800F0BB
S325000197C0ADF80399FFF7B4FDFFE706B080BD000080B584B003900398019000F097F80146D3
S325000197E001980968029100F091F8014600200860029804B080BD000080B584B00390029163
S32500019800019203980090019A02A900F091F8009804B080BD80B582B00190019800900021F9
S32500019820FFF7B6FF009802B080BD000080B584B00290019102980090019900F02BF80098F3
S3250001984004B080BD80B586B004900391029204980190039900F00EF80198029900F028F8E6
S32500019860019806B080BD000081B00090009801B07047000082B0019000910198009909689D
S32500019880016002B07047000081B000900098006801B0704782B001900091019800990160E7
S325000198A002B0704781B00090009801B07047000082B001900091019802B0704780B500F0FC
S325000198C0C7F880BD80B500F0C7F880BD80B500F0C7F880BD80B586B0049003910292049880
S325000198E00190039800F0E2F8029900F003F90090039800F0EBF8029900F0F0F80099024692
S32500019900019800F083F906B080BD000080B582B00190019800F04EF802B080BD80B582B02B
S3250001992001900198043000F033F802B080BD000080B584B0039002910192039800900299D0
S3250001994000F03EF800980430019900F027F8009804B080BD80B582B001900091019800F0CA
S325000199600FF802B080BD000080B584B00390029101920398029900F085F804B080BD000034
S3250001998080B582B00190019800F030FB02B080BD81B00090009801B07047000082B00190A1
S325000199A000910198009A116852684260016002B07047000081B00090009801B0704700007C
S325000199C082B001900091019800990968016002B0704784B0844601A80EC040F6183001AA21
S325000199E0C2F2000061460092E7F76EF8E7F782FF80B588B001900791069207980699FFF76E
S32500019A00A9FF02900799069A04A8039000F014F801980299039AFFF7EFFE08B080BD0000E1
S32500019A2080B584B003900291019203980299019AFFF79AFF04B080BD83B0029001910092C3
S32500019A400298019901600099416003B0704700006FF00040704700004FF00040704700003A
S32500019A604FF0FF307047000080B582B00190019800F09CFA02B080BD45F2CF60C0F202009A
S32500019A80FFF7A7FF80B582B0019000910198FFF7EBFF02B080BD000080B582B001900091A9
S32500019AA00198009900F0D2F802B080BD80B582B001900198FFF7D8FE02B080BD80B582B011
S32500019AC001900198FFF7E0FE02B080BD80B582B001900198FFF7E6FE02B080BD80B584B0CF
S32500019AE003900291002001900298FFF7E7FF04B080BD000082B001900091019802B07047CB
S32500019B0080B584B00391029201930399029A019B00F052F804B080BD83B002900191029829
S32500019B2000680090019802990068086001990098086003B07047000084B003900291039928
S32500019B400868496801910090029A0399106852684A60086002990098019A4A60086004B0AB
S32500019B607047000083B002900191029800680090019800680299086000980199086003B0ED
S32500019B807047000080B586B0059004910392059801900499039AFFF755FE019806B080BDA0
S32500019BA080B584B003900291039800900299FFF73DFE009804B080BD80B586B005900491FA
S32500019BC00392029305980190049A116852684260016008300399029AFFF7D4FF019806B0CA
S32500019BE080BD000080B588B0079006910798019008300290069904A80390FFF7D1FF01984F
S32500019C000299039AFFF766FE08B080BD80B586B005900491039204980168059802680192ED
S32500019C20406801EB60010291C00730B1FFE70199029800684058009002E001980090FFE752
S32500019C400298009A0399904706B080BD80B582B00190009101980099FFF7C4FF02B080BD00
S32500019C6080B582B00190009101980099FFF7C2FB02B080BD80B582B0019001980090FFF769
S32500019C80F3FB009802B080BD80B584B003900291039801900299FFF7C5FB019804B080BDB2
S32500019CA080B586B005930492039102900298019003A9FFF7E9FB019806B080BD80B582B03A
S32500019CC0019001980090FFF71BFC009802B080BD80B588B00790069107980190069902A81B
S32500019CE00090FFF7D1FF00980199FFF7B9FF0098FFF7E4FF019808B080BD000080B584B0BF
S32500019D000390029103980190FFF70EFC019804B080BD000080B582B0019001980090FFF749
S32500019D2013FC009802B080BD80B584B00390029103980190FFF71CFC019804B080BD000033
S32500019D4080B582B0019001980090FFF721FC009802B080BD80B584B0039002910398019086
S32500019D60FFF72AFC019804B080BD000080B582B0019001980090FFF72FFC009802B080BD6D
S32500019D8080B582B0019000910198FFF7FDFA02B080BD000080B582B0019000910198FFF7A6
S32500019DA007FB02B080BD000080B582B0019000910198FFF711FB02B080BD7047804701A079
S32500019DC000F07BFB7465726D696E6174655F68616E646C657220756E6578706563746564BB
S32500019DE06C792072657475726E65640040F21060C2F200000068FFF7E1FF000084B0039093
S32500019E0002918DED000B0398243802999DED000B04B0F6F795BB000081B000900098243856
S32500019E2001B0F6F7DFBB000086B005908DED020B0191059824389DED020B019906B0F6F732
S32500019E40EDBB000083B0029001910092029824380199009A03B0F6F7CBBC000081B0009058
S32500019E600098243801B0F6F70DBD000083B0029001910092029824380199009A03B0F6F7CC
S32500019E801DBD000083B0029001910092029824380199009A03B0F6F7E1BD000081B00090CF
S32500019EA00098243801B0F6F723BE000083B0029001910092029824380199009A03B0F6F775
S32500019EC033BE000082B00190009101982438009902B0FEF78DBC000081B000900098243803
S32500019EE001B0FEF7B1BC000082B00190009101982438009902B0FEF7ADBC000081B0009095
S32500019F000098243801B0FEF7D1BC000082B00190009101982438009902B0FEF7CDBC000001
S32500019F2081B000900098243801B0FEF7F1BC000082B00190009101980438009902B0F7F7B0
S32500019F4009B8000083B0029001918DF803200298043801999DF8032003B0F7F76DB800004C
S32500019F6082B00190009101980438009902B0F7F773B8000081B000900098043801B0FDF713
S32500019F8069BC000082B0009000980190043802B0FDF76CBC82B001900091019804380099DE
S32500019FA002B0FFF7A9B800F001B8000080B582B0019040F20D60C2F200000078C00708B1A5
S32500019FC0FFE70AE046F26940C0F2020046F28641C0F202013322E6F7A1FB019802F0FEFC0E
S32500019FE002B080BDFFF7E2BFAFF3008080B582B0019040F20C60C2F200000078C00708B170
S3250001A000FFE70AE046F27940C0F2020046F28641C0F202012722E6F781FB019801F096FC52
S3250001A0200090009880B9FFE7009808B1FFE70AE046F2BF40C0F2020046F28641C0F2020112
S3250001A0402B22E6F76BFBFFE7009802B080BD000001A000F032FA00BF507572652076697273
S3250001A0607475616C2066756E6374696F6E2063616C6C656421000000FFF7B8FE80B582B0E4
S3250001A08044F6A000C2F200000190FDF7ABFB01994BF66D00C0F2010044F20002C0F2000219
S3250001A0A0E6F737FB02B080BD80B586B000200190012002900220039001A804900320059022
S3250001A0C043F69870C2F20000009004A9FAF77AFF009949F24D00C0F2010044F20002C0F21F
S3250001A0E00002E6F716FB06B080BD000080B582B044F6BC30C2F200000190F6F785F901999F
S3250001A10044F22150C0F2010044F20002C0F20002E6F7FFFA02B080BD80B582B044F6EC00A0
S3250001A120C2F200000190FAF7CDFF019949F2FD00C0F2010044F20002C0F20002E6F7E9FAE5
S3250001A14002B080BD80B544F61010C2F2000043F60001CFF2000100220823F7F787FF80BDCC
S3250001A16080B582B044F6BC30C2F2000000F5987143F6A870C2F200000190F7F701F8019982
S3250001A18045F2E910C0F2010044F20002C0F20002E6F7BFFA02B080BD80B544F62010C2F211
S3250001A1A0000043F60001CFF2000101220423F7F75DFF80BD80B582B040F60040C2F200003A
S3250001A1C00190F4F717FB019942F6F900C0F2010044F20002C0F20002E6F79BFA02B080BD1F
S3250001A1E080B544F63010C2F2000043F60001CFF2000102220423F7F739FF80BD80B582B0E4
S3250001A20043F6E870C2F20000019043F6A871C2F20001F5F781FA019943F65150C0F20100CC
S3250001A22044F20002C0F20002E6F773FA02B080BD80B544F64010C2F2000043F60001CFF284
S3250001A240000103220123F7F711FF80BD80B544F22860C2F2000040F60041C2F2000143F666
S3250001A260E872C2F20002FDF7EBF880BD80B544F65010C2F2000043F60101CFF20001002211
S3250001A2800823F7F7F3FE80BD80B540F6D430C2F2000043F6E871C2F2000144F22862C2F292
S3250001A2A00002F3F7A9FE80BD80B544F66010C2F2000043F60101CFF2000101220423F7F7FF
S3250001A2C0D5FE80BD80B544F67010C2F2000043F60101CFF2000102220423F7F7C7FE80BD8C
S3250001A2E080B544F68010C2F2000043F60101CFF2000103220123F7F7B9FE80BD10B58CB07B
S3250001A30043F62041C0F2020108684A688B68D1F80CC0D1F810E04C690794CDF818E0CDF8B2
S3250001A32014C00493039202908869C9690991089002A80A9008200B9044F60010C2F200002A
S3250001A34001900AA9FAF74CFF019949F26920C0F2010044F20002C0F20002E6F7DAF90CB00D
S3250001A36010BD00002DE9F0439FB0044600681F4650E9026911A8CDE913131030272115463E
S3250001A38004EB0608CDE91124E6F7ECFA484629460022F2F794F938B1002F44D4FE4218BF2F
S3250001A3A04FF00008444662E0002F1DD4E41B44451ADBCDE9055703AD05F110002721CDE920
S3250001A3C00394E6F7CFFA01270F97D9F800004FF0000C46694846294642464346CDE9007C60
S3250001A3E0B0470998002842D1D9F800000024876911A94846424601230094B8471A9801283C
S3250001A40026D0A0BB1B99DDE91802169C81F0010180F0010008430021012A18BF0C460028D2
S3250001A42018BF0C4623E0B81C4FF000041FD001271D97D9F8000011A946694846424643462E
S3250001A440CDE90074B0471798012808BF44460EE01798012801D1159C09E01B98002430B9B9
S3250001A4601898012803D11998012808BF159C20461FB0BDE8F083000080B582B00190009100
S3250001A4800199009A46F67610C0F20200E6F78AF802B080BD7047000080B540F28060CFF2FE
S3250001A4A0001040F60061C0F22771ECF755F943F6E071C2F20001086080BDE7F71BFA00009C
S3250001A4C084B003900291039800F00100009001200190FFE70198029988420FD2FFE7039807
S3250001A4E0400803900099039800F0010040EA41000090FFE7019801300190EBE7009804B0FB
S3250001A5007047000085B0049003910292FFE70298411E0291A0B3FFE70398411C03910078DD
S3250001A5208DF8020001200190FFE79DF8040030B3FFE70498C00F8DF803009DF8020001996F
S3250001A540084207D0FFE79DF80310012088438DF80300FFE70498400004909DF80300C0071C
S3250001A56040B1FFE7049841F6B751C0F2C14148400490FFE7FFE7019840000190D5E7C6E7B3
S3250001A580049805B07047000085B004900391029203980190FFE70298411E029138B3FFE74C
S3250001A5A00498000B0199097880EA11100090009800F00F0144F63C50C0F2020050F821102C
S3250001A5C0049A81EA02110491049A0199097881EA12310091009901F00F0150F8210004992B
S3250001A5E080EA01100490019801300190D3E7BDF8100005B07047000080B582B00090009870
S3250001A60040F67021C2F20001884204D1FFE701F09DFA019003E04FF0FF300190FFE70198B8
S3250001A62002B080BD80B584B002900191019840F6C421C2F20001884206D1FFE79DF808000A
S3250001A64001F098FA039011E0019840F61831C2F20001884206D1FFE79DF8080001F064FAAC
S3250001A660039003E04FF0FF300390FFE7039804B080BD000080B582B001900198C0B1FFE702
S3250001A68040F20D60C2F200000078C00708B1FFE70AE046F26940C0F2020046F28641C0F252
S3250001A6A002017C22E6F73AF8019802F097F9FFE702B080BD83B002900191009203B07047A0
S3250001A6C080B586B004908DF80F100292019300200090FFE70098052800F28080FFE70498D9
S3250001A6E00099084490F88800002872D1FFE7049800680099EEF78AF89DF80F000499009A2E
S3250001A700114481F8880002980499009A01EB820188629DF80400000600283FD5FFE7049855
S3250001A720009900EB8101082088609DF80400400600280ED4FFE7019800F00300012808D19F
S3250001A740FFE70498009900EB81010A20C1F8900007E00498009900EB81010C20C1F89000F9
S3250001A760FFE79DF80400400600280ED4FFE7019800F00300012808D0FFE70498009900EB8A
S3250001A78081011420C1F8B00007E00498009900EB81011620C1F8B000FFE716E0049800995A
S3250001A7A000EB81010A2088600498009900EB810142F20800C1F890000498009900EB81014A
S3250001A7C042F21100C1F8B000FFE700980130059007E0FFE70098013000907BE70020059043
S3250001A7E0FFE7059806B080BD80B582B0019000910198006800990139EEF708F80198006899
S3250001A80000990139EEF766F80098411E012000FA01F3019AD2F8D0109943C2F8D0100099C1
S3250001A820013900FA01F20199D1F8D4009043C1F8D40002B080BD000080B584B003900291D5
S3250001A84003984068EBF74EF80190019828B1FFE703984068EAF786FFFFE70298411E0120F4
S3250001A86000FA01F3039AD2F8D0101943C2F8D0100299013900FA01F20399D1F8D4009043D8
S3250001A880C1F8D4000398006802990139EEF754F80398006802990139EDF7EAFF019828B104
S3250001A8A0FFE703984068EAF7BDFFFFE704B080BD80B582B001900091019800680099013997
S3250001A8C0EEF708F802B080BD80B582B0019000910198006800990139EEF72EF802B080BD46
S3250001A8E080B582B001908DF80310FFE79DF80300082809DBFFE746F2C120C0F2020040F24A
S3250001A9004E41FFF7B9FDFFE7FFE7019800689DF80310EDF77BFF01999DF80300014400208B
S3250001A92081F8870001999DF8032001EB820148609DF803104A1E012101FA02FC019BD3F815
S3250001A940D02022EA0C02C3F8D0209DF80320013A01FA02F3019AD2F8D4109943C2F8D41095
S3250001A96001999DF8032001EB8201486202B080BD80B584B003900291002001900398006833
S3250001A9800299EEF725F8B0F5807F03D1FFE7022001901CE00398D0F8D40002990139C840F2
S3250001A9A0C00718B1FFE7012001900FE00398D0F8D00002990139C840C00718B1FFE70420CF
S3250001A9C0019002E000200190FFE7FFE7FFE7019804B080BD80B582B0019001980068EDF733
S3250001A9E0DDFF02B080BD000080B586B004900391029201939DF80800800718B1FFE70020D7
S3250001AA000590DAE00398411E012000FA01F3049AD2F8D0101943C2F8D0100399013900FAC9
S3250001AA2001F20499D1F8D4009043C1F8D40002980499039A01EB8201486401980499039AC0
S3250001AA4001EB820148660498006803990139029AEDF732FE0498006803990139019AEDF7EF
S3250001AA60A5FE01980499039A01EB8201496A884262D3FFE701980499039A01EB8201496A5D
S3250001AA80B0FBF1F00090019A0498039900EB8100416AB2FBF1F000FB112020B1FFE70098A0
S3250001AAA001300090FFE7049A10680399114491F88710009AEFF79CFD049A106803994B1E8D
S3250001AAC0D11891F8881002EB8302D2F8B020EFF719FB049B1868039901395A1892F88820C6
S3250001AAE003EB81039B6843F00403EDF715FE0498039900EB81000079800700280BD5FFE717
S3250001AB00049A10680399114491F887104FF40052EFF778FB09E0049A10680399114491F8A0
S3250001AB2087100022EFF76EFBFFE70498006803990139EDF79DFE3DE0049A106803994B1E8F
S3250001AB40D11891F8881002EB8302D2F89020EFF7D9FA049B1868039901395A1892F88820A6
S3250001AB6003EB81039B68EDF7D7FD0498039900EB810000798007002811D5FFE7049A1068F3
S3250001AB800399114491F887104FF40052EFF73AFB0498006803990139EDF76AFE09E0049A40
S3250001ABA010680399114491F887100022EFF70AFBFFE7FFE701980590FFE7059806B080BD88
S3250001ABC083B002900191009203B0704780B582B00190E5F72DFC00680199405C00F001008F
S3250001ABE002B080BD80B588B000200590079044F6BC30C2F20000F5F7E9F944F6A000C2F270
S3250001AC00000040F6D431C2F20001FCF781FC05990846069039B9FFE744F6A000C2F20000E5
S3250001AC2004300690FFE7069944F22860C2F20000FBF7CEFE00210846049039B9FFE744F679
S3250001AC40A000C2F2000004300490FFE7049940F6D430C2F20000F4F7D7F96846002303933E
S3250001AC60036040F27150C0F2010045F22651C0F202014FF4C872F7F753F9039B68460360FB
S3250001AC8040F29550C0F2010045F20A61C0F202014FF4C8620292F7F743F9029A039B44F6ED
S3250001ACA0A000C2F2000045F2FD51C0F20201F7F779F902F0D3F845F2CC70C0F2020045F284
S3250001ACC01361C0F202015122E5F728FD80B582B0019040F20C60C2F200000078C00708B18E
S3250001ACE0FFE70AE046F27940C0F2020046F28641C0F202015122E5F711FD019800F026FE1A
S3250001AD000090009802B080BD80B584B00390029144F6E860C2F202000068009044F6345098
S3250001AD20C2F200000068043001F070FD88B9FFE744F63450C2F200000068C16A012000FA17
S3250001AD4001F244F69451C2F2020108689043086000E0FFE70398013080B9FFE7029868B114
S3250001AD60FFE744F63450C2F200000068011D44F6C060C2F2020001F0DDFD3DE000980399C2
S3250001AD8008440190019844F63451C2F20001096848600198009988420ED2FFE744F640501D
S3250001ADA0C2F20000006844F63451C2F200010968043101F089FD1EE044F63C50C2F2000067
S3250001ADC0006844F63451C2F200010968043101F07BFD019844F6F451C2F202010968884277
S3250001ADE007D2FFE7019844F6F451C2F20201086000E0FFE7FFE7FFE704B080BD80B582B06C
S3250001AE00019001F0BFFD44F68451C2F2020108680130086044F63450C2F20000006898B9F3
S3250001AE20FFE7019844F63451C2F20001086044F68450C2F202000068012803D1FFE700F0B1
S3250001AE4085FA00E0FFE71CE044F6B460C2F202000068A0B9FFE744F63450C2F20000006825
S3250001AE60C06A0199C96A884207D8FFE7019844F63451C2F20001086000E0FFE700E0FFE744
S3250001AE80FFE744F69051C2F202010868013008600198C16A012000FA01F244F69451C2F245
S3250001AEA002010868104308600199C86A00EB800244F64850C2F2000000EB8200043101F00B
S3250001AEC039FD01F077FD44F6B460C2F202000068C8B1FFE744F63450C2F200000068C06A01
S3250001AEE00199C96A88420CD2FFE74EF60451CEF200014FF080500860BFF34F8FBFF36F8FDF
S3250001AF0000E0FFE700E0FFE702B080BD80B582B001F038FD44F6EC60C2F202000068B0BB13
S3250001AF20FFE744F69850C2F20200009001F0ACFC44F6AC50C2F20200019001F0A5FC00997B
S3250001AF40019844F63852C2F20002116044F64451C2F2000108600A200C21002202F0ECF82B
S3250001AF60014644F6EC60C2F202000160006860B1FFE744F6EC60C2F20200006846F25C410E
S3250001AF80C0F2020101F08EFD00E0FFE700E0FFE701F010FD02B080BD80B582B0FFE744F679
S3250001AFA08850C2F20200006808B3FFE701F0EAFC44F6D460C2F20200C068C068019001987E
S3250001AFC0043001F023FC44F68451C2F2020108680138086044F68851C2F2020108680138DC
S3250001AFE0086001F0E7FC019800F08CF8D7E702B080BD000080B582B0019000910198006CC6
S3250001B000B8B1FFE70199C8680A6C1044C86001988168C068884204D3FFE701990868C860BB
S3250001B02000E0FFE70098019AD168126CE5F7F9FBFFE702B080BD000080B586B0059004911F
S3250001B0400392002002900598806B01900598006C78B9FFE70598006848B9FFE705988068F8
S3250001B06002F0E4FE029005990020886000E0FFE741E00398B8B9FFE7059A04995068126C72
S3250001B080E5F7CFFB059948680A6C10444860059948688968884204D3FFE7059908684860C7
S3250001B0A000E0FFE726E0059A0499D068126CE5F7B8FB0599C8680A6C801AC8600598016830
S3250001B0C0C068884206D2FFE7059988680A6C801AC86000E0FFE70398022809D1FFE701980F
S3250001B0E020B1FFE701980138019000E0FFE700E0FFE7FFE7FFE701980130059988630298EA
S3250001B10006B080BD80B582B001900198006B01F065FC019801F062FC02B080BD82B001904D
S3250001B1200198406A38B1FFE70198006B0068C0F10300009002E000200090FFE7009802B084
S3250001B1407047000082B0019044F63850C2F2000000680068B0FA80F040090199086001982A
S3250001B160006848B9FFE744F63850C2F200000068C0680068009002E000200090FFE700986B
S3250001B18002B0704782B044F68450C2F20000083020F007000090009944F6B860C2F20200CB
S3250001B1A001600022426044F6E850C2F202004FF6F871C0F2010141600260009A0192019A0E
S3250001B1C051600199086002B07047000080B582B00190FFE7FFF7E0FEFCE7000080B582B050
S3250001B1E00190019868B1FFE7019800238360019803600198C360019819461A4602F014F872
S3250001B20000E0FFE702B080BD80B584B0DDF818C00390029101928DF80330029818B9FFE79A
S3250001B2200698006003E0019806990860FFE703980699C8630298069908640698012101F0E5
S3250001B240A3FF04B080BD000080B588B0DDF834C0DDF830C0DDF82CC0DDF828C007900691AD
S3250001B260059204930C98006B05998900A522E5F74FFB0C98006B059900EB8100043803908E
S3250001B280039820F0070003900698F8B1FFE700200290FFE702980B2813D8FFE70698029AC5
S3250001B2A0805C0C99114481F8340006980299405C08B9FFE705E0FFE7FFE70298013002907A
S3250001B2C0E8E70C99002081F83F0004E00C99002081F83400FFE70A98032803D3FFE7022034
S3250001B2E00A9000E0FFE70A980C99C8620A980C9908640C990020019048640C98043001F0F8
S3250001B300DBFA0C98183001F0D7FA01980C9909610A99C1F103010C9A91610C9949620C9915
S3250001B32088640C9981F84C0003980799049A00F0CBFB0C9908600B9820B1FFE70C980B9972
S3250001B340086000E0FFE708B080BD000080B584B000200390FFE70398022810D8FFE7039893
S3250001B36000EB800144F64850C2F2000000EB810001F08AFAFFE7039801300390EBE744F6A2
S3250001B380C050C2F20200019001F07EFA44F6D450C2F20200029001F077FA44F60060C2F290
S3250001B3A0020001F071FA44F6D460C2F2020001F06BFA44F6C060C2F2020001F065FA0199B4
S3250001B3C0029844F63C52C2F20002116044F64051C2F20001086004B080BD000080B586B099
S3250001B3E00590049103920293002001900498059948600598006104980399884216D8FFE78B
S3250001B40003980299401A05998969884203D3FFE70120019009E044F64450C2F200000068FA
S3250001B4200599043101F050FAFFE717E003980299884208D2FFE704980299884203D3FFE79D
S3250001B4400120019009E044F63850C2F2000000680599043101F038FAFFE7FFE7019806B05B
S3250001B46080BD000080B582B0019001F08BFA0198806B18B9FFE70120009002E0002000909C
S3250001B480FFE701F097FA009802B080BD80B582B0019001F077FA0198806B0199C96B884240
S3250001B4A003D1FFE70120009002E000200090FFE701F080FA009802B080BD000008480068F8
S3250001B4C0006880F308884FF0000080F3148862B661B6BFF34F8FBFF36F8F00DF00BF00009F
S3250001B4E008ED00E080B586B00590049144F63850C2F200000068C068C0680290029804304D
S3250001B50001F084F9029890F824004007002815D5FFE70298059B81691944049AFFF75EFFBF
S3250001B52050B1FFE70298059A694600230B60194602F098FE039000E0FFE707E0029991F85C
S3250001B540240000F0FE0081F82400FFE70298016A884706B080BD000080B58AB0FFE744F6F9
S3250001B560EC60C2F20200006807A9002202F0C4F8002800F07D80FFE70798002800F1778030
S3250001B580FFE7099806900698406928B1FFE70698043001F03BF900E0FFE705A800F0DCF853
S3250001B5A003900798029009285FD80299DFE801F00505052F374905052F37069991F824008B
S3250001B5C040F0010081F824000698089B81691944039AFFF703FFC0B1FFE70698016A88474A
S3250001B5E0069890F82400400700280CD5FFE70698089982690A44694600230B60194602F0BE
S3250001B60031FE049000E0FFE700E0FFE72EE0069991F8240000F0FE0081F8240026E006994A
S3250001B62091F8240040F0010081F824000898069988610698039B816919441A46FFF7CEFEBB
S3250001B64014E0069890F824008007002804D4FFE7069801F0C3F907E0069991F8240000F0CA
S3250001B660FE0081F82400FFE700E0FFE7FFE776E70AB080BD80B584B00390029101F038FC8E
S3250001B680684600F069F801900098D8BBFFE7029860B9FFE703980199884207D8FFE702F0B3
S3250001B6A00FFD03980199FFF71DFF2AE0029858B1FFE744F64450C2F2000000680068B0FAA1
S3250001B6C080F040090290FFE744F6EC60C2F2020000680399019A891A029A01F045FA02F0F6
S3250001B6E0EFFC60B9FFE74EF60451CEF200014FF080500860BFF34F8FBFF36F8F00E0FFE782
S3250001B700FFE702E002F0DCFCFFE704B080BD000081B044F63C50C2F200000068006840B945
S3250001B720FFE744F6F451C2F202014FF0FF3008600FE044F63C50C2F200000068C068C068EF
S3250001B74000900098406844F6F451C2F202010860FFE701B07047000080B582B0019002F03C
S3250001B76085FA0090009844F62C51C2F200010968884206D2FFE700F011F80199012008609A
S3250001B78003E0019900200860FFE7009844F62C51C2F200010860009802B080BD80B586B059
S3250001B7A0FFE744F63850C2F2000000680068002840D0FFE744F63850C2F200000168C96828
S3250001B7C0096805910068C068C06802900298043001F01CF80298016A8847029890F8240024
S3250001B7E04007002824D5FFE7059802998969084404900498059988420FD9FFE704980299E1
S3250001B80048600298006144F63850C2F2000000680299043101F058F809E00298059A6946BE
S3250001B82000230B60194602F01DFD0190FFE700E0FFE7B6E744F63852C2F2000210680390A9
S3250001B84044F64451C2F20001086810600398086006B080BD82B0002000904FF0A00080F353
S3250001B8601188BFF36F8FBFF34F8F0190FFE7009808B9FFE7FBE702B07047000080B584B07E
S3250001B8800390FFE701A8FFF75DFC029002980199FFF7F0FEFFF760FEF4E7000080B582B0F0
S3250001B8A0019001F06FF8019890F845008DF80300FFE79DF90300012816DBFFE70198406AE8
S3250001B8C058B1FFE70198243002F0A6FB18B1FFE701F010FA00E0FFE700E005E09DF8030025
S3250001B8E001388DF80300E4E70199FF2081F8450001F060F801F046F8019890F844008DF8DC
S3250001B9000200FFE79DF90200012816DBFFE70198006980B1FFE70198103002F07DFB18B17B
S3250001B920FFE701F0E7F900E0FFE79DF8020001388DF8020000E000E0E4E70199FF2081F86F
S3250001B940440001F037F802B080BD000080B588B007900020039001F0CBFA44F63050C2F2B2
S3250001B9600000006848B9FFE7FFF70CFC44F63051C2F2000101200860FFE7079878B1FFE7E6
S3250001B9800798083007909DF81C00400730B1FFE7079820F0070008300790FFE7FFE7079883
S3250001B9A0002875D0FFE707984FF6F771C0F2010188426DD8FFE744F6B860C2F2020005909B
S3250001B9C000680690FFE706984168079A00209142009007D2FFE706980068002818BF01202C
S3250001B9E00090FFE70098C00730B1FFE706980590069800680690E6E7069844F6E851C2F243
S3250001BA000201884243D0FFE705980068083003900698006805990860069840680799401A3D
S3250001BA2011282AD3FFE70698079908440490069840680799401A049948600798069948605A
S3250001BA4004984068019044F6B860C2F202000290FFE70298006840680199884205D2FFE7BF
S3250001BA60FFE7029800680290F3E70298006804990860049802990860FFE70698426840F265
S3250001BA808061C2F200010868801A0860FFE7FFE702F016FB039808B080BD000044F634507A
S3250001BAA0C2F20000006848B1FFE744F63450C2F200000168486C01304864FFE744F6345074
S3250001BAC0C2F200000068704783B002900191009202980438029002994FF08070086002986F
S3250001BAE004380290019820F001000299086002980438029002994FF65500C0F2010008600C
S3250001BB0002981438029000980299086002980438029002996FF002000860029820380290BB
S3250001BB20029803B07047000080B582B08DF8070044F6BC30C2F2000000F580700DF1070142
S3250001BB400122F5F715FE002002B080BD80B582B044F6BC30C2F20000F4300DF103014FF007
S3250001BB60FF32F5F757FE9DF803000190019802B080BD000080B582B08DF8070044F6BC3082
S3250001BB80C2F2000000F580700DF107010122F5F7EFFD002002B080BD80B582B0019000916C
S3250001BBA0FFE7BDF80400202809D3FFE746F21130C0F202004FF4D971FEF75EFCFFE7FFE700
S3250001BBC0FFE70098000948B1FFE746F21130C0F202004FF4DA71FEF74FFCFFE7FFE7019898
S3250001BBE000F01F0001909DF80000C00748B1FFE70199012088404FF21C01C4F20F01086054
S3250001BC00FFE79DF800008007002809D5FFE70199012088404FF23401C4F20F010860FFE722
S3250001BC209DF800004007002809D5FFE70199012088404FF23C01C4F20F010860FFE79DF88B
S3250001BC4000000007002809D5FFE70199012088404FF22401C4F20F010860FFE702B080BDFE
S3250001BC6080B584B003900291FFE7BDF80C00402809D3FFE746F21130C0F2020040F262217B
S3250001BC80FEF7FAFBFFE7FFE7FFE74FF20800C4F20F00006848B9FFE746F21130C0F2020077
S3250001BCA040F26321FEF7E8FBFFE7FFE7039800F03F0003904FF20800C4F20F0000680190BF
S3250001BCC00198039900EB0110806843F6F771C0F2FC010840029908430199039A01EB021190
S3250001BCE0886004B080BD000080B582B00190FFE7BDF80400202808D3FFE746F21130C0F299
S3250001BD000200B821FEF7B8FBFFE7FFE7019800F01F01012088404FF22C01C4F20F0108609F
S3250001BD2002B080BD80B582B00190FFE7BDF80400202808D3FFE746F21130C0F202009D2182
S3250001BD40FEF79AFBFFE7FFE7019800F01F01012088404FF22801C4F20F01086002B080BD6D
S3250001BD6080B584B00390FFE7BDF80C00402809D3FFE746F21130C0F2020040F20241FEF758
S3250001BD807BFBFFE7FFE7FFE74FF20800C4F20F00006848B9FFE746F21130C0F2020040F2B8
S3250001BDA00341FEF769FBFFE7FFE7039800F03F0003904FF20800C4F20F0000680290029814
S3250001BDC0039900EB0110806800F007000190019820F00100042806D0FFE7019820F0010018
S3250001BDE0062805D1FFE7019820F001000190FFE7019804B080BD000080B588B0DDF828C07D
S3250001BE000790069105920493FFE7BDF81C00402809D3FFE746F21130C0F2020040F2D2218C
S3250001BE20FEF72AFBFFE7FFE7FFE74FF20800C4F20F00006848B9FFE746F21130C0F20200A5
S3250001BE4040F2D321FEF718FBFFE7FFE7FFE70698072809D3FFE746F21130C0F202004FF4FC
S3250001BE603571FEF709FBFFE7FFE7FFE705990020B0EB517F09D1FFE746F21130C0F2020054
S3250001BE8040F2D521FEF7F8FAFFE7FFE7FFE704990020B0EB517F09D1FFE746F21130C0F2C7
S3250001BEA0020040F2D621FEF7E7FAFFE7FFE7FFE70A9828B1FFE70A98B0F5806F09D9FFE769
S3250001BEC046F21130C0F2020040F2D721FEF7D4FAFFE7FFE7079800F03F0007904FF20800C7
S3250001BEE0C4F20F00006803900398079900EB0110806843F6F771884302909DF81C00800627
S3250001BF0000280ED5FFE70698042804D0FFE70698062805D1FFE7069840F001000690FFE7D2
S3250001BF20FFE706980A9A6FF00F0101EB02110143029808430290029800F040600190019855
S3250001BF40B0F1406F0DD0FFE70198800E01900A98019988400090059800990844013805902B
S3250001BF60FFE705980399079A12018850029800F0404001900198B0F1404F1FD0FFE7069838
S3250001BF80042804D0FFE70698062809D1FFE70398079941F0200100EB01100C3004900CE0E3
S3250001BFA00198800F01900A9801998840009004980099084401380490FFE7FFE704980399DB
S3250001BFC0079A01EB0211486002980399079A01EB0211886008B080BD80B584B003900291D0
S3250001BFE00192FFE70298062809D3FFE746F2C120C0F202004FF49961FEF73EFAFFE7FFE734
S3250001C0000198022804D1FFE74FF48040009042E00198042804D1FFE74FF40040009039E03A
S3250001C0200198082804D1FFE74FF44040009030E00198102804D1FFE74FF48030009027E0FC
S3250001C0400198202804D1FFE74FF4A03000901EE00198402804D1FFE74FF4C030009015E028
S3250001C0600198802804D1FFE74FF4E03000900CE00198B0F5807F04D1FFE74FF400300090F3
S3250001C08002E000200090FFE7FFE7FFE7FFE7FFE7FFE7FFE7FFE70398029900EB8101C879F3
S3250001C0A000064860009A0398029900EB810148681043486002980138039901EB8001896816
S3250001C0C0FFF7CEFD04B080BD80B586B004908DF80F10029201939DF804000006002803D53D
S3250001C0E0FFE70020009002E001200090FFE7FFE70098052800F2AB80FFE7049800990844FB
S3250001C10090F88800002840F09D80FFE79DF80F000499009A114481F8880002980499009AAB
S3250001C12001EB820188629DF804000006002842D5FFE70498009900EB810148F20000C0F649
S3250001C140014088609DF80400400600280ED4FFE7019800F00300012808D1FFE70498009937
S3250001C16000EB81010A20C1F8900007E00498009900EB81010C20C1F89000FFE79DF804005B
S3250001C180400600280ED4FFE7019800F00300012808D0FFE70498009900EB81011420C1F860
S3250001C1A0B00007E00498009900EB81011620C1F8B000FFE719E00498009900EB810148F2E5
S3250001C1C00000CCF2010088600498009900EB810142F20800C1F890000498009900EB8101E8
S3250001C1E042F21100C1F8B000FFE7049800689DF80F10009AEDF71EFF00980F21FFF7CCFCCB
S3250001C2000098049901EB80018968FFF729FD9DF804000006002808D5FFE7049800689DF845
S3250001C2200F100022EDF7CEFF08E0049800689DF80F104FF40052EDF7C5FFFFE70098013079
S3250001C240059007E0FFE700980230009050E700200590FFE7059806B080BD000080B582B052
S3250001C260019000910198009900EB8100406800F04060B0F1406F0AD1FFE7019A1068009902
S3250001C280114491F887100022EDF79CFF0AE0019A10680099114491F887104FF40052EDF7FD
S3250001C2A091FFFFE700980138FFF71EFD0098411E012000FA01F3019AD2F8D0109943C2F83E
S3250001C2C0D0100099013900FA01F20199D1F8D4009043C1F8D40002B080BD000080B584B0C8
S3250001C2E00390029103984068E9F7FCFA0190019828B1FFE703984068E9F734FAFFE702983E
S3250001C300411E012000FA01F3039AD2F8D0101943C2F8D0100299013900FA01F20399D1F844
S3250001C320D4009043C1F8D4000398029900EB8100406800F04060B0F1406F0AD1FFE7039A3A
S3250001C34010680299114491F887100022EDF75AFF0AE0039A10680299114491F887104FF49D
S3250001C3600052EDF74FFFFFE702980138FFF7DAFC019828B1FFE703984068E9F753FAFFE7FF
S3250001C38004B080BD82B00190009102B07047000082B00190009102B07047000080B582B0C4
S3250001C3A001908DF80310FFE79DF80300062809DBFFE746F2C120C0F202004FF48561FEF7EC
S3250001C3C05BF8FFE7FFE79DF8030001380F21FFF7E3FB01989DF80310084490F888000006BF
S3250001C3E000280DD5FFE7019908689DF80320114491F8881001F07F010022EDF7E3FE0DE0C9
S3250001C400019908689DF80320114491F8881001F07F014FF40052EDF7D5FEFFE701999DF80B
S3250001C42003000144002081F8870001999DF8032001EB820148609DF803104A1E012101FAF7
S3250001C44002FC019BD3F8D02022EA0C02C3F8D0209DF80320013A01FA02F3019AD2F8D4108F
S3250001C4609943C2F8D41001999DF8032001EB8201486202B080BD000083B00290019100206A
S3250001C48000900298D0F8D40001990139C840C00718B1FFE7012000900FE00298D0F8D000AB
S3250001C4A001990139C840C00718B1FFE70420009002E000200090FFE7FFE7009803B070470F
S3250001C4C080B584B003900020029002900399D1F8D01001910090FFE7009807281EDCFFE721
S3250001C4E09DF80400C00768B1FFE70098FFF738FC40B9FFE70099012000FA01F102980843AA
S3250001C5000290FFE7019840080190019808B9FFE704E0FFE7009801300090DDE7029804B0B5
S3250001C52080BD000080B58AB008900791069205930598402805D3FFE79DF81800800718B128
S3250001C540FFE700200990ACE00798411E012000FA01F3089AD2F8D0101943C2F8D0100799BA
S3250001C560013900FA01F20899D1F8D4009043C1F8D40006980899079A01EB82014864059857
S3250001C5800899079A01EB82014866089A10680799114491F88710EEF78DF804900798013830
S3250001C5A00390059801900898079900EB8100406800F00850B0F1085F04D1FFE70198800833
S3250001C5C001900FE00898079900EB8100406800F00850B0F1085F04D1FFE701984008019003
S3250001C5E0FFE7FFE70898079900EB8100406800F04060B0F1406F0BD1FFE70398049A069B98
S3250001C6000199EC46CCF800100121FFF7F5FB0AE00398069A049B0199EC46CCF800100121E5
S3250001C620FFF7EAFBFFE705980899079A01EB8201496A884220D9FFE705980899079A01EBBD
S3250001C6408201496AB0FBF1F00290089A10680799114491F88710029AEDF7CAFF089A1068ED
S3250001C66007994B1ED11891F8881002EB8302D2F8B020EDF747FD0DE0089A106807994B1E5C
S3250001C680D11891F8881002EB8302D2F89020EDF739FDFFE708980799FFF720FE0598099013
S3250001C6A0FFE709980AB080BD80B584B0039002910192FFE70198082811D0FFE7019810288C
S3250001C6C00DD0FFE70198202809D0FFE746F2C120C0F2020040F26A41FDF7CEFEFFE7FFE7BA
S3250001C6E0FFE70298062809D3FFE746F2C120C0F2020040F26C41FDF7BFFEFFE7FFE7019801
S3250001C700082818D1FFE7002000900398029900EB8100406800F04060B0F1406F05D1FFE77D
S3250001C720009840F04060009004E0009840F040400090FFE736E00198102819D1FFE74FF062
S3250001C740885000900398029900EB8100406800F04060B0F1406F05D1FFE7009840F09840E4
S3250001C760009004E0009840F044400090FFE718E04FF0085000900398029900EB8100406813
S3250001C78000F04060B0F1406F05D1FFE7009840F00C40009004E0009840F048400090FFE7A8
S3250001C7A0FFE7FFE70398029900EB8101486820F07F404860009A0398029900EB81014868EF
S3250001C7C01043486002980138039901EB80018968FFF746FA04B080BD017809B10020704759
S3250001C7E04178012903D08A0705D402224270481E18BF0120704780B546F69B10C0F2020057
S3250001C800FDF75BFE012101704170704782B0019001980069009001984168806888600199C8
S3250001C820486889684860009840680199884205D1FFE7019880680099486000E0FFE7019926
S3250001C8400020086100990868013808600098006802B0704780B584B003900398019000F01D
S3250001C86091F80199C86B896B401A029000F0A2F8029804B080BD000082B001900091FFE72C
S3250001C880FEE700007047000081B00090009901F10800486000994FF0FF308860009901F17F
S3250001C8A00800C860009901F10800086100990020086001B07047000081B000900099002042
S3250001C8C0086101B07047000084B0039002910298006800900098013020B9FFE70398006908
S3250001C8E0019010E0039808300190FFE70198406800680099884205D8FFE7FFE70198406870
S3250001C9000190F3E7FFE7019840680299486002984168886001980299886002980199486018
S3250001C920039802990861039908680130086004B07047000083B00290019102984068009018
S3250001C9400098019948600098806801998860019800998968486001980099886002980199DB
S3250001C9600861029908680130086003B070470000DFF80C00016841F470010160704700002F
S3250001C98088ED00E081B04FF0A00080F31188BFF36F8FBFF34F8F009040F27C60C2F200008D
S3250001C9A00168013101600068012801D1FFE7FFE701B0704781B040F27C60C2F20000016881
S3250001C9C001390160006830B9FFE700200090009880F31188FFE701B07047000080B586B071
S3250001C9E0059005980490059878B3FFE70498083804900498039000F07BFA039840680190E4
S3250001CA0044F6B860C2F202000290FFE70298006840680199884205D2FFE7FFE702980068DC
S3250001CA200290F3E702980068039908600398029908600398426840F28061C2F20001086862
S3250001CA401044086001F03CFBFFE706B080BD0000074B19680868B0E8F04F80F30988BFF342
S3250001CA606F8F4FF0000080F31188704700BF00BF344D00204EF21001CEF2000100200860F6
S3250001CA804EF21802CEF2000210604EF21402CEF200024DF2BF40C0F20100106007200860FB
S3250001CAA07047000083B00290019100200090FFE7009813281DD8FFE7009944F61460C2F222
S3250001CAC0020050F8310070B9FFE70198009A44F61461C2F2020141F832000298009A01EBA1
S3250001CAE0C201486005E0FFE7FFE7009801300090DEE703B07047000080B582B001900198FA
S3250001CB000090009800F006F80098FFF767FF02B080BD000082B0019000200090FFE7009824
S3250001CB2013281FD8FFE7009944F61460C2F2020000EBC1004068019988420DD1FFE7009AC3
S3250001CB4044F61461C2F20201002041F83200009A01EBC201486005E0FFE7FFE70098013072
S3250001CB600090DCE702B0704780B584B003900291019203980090FFF705FF009890F9440046
S3250001CB80013028B9FFE70099002081F84400FFE7009890F94500013028B9FFE70099002023
S3250001CBA081F84500FFE7FFF705FF0098806B38B9FFE7009824300299019A00F0B7F800E0D5
S3250001CBC0FFE70098FEF76AFE04B080BD80B582B0019000200090019850B1FFE700F088F9E9
S3250001CBE001980021FEF790F801F06AFA009000E0FFE7009860B9FFE74EF60451CEF200015B
S3250001CC004FF080500860BFF34F8FBFF36F8F00E0FFE702B080BD000080B586B0059004910C
S3250001CC200020019000F064F944F6E860C2F2020000680090059800680499084403900098A6
S3250001CC4005990968884210D2FFE7039805990968884208D2FFE703980099884203D9FFE738
S3250001CC600120019000E0FFE70FE0039805990968884205D3FFE703980099884203D9FFE754
S3250001CC800120019000E0FFE7FFE7039805990860019838B1FFE703980099401A0021FEF782
S3250001CCA033F800E0FFE701F00BFA0290029860B9FFE74EF60451CEF200014FF0805008608A
S3250001CCC0BFF34F8FBFF36F8F00E0FFE706B080BD81B0009044F6F850C2F20200006800995A
S3250001CCE0086044F6E860C2F2020000680099486001B0704744F6F461C2F2020101200860AD
S3250001CD007047000080B582B001900091019844F63451C2F2000109681831FFF7D5FD0098A5
S3250001CD200121FDF7F1FF02B080BD000080B584B0039002910192039844F63451C2F20001C6
S3250001CD4009681831FFF7F6FD019820B1FFE74FF0FF300290FFE702980199FDF7D5FF04B043
S3250001CD6080BD000080B586B0059004910598039001200090059800286DD0FFE70398006C0A
S3250001CD800499884203D2FFE70498019003E00398006C0190FFE70398C06A0199884258D08B
S3250001CDA0FFE70398406C012851D1FFE70398C06A029001980399C8620398C07E0006002851
S3250001CDC006D4FFE70198C0F103000399886100E0FFE703984069029901EB810244F64851D3
S3250001CDE0C2F2000101EB820188422ED1FFE703980430FFF70BFD68B9FFE70398C16A01209E
S3250001CE0000FA01F244F69451C2F2020108689043086000E0FFE70398C16A012000FA01F203
S3250001CE2044F69451C2F202010868104308600399C86A00EB800244F64850C2F2000000EB3E
S3250001CE4082000431FFF776FD00E0FFE700E0FFE700E0FFE700E0FFE706B080BD80B584B037
S3250001CE6044F6F051C2F2020168464160002303604FF2CD10C0F2010046F25741C0F202014E
S3250001CE804FF4C87200F080FE02900298012804D1FFE701F0BFF9029000E0FFE702980128CC
S3250001CEA023D1FFE74FF0A00080F31188BFF36F8FBFF34F8F039044F6F451C2F202014FF05E
S3250001CEC0FF30086044F6B461C2F202010120086044F6E861C2F202010020086000F0BAF8C1
S3250001CEE008B1FFE700E0FFE700E0FFE704B080BD44F68C51C2F20201086801300860704781
S3250001CF0080B586B044F68C50C2F20200006838B1FFE744F6F461C2F202010120086063E08A
S3250001CF2044F6F461C2F202010020086044F63450C2F200000068006B03904FF0A53002909E
S3250001CF4003980068B0F1A53F12D1FFE703984068B0F1A53F0CD1FFE703988068B0F1A53FE6
S3250001CF6006D1FFE70398C068B0F1A53F0AD0FFE744F63451C2F20001086809683431FFF735
S3250001CF807BFCFFE744F69450C2F20200006805900598B0FA80F08DF813009DF81300C0F1B4
S3250001CFA01F000190019800EB800144F64850C2F2000000EB8100009000994868406848609A
S3250001CFC0009948680831884205D1FFE70099486840684860FFE700984068C06844F634519C
S3250001CFE0C2F200010860FFE706B080BD00000000EFF30980BFF36F8F154B1A681EF0100F0A
S3250001D00008BF20ED108A20E9F04F10602DE909004FF0A00080F31188BFF34F8FBFF36F8F99
S3250001D020FFF76EFF4FF0000080F31188BDE8090019680868B0E8F04F1EF0100F08BFB0EC35
S3250001D040108A80F30988BFF36F8F704700BF00BF344D002080B582B04EF62051CEF20001C8
S3250001D060086840F460000860086840F060400860FFF700FD40F27C61C2F20001002001902D
S3250001D0800860FFF775FC4EF63471CEF20001086840F040400860FEF711FAFFF731FFFEF76D
S3250001D0A0D9FB019802B080BD80B582B04FF0A00080F31188BFF36F8FBFF34F8F009000F0FB
S3250001D0C0DFFD40B1FFE74EF60451CEF200014FF080500860FFE700200190019880F3118889
S3250001D0E002B080BD80B584B00390029103980021022200F021F80190019820B1FFE7029847
S3250001D1000199886300E0FFE7019804B080BD000080B584B08DF80F000120019000210091D2
S3250001D1209DF80F2000F008F802900298FEF756F8029804B080BD000080B588B0079006919F
S3250001D1408DF81720079806994843039003984830FEF7FCFB0490049890B1FFE7049802902C
S3250001D16002984830029007980699029A9DF81730DDF810C0EE46CEF800C0FEF745F800E0DD
S3250001D180FFE7049808B080BD80B584B00390029103980190FFF7F6FB01990B68C86B0A6CB9
S3250001D1A000FB0230886001990020886301990868486001990B68C86B0A6C013800FB0230E0
S3250001D1C0C8600199FF2081F84400019981F845000298D0B9FFE701980069A0B1FFE7019877
S3250001D1E0103000F019FF60B1FFE74EF60451CEF200014FF080500860BFF34F8FBFF36F8FD8
S3250001D20000E0FFE700E0FFE708E001981030FFF73BFB01982430FFF737FBFFE7FFF7CAFBD8
S3250001D220012004B080BD000080B58AB008900791069205930020049008980090FFE7FFF746
S3250001D240A1FB0098806B0099C96B884204D3FFE70598022834D1FFE700980799059AFDF7D7
S3250001D260EBFE03900098406AA0B1FFE70098243000F0D2FE60B1FFE74EF60451CEF20001B5
S3250001D2804FF080500860BFF34F8FBFF36F8F00E0FFE710E0039860B1FFE74EF60451CEF22F
S3250001D2A000014FF080500860BFF34F8FBFF36F8F00E0FFE7FFE7FFF77DFB0120099065E096
S3250001D2C0069828B9FFE7FFF775FB002009905DE0049830B9FFE701A8FFF7FAFC01200490D1
S3250001D2E000E0FFE7FFE7FFE7FFF764FBFFF700FEFFF748FB009890F94400013028B9FFE7B6
S3250001D3000099002081F84400FFE7009890F94500013028B9FFE70099002081F84500FFE7EF
S3250001D320FFF748FB01A806A900F0E4FB28BBFFE70098FEF7ABF8C8B1FFE7009810300699B7
S3250001D340FFF7E0FC0098FEF7A9FA00F0B9FE60B9FFE74EF60451CEF200014FF0805008604D
S3250001D360BFF34F8FBFF36F8FFFE705E00098FEF795FA00F0A5FEFFE707E00098FEF78EFA0A
S3250001D38000F09EFE0020099000E058E709980AB080BD000080B58CB00890079106920593B9
S3250001D3A008980290EFF311814FF0A00080F31188BFF36F8FBFF34F8F0A9109900A9803902C
S3250001D3C00298806B0299C96B884204D3FFE70598022833D1FFE7029890F845008DF80700C7
S3250001D3E00298806B009002980799059AFDF724FE9DF907000130B8B9FFE70298406A88B180
S3250001D400FFE70298243000F007FE48B1FFE7069820B1FFE706990120086000E0FFE700E03A
S3250001D420FFE700E0FFE706E09DF807000130029981F84500FFE70120049002E000200490FC
S3250001D440FFE703980B900B9880F3118804980CB080BD000080B58AB006900591069802909A
S3250001D460EFF311814FF0A00080F31188BFF36F8FBFF34F8F08910790089803900298806B1E
S3250001D480019001980299C96B88422FD2FFE7029890F845008DF8030001980130029988639C
S3250001D4A09DF903000130B8B9FFE70298406A88B1FFE70298243000F0AFFD48B1FFE70598DB
S3250001D4C020B1FFE705990120086000E0FFE700E0FFE700E0FFE706E09DF8030001300299CB
S3250001D4E081F84500FFE70120049002E000200490FFE703980990099880F3118804980AB019
S3250001D50080BD000080B584B003900398019001988068009000F084FB01460098884213D192
S3250001D520FFE70199C8680138C8600198C06838B9FFE70198002319461A46FFF775FE00E077
S3250001D540FFE70120029002E000200290FFE7029804B080BD83B00290029800900098806BB4
S3250001D56018B9FFE70120019002E000200190FFE7019803B07047000083B0029002980090D0
S3250001D5800098806B0099C96B884203D1FFE70120019002E000200190FFE7019803B0704782
S3250001D5A080B58AB00890079106920020059008980190FFE7FFF7E6F90198806B00900098E0
S3250001D5C040B3FFE70198C068029001980799FDF711FD02980199C8600198406AA0B1FFE707
S3250001D5E00198243000F018FD60B1FFE74EF60451CEF200014FF080500860BFF34F8FBFF328
S3250001D6006F8F00E0FFE700E0FFE7FFF7D3F9012009906DE0069828B9FFE7FFF7CBF9002071
S3250001D620099065E0059830B9FFE703A8FFF750FB0120059000E0FFE7FFE7FFE7FFF7BAF9BC
S3250001D640FFF756FCFFF79EF9019890F94400013028B9FFE70199002081F84400FFE701989A
S3250001D66090F94500013028B9FFE70199002081F84500FFE7FFF79EF903A806A900F03AFA74
S3250001D68030BBFFE70198FDF7EDFED0B1FFE7019824300699FFF736FB0198FEF7FFF800F0AB
S3250001D6A00FFD60B9FFE74EF60451CEF200014FF080500860BFF34F8FBFF36F8F00E0FFE781
S3250001D6C005E00198FEF7EAF800F0FAFCFFE70EE00198FEF7E3F800F0F3FC0198FDF7C2FE9F
S3250001D6E018B1FFE70020099002E0FFE7FFE761E709980AB080BD000080B58AB0089007918E
S3250001D70006920020059008980290FFE7FFF73AF90298806B0190019830B3FFE702980799C2
S3250001D720FDF768FC019801380299886302980069A0B1FFE70298103000F06EFC60B1FFE7CD
S3250001D7404EF60451CEF200014FF080500860BFF34F8FBFF36F8F00E0FFE700E0FFE7FFF72F
S3250001D76029F9012009906DE0069828B9FFE7FFF721F90020099065E0059830B9FFE703A8EF
S3250001D780FFF7A6FA0120059000E0FFE7FFE7FFE7FFF710F9FFF7ACFBFFF7F4F8029890F903
S3250001D7A04400013028B9FFE70299002081F84400FFE7029890F94500013028B9FFE70299CD
S3250001D7C0002081F84500FFE7FFF7F4F803A806A900F090F930BBFFE70298FDF743FED0B1A8
S3250001D7E0FFE7029824300699FFF78CFA0298FEF755F800F065FC60B9FFE74EF60451CEF2AE
S3250001D80000014FF080500860BFF34F8FBFF36F8F00E0FFE705E00298FEF740F800F050FC9B
S3250001D820FFE70EE00298FEF739F800F049FC0298FDF718FE18B1FFE70020099002E0FFE744
S3250001D840FFE763E709980AB080BD000080B58CB008900791069208980390EFF311814FF0DA
S3250001D860A00080F31188BFF36F8FBFF34F8F0A9109900A9804900398806B0290029898B34E
S3250001D880FFE7039890F844008DF8070003980799FDF7B0FB02980138039988639DF90700D7
S3250001D8A00130B8B9FFE70398006988B1FFE70398103000F0B1FB48B1FFE7069820B1FFE70B
S3250001D8C006990120086000E0FFE700E0FFE700E0FFE706E09DF807000130039981F84400BB
S3250001D8E0FFE70120059002E000200590FFE704980B900B9880F3118805980CB080BD00008C
S3250001D90080B58AB00890079100200690089903910290FFE7FFF736F80398806B019001982A
S3250001D92060B3FFE701980138039988630398006828B9FFE7FEF7B2F80399886000E0FFE7DB
S3250001D94003980069A0B1FFE70398103000F064FB60B1FFE74EF60451CEF200014FF08050FB
S3250001D9600860BFF34F8FBFF36F8F00E0FFE700E0FFE7FFF71FF8012009908DE0079828B9B8
S3250001D980FFE7FFF717F80020099085E0069830B9FFE704A8FFF79CF90120069000E0FFE756
S3250001D9A0FFE7FFE7FFF706F8FFF7A2FAFEF7EAFF039890F94400013028B9FFE70399002014
S3250001D9C081F84400FFE7039890F94500013028B9FFE70399002081F84500FFE7FEF7EAFFFE
S3250001D9E004A807A900F086F8A8BBFFE70398FDF739FD48B3FFE70398006850B9FFE7FEF780
S3250001DA00C1FF0398806800F079FA0290FEF7D2FF00E0FFE7039824300799FFF773F90398AF
S3250001DA20FDF73CFF00F04CFB60B9FFE74EF60451CEF200014FF080500860BFF34F8FBFF367
S3250001DA406F8F00E0FFE705E00398FDF727FF00F037FBFFE71FE00398FDF720FF00F030FB91
S3250001DA600398FDF7FFFCA0B1FFE7029870B1FFE7FEF788FF0398FDF751FB009003988068D3
S3250001DA800099FFF76FF9FEF795FFFFE70020099002E0FFE7FFE73DE709980AB080BD0000F6
S3250001DAA080B586B0059004910598029002988068019000F0B5F801460198884207D1FFE783
S3250001DAC00299C8680130C860012003900EE002980499FFF715FF0390039828B1FFE70299B0
S3250001DAE0C8680130C86000E0FFE7FFE7039806B080BD000080B586B005900491FEF742FF91
S3250001DB0044F6E860C2F2020000680290029805994968401A019004980068013018B9FFE70C
S3250001DB20002003902BE044F6F850C2F20200006805990968884209D0FFE7029805994968FF
S3250001DB40884203D3FFE70120039017E001980499096888420BD2FFE7019A04990868801A17
S3250001DB6008600598FFF7B4F80020039005E004990020086001200390FFE7FFE7FFE7FEF7DF
S3250001DB8019FF039806B080BD70B58CB0DDF844C0DDF840C00B900A91ADF826200893BDF858
S3250001DBA026008000FDF7D2FE0590059880B1FFE75020FDF7CBFE0790079820B1FFE70598F4
S3250001DBC00799086303E00598FEF708FFFFE702E000200790FFE70798D8B1FFE70B980A99FE
S3250001DBE0BDF82620089BDDF840C0119C079DEE460026CEF80C60CEF80850CEF80440CEF8E0
S3250001DC0000C0FDF721FB0798FDF7F8F80120069003E04FF0FF300690FFE706980CB070BD9F
S3250001DC2081B044F63450C2F2000000680090009801B0704781B044F6B460C2F202000068A5
S3250001DC4018B9FFE7012000900DE044F68C50C2F20200006818B9FFE70220009002E00020C9
S3250001DC600090FFE7FFE7009801B0704781B044F6E860C2F2020000680090009801B07047E0
S3250001DC8080B586B00020039044F68C50C2F202000068002840F0BD80FFE744F6E861C2F279
S3250001DCA00201086801300290029808600298C0B9FFE744F63C52C2F200021068019044F66B
S3250001DCC04051C2F20001086810600198086044F6F851C2F20201086801300860FDF718FDCA
S3250001DCE000E0FFE7029844F6F451C2F202010968884262D3FFE7FFE744F63C50C2F20000D1
S3250001DD000068006840B9FFE744F6F451C2F202014FF0FF3008604FE044F63C50C2F2000098
S3250001DD200068C068C068059005984068049002980499884207D2FFE7049844F6F451C2F227
S3250001DD400201086038E0FFE705980430FEF75EFD0598806A28B1FFE705981830FEF756FDBF
S3250001DD6000E0FFE70598C16A012000FA01F244F69451C2F202010868104308600599C86A2F
S3250001DD8000EB800244F64850C2F2000000EB82000431FEF7CFFD0598C06A44F63451C2F2EC
S3250001DDA000010968C96A884203D3FFE70120039000E0FFE7FFE79FE7FFE744F63450C2F2F3
S3250001DDC000000068C06A00EB800144F64850C2F2000050F82100022803D3FFE701200390B5
S3250001DDE000E0FFE744F6FC50C2F20200006818B9FFE7FEF747FD00E0FFE744F6F460C2F2BA
S3250001DE000200006818B1FFE70120039000E0FFE709E044F6FC51C2F2020108680130086038
S3250001DE20FEF730FDFFE7039806B080BD80B584B0039003980290002001900398002859D07F
S3250001DE40FFE70299486C013848640299C86A096C88424DD0FFE70298406C002846D1FFE727
S3250001DE6002980430FEF7D2FCD0B9FFE70298C06A00EB800144F64850C2F2000050F821007C
S3250001DE8068B9FFE70298C16A012000FA01F244F69451C2F20201086890430860FFE700E05A
S3250001DEA0FFE70299086CC8620299C86AC0F1030088610298C16A0120009000FA01F244F635
S3250001DEC09451C2F202010868104308600299C86A00EB800244F64850C2F2000000EB820047
S3250001DEE00431FEF727FD0098019000E0FFE700E0FFE700E0FFE7019804B080BD80B584B05F
S3250001DF0003900398029000200190039800287ED0FFE70298C06A44F63451C2F200010968E9
S3250001DF20C96A884262D2FFE70298C07E000600280BD4FFE744F63450C2F200000068C06AF4
S3250001DF40C0F103000299886100E0FFE702994869C96A01EB810244F64851C2F2000101EB5A
S3250001DF608201884236D1FFE702980430FEF74EFC68B9FFE70298C16A012000FA01F244F63F
S3250001DF809451C2F2020108689043086000E0FFE744F63450C2F200000068C06A0299C862A4
S3250001DFA00298C16A012000FA01F244F69451C2F202010868104308600299C86A00EB80024C
S3250001DFC044F64850C2F2000000EB82000431FEF7B1FC08E044F63450C2F200000068C06A84
S3250001DFE00299C862FFE7012001900FE00298006C44F63451C2F200010968C96A884203D211
S3250001E000FFE70120019000E0FFE7FFE700E0FFE7019804B080BD000080B584B003900398CE
S3250001E020C068C068029002981830FEF7EFFB44F68C50C2F202000068F0B9FFE702980430A5
S3250001E040FEF7E4FB0298C16A012000FA01F244F69451C2F202010868104308600299C86A44
S3250001E06000EB800244F64850C2F2000000EB82000431FEF75FFC09E0029800F1180144F6ED
S3250001E0800060C2F20200FEF755FCFFE70298C06A44F63451C2F200010968C96A884208D9B0
S3250001E0A0FFE70120019044F6F461C2F20201086002E000200190FFE7019804B080BD000010
S3250001E0C080B584B0002003900290FEF75BFC44F68C50C2F2020001680139016000680028DF
S3250001E0E040F09280FFE744F68450C2F202000068002800F08880FFE7FFE744F60060C2F28B
S3250001E10002000068E0B3FFE744F60060C2F20200C068C068039003981830FEF777FB0398FD
S3250001E1200430FEF773FB0398C16A012000FA01F244F69451C2F202010868104308600399D0
S3250001E140C86A00EB800244F64850C2F2000000EB82000431FEF7EEFB0398C06A44F634518F
S3250001E160C2F200010968C96A884207D3FFE744F6F461C2F202010120086000E0FFE7BCE77D
S3250001E180039818B1FFE7FDF7C3FAFFE744F6FC50C2F20200006801900198E0B1FFE7FFE76C
S3250001E1A0FFF76EFD38B1FFE744F6F461C2F202010120086000E0FFE7019801380190FFE74A
S3250001E1C001980028ECD1FFE744F6FC51C2F202010020086000E0FFE744F6F460C2F2020004
S3250001E1E0006870B1FFE7012002904EF60451CEF200014FF080500860BFF34F8FBFF36F8FE5
S3250001E20000E0FFE7FFE700E0FFE7FEF7D3FB029804B080BD80B584B000200390FCF776FEB4
S3250001E22044F6EC60C2F202000068B8B1FFE744F6F060C2F2020069464860022008604FF67E
S3250001E2407D00C0F2010046F26141C0F202014FF448720023FFF798FC039000E0FFE703985A
S3250001E26004B080BD80B588B0DDF828C007900691059204930020039044F6EC60C2F2020031
S3250001E2800068A8B3FFE7069800900598019007980290069805281EDCFFE7FFF7CBFC0228AF
S3250001E2A00CD1FFE744F6EC60C2F2020000680A9A69460023FEF7B8FF03900BE044F6EC60CA
S3250001E2C0C2F202000068694600231A46FEF7ACFF0390FFE70BE044F6EC60C2F2020000683F
S3250001E2E0049A69460023FFF755F80390FFE700E0FFE7039808B080BD5FEA400C08BF91F0B8
S3250001E300000F4FEA8C234FEAC12243EA51514FEA1C5018BF00F5F0404FEA300018BF41F002
S3250001E32000415FEA6C5C00F02980BCF1FF3F08BF40F080407047130C06BF12044FF0100C3D
S3250001E3404FF0000C130E04BF12020CF1080C130F04BF12010CF1040C930F04BF92000CF169
S3250001E360020CD30F04BF52000CF1010C11464FF00002A0F11F00A0EB0C00704711F0004FA1
S3250001E38008BF704731F000413FF4D5AF0B0C06BF09044FF0100C4FF0000C0B0E04BF090269
S3250001E3A00CF1080C0B0F04BF09010CF1040C8B0F04BF89000CF1020CCB0F04BF49000CF17D
S3250001E3C0010CCCF1200322FA03F341EA030102FA0CF2A0EB0C0000F10100704723F07F47F5
S3250001E3E020F07F4C80EA030000F00040ACEB070303F57C5303F1FF032DE9804909B44FEA6B
S3250001E400144324EA03484FEA154B25EA0B4E0FF2042606EB13273E7803FB0667C7F500070A
S3250001E42007FB06F64FEAD64606F102064FEA543707FB066CCCF1005C4FEA1C472CEA074C2D
S3250001E4400CFB06F507FB06F404EB15464FEA961649085FEA320234BF00204FF000404FEAEF
S3250001E460D13706FB07FC4FEA1C4C0CFB0BF7D21B03FB0CF761EB07010CFB0EF7B0EB0740AF
S3250001E48072EB17420CFB08F734BFA2EB0742B2EB074261EB17414FEA0C444FEA910706FB0B
S3250001E4A007FC4FEA1C4C0CFB0BF7B0EBC74072EB573203FB0CF734BFA2EBC742B2EBC742F0
S3250001E4C061EB57310CFB0EF7B0EBC70072EB57720CFB08F734BFA2EBC702B2EBC70261EBCC
S3250001E4E057714FEA816141EA92114FEA826242EA90124FEA806004EBCC04039F4FEAD137BE
S3250001E50006FB07FC4FEA1C4C0CFB0BF7D21B03FB0CF761EB07010CFB0EF7B0EB074072EBB9
S3250001E52017420CFB08F734BFA2EB0742B2EB074261EB17414FEA8C5504EB9C244FEA910788
S3250001E54006FB07FC4FEA1C4C0CFB0BF7B0EBC74072EB573203FB0CF734BFA2EBC742B2EB57
S3250001E560C74261EB57310CFB0EF7B0EBC70072EB57720CFB08F734BFA2EBC702B2EBC7026E
S3250001E58061EB57714FEA816141EA92114FEA826242EA90124FEA806015EB4C2544F10004C9
S3250001E5A04FEAD13706FB07FC4FEA1C4C0CFB0BF7D21B03FB0CF761EB07010CFB0EF7B0EB7C
S3250001E5C0074072EB17420CFB08F734BFA2EB0742B2EB074261EB17414FEA813141EA9241F5
S3250001E5E04FEA823242EA90424FEA80304FEA0C7615EB1C1544F1000448EA03434EEA0B4818
S3250001E6004FF0000EB2EB080C71EB030724BF624639464EEB0E0E4FF0000B001852414941B1
S3250001E6204BEB0B0BB2EB080C71EB03077BF1000B24BF624639464EEB0E0E4FF0000B001838
S3250001E640524149414BEB0B0BB2EB080C71EB03077BF1000B24BF624639464EEB0E0E51EA22
S3250001E660020718BF46F0010616EB0E7655F1000254F1000103D5BDE88901BDE80088BDE88A
S3250001E6808901BDE80048B619524141EB0101A3F10103704780807F7E7D7C7B7A7978777654
S3250001E6A076757473727171706F6E6E6D6C6C6B6A6A6968686766666564646363626161600B
S3250001E6C0605F5F5E5E5D5D5C5C5B5B5A5A595958585757565655555554545353525252512D
S3250001E6E0515050504F4F4F4E4E4D4D4D4C4C4C4B4B4B4A4A4A4949494848484747474746AA
S3250001E700464645454544444444434343434242424241414110B546EA06464FEA164646EAAA
S3250001E72042564FEAD22242EA41524FEAD121A3F57053A3F1010300F02FF820F0004000F0D9
S3250001E740004700F1020CBCF5006F01EB0050114640EA070000D210BDBAF1000F0AD01CB584
S3250001E76003B44FF004004FF004014FF000000FBCBDE810404FF00001BBF1010FB9BF044895
S3250001E7804FF0FF310348002140EA070010BD00BFFFFFEF7F0000F07F9C46002B30D4770077
S3250001E7A02BD04FEA37071CB503B44FF010004FF01001BAF1000F06D0BCF1000FDCBF40F0A2
S3250001E7C0080040F008014FF000000FBCBDE810400BF1010BBBF1010F08BF5FEA170722BF1F
S3250001E7E012F1010211F101014FF0004143F1000300F0004043EA00007047F9D35708D0E75B
S3250001E80046EA06464FEA164613F1400F1FDD13F1200FDFBF16430A46002120335B42BED078
S3250001E820C3F1200746EA06464FEA164602FA07F746EA070622FA03F2C3F1200701FA07F7C9
S3250001E84042EA070221FA03F14FF00003A7E746EA020646EA06464FEA164646EA0106BCBFA2
S3250001E86046EA0646360C4FF000034FF000024FF0000194E72DE9804C70B49A46934691E85D
S3250001E880380007C831EA400C48BF34EA430C03D5FFF7A4FDFFF780FFF0BCBDE8008C2DE9B8
S3250001E8A0804C70B49A46934691E8380007C831EA400C48BF34EA430C03D5FFF78FFDFFF7FD
S3250001E8C029FFF0BCBDE8008C2DE9804C70B49A46934691E8380007C810F0804F08BF13F054
S3250001E8E0804F03D100F01AF8FFF756FFF0BCBDE8008C2DE9804C70B49A46934691E83800D4
S3250001E90007C810F0804F08BF13F0804F03D100F005F8FFF7FFFEF0BCBDE8008C20F07F4752
S3250001E92023F07F4C80EA030000F0004007EB0C03A3F57C53A3F1FE0392F0000F00F0B380A4
S3250001E94095F0000F00F077802DE901494FEA114021EA00484FEA144624EA064700FB06FC0D
S3250001E96008FB06F607FB08F818EB06484CEB164C00FB07F718EB07484CEB17404FEA124B36
S3250001E98022EA0B4E4FEA154625EA06470BFB06FC0EFB06F607FB0EFE1EEB064E4CEB164C0A
S3250001E9A00BFB07F71EEB074E4CEB174B18EB0B0840F1000018EB0E0B58EB000840F1000076
S3250001E9C08F1A4FF000014FF000063CBFC943661B14BFB5EB040C00213CBFC943F61B4FEA85
S3250001E9E0174427EA04454FEA1C472CEA074C04FB076205FB07F70CFB05F616EB074642EB73
S3250001EA00174204FB0CFC16EB0C4642EB1C421BEB060658EB020241414EEA8E0E46EA9E062E
S3250001EA2001D5BDE80189B619524141EB0101A3F10103BDE801894FEA144524EA05464FEA4F
S3250001EA40114721EA074C05FB07F406FB07F70CFB06F111EB074144EB174405FB0CFC11EB2F
S3250001EA600C4144EB1C444FEA124722EA074C05FB07F206FB07F70CFB06F616EB074642EB4C
S3250001EA80174205FB0CFC16EB0C4642EB1C456A1854F1000148BF7047B619524141EB010117
S3250001EAA0A3F10103704795F0000F37D04FEA114221EA02464FEA144724EA074C02FB07F19C
S3250001EAC006FB07F70CFB06F414EB074441EB174102FB0CFC14EB0C4441EB1C414FEA1547EF
S3250001EAE025EA074C02FB07F506FB07F70CFB06F616EB074645EB174502FB0CFC16EB0C4680
S3250001EB0045EB1C42121951F1000148BF7047B619524141EB0101A3F1010370474FEA1445C3
S3250001EB2024EA05464FEA114721EA074C05FB07F106FB07F70CFB06F212EB074241EB1741C6
S3250001EB4005FB0CFC12EB0C4251EB1C414FF0000648BF7047921841EB0101A3F10103704798
S3250001EB6003B401984100009850EAC12018BF04204A0D18BF40F0010040F2FF72B2EB515F00
S3250001EB8008BF40F00200012808BF052002B0704730B52DED048B81B0B0EE408AF0EE608A08
S3250001EBA06A4651EC180B00F013F900989FED329B7E300090002821DC53EC192B51EC180B0B
S3250001EBC000F0C0FB1AD0002140F608004FF00000044651EC180B00F06DF908EE100A40F6B5
S3250001EBE0080004EA00014FF00000B5EEC08AF1EE10FA04BF0220E4F7C2FA2DE00098FF28BA
S3250001EC0030DB002108464FF0000000F4400553EC192B51EC180B00F09FFD8CBF00240124F8
S3250001EC200220E4F7ACFA9FED168A4DB1002C0CBF4FF400004FF48000A84218BF9FED118A1B
S3250001EC40042108464FF00000002C01BFB1EE480A01B0BDEC048B30BDB0EE480A01B0BDECFE
S3250001EC60048B30BD51EC180B00F024F901B000EE100ABDEC048B30BD0000000000000000C6
S3250001EC800000807FFFFF7F7F30B540F2FF742DED048BF0EE608A18EE901A85B0B0EE408A2A
S3250001ECA09FED2B9B05468DED008B34EA115147D053EC192B51EC180B00F044FB40D02A4682
S3250001ECC051EC180B00F0E1FE41EC180B18EE900A8DED008B34EA10501CD053EC192B51ECDF
S3250001ECE0180B00F02FFB2BD10220E4F748FA00F043F810EE901A18EE900A8DED020B8DED21
S3250001ED00008B61F31E0003909DED020B05B0BDEC048B30BD0220E4F732FA00F01DF810EEBF
S3250001ED20901A18EE900A8DED020B8DED008B61F31E0003909DED020B05B0BDEC048B30BD80
S3250001ED4005B0B0EE480AF0EE680ABDEC048B30BD00000000000000009FED050B10B553ECF2
S3250001ED60102B51EC100B00F0F9FB41EC100B10BD00000000000000709FED050B10B553ECF0
S3250001ED80102B51EC100B00F0E9FB41EC100B10BD000000000000001010B5044691ED000B48
S3250001EDA0FFF7F6FE84ED000A10BD10B5044690ED000B0846FFF768FF84ED000B10BD303827
S3250001EDC00A2801D201207047002070470000000010B582B01446CDE900010023009A236030
S3250001EDE0194B21F0004098422ADA024328D0B0F5801FA8BF226810DA9FED150B53EC102BF7
S3250001EE009DED000B51EC100B00F0A8FBCDE900016FF0350221F0004022600F4B6FF31E5120
S3250001EE2003EB20501044206041F0FF5040F0005001909DED000B00BF02B051EC100B10BDDD
S3250001EE409DED000BF8E700000000F07F00000000000000000000504302FCFFFF10B500294B
S3250001EE600AD00878002807D005487844E1F7CCFD002801D0002010BD0248784410BD0000CF
S3250001EE80F63B0000EE3B000010B500290AD00878002807D005487844E1F7B6FD002801D03D
S3250001EEA0002010BD0248784410BD0000DA3C0000D23C000021F0004201F00043A2F160529B
S3250001EEC0B2F5801F28BFD2F17F6C0BD95FEA001C43EAC20242EB507018BF704728BF20F0A4
S3250001EEE001007047B2F5801FBCBF184670474FEA410C1CF5001F02D2084600F088BD70B54B
S3250001EF0000F0D6FB00000089FFF7F6BF4FF00040A0F580007047000010B591EA030F48BF51
S3250001EF2083F0004300F15684841A71EB030C05D2121943EB0C03001B61EB0C014FEA1154EF
S3250001EF40A4EB135CDFF81CE11EEA430F18BF9EEA445F00F0748021EA045123EA0E0343F4E3
S3250001EF608013DCF1200E32D322FA0CFE10EB0E0023FA0CFE41EB0E01CCF1200E03FA0EFE72
S3250001EF8010EB0E00CCF1200E51F10001B1F5801F32D201EB045112FA0EF2BDE8104058BF91
S3250001EFA07047401C38BF5FEA420218BF7047002814BF20F0010041F100014FEA410313F561
S3250001EFC0001F38BF7047A1F1C04100F0BFBB012A43EB0302ACF1200CDCF11F0E32BF4FF00F
S3250001EFE0000E23FA0CF310EB030041EB0451B4EB115FD0D0A1EB045101F58011490801EB0D
S3250001F00004515FEA30000ED350F1000038BF12FA0EFE08D1BDE81040C9E7401C38BF5FEAD0
S3250001F0204202CAD1C3E7BDE810404FEA410313F5001F38BF7047A1F1C04100F087BB9EEAAC
S3250001F040445F08D011EA5E0FBDE8104004BF01F0004100207047BDE8104070B500F028FBD8
S3250001F06064FBBE3E0000E0FF02494FF0000000F0DABC00BF0000F87F491058BFC1F1404166
S3250001F0805B1058BFC3F140438B42EFF3008070472DE9C04130B4DFF8A4C23CEA111418BF70
S3250001F0A03CEA131400F0ED801CEA111481EA030544EAD57418BF1CEA131500F0C880A4EBBE
S3250001F0C0050404F17F7404F500344FF0004545EAC12145EAC32341EA505143EA52534FEA8A
S3250001F0E0C0204FEAC222994208BF904200F09D804FEA13650FF24416765D4FEA134506FB1A
S3250001F10005F7C7F1807706FB07F74FEAD737A7FB03687642A7FB06CEC8F5803838BFA8F1B7
S3250001F120010807FB08E6A6FB028C4FF0000EE6FB03CEDCF1000CCEF1004E38BFAEF1010E16
S3250001F140A6FB0C584FF00007E6FB0E87A1FB08C6A0FB07CE16EB0E064FF0000545F1000579
S3250001F160E1FB076515F1E04E7EBFA4F580345FEA46066D4116F1800745F100054FEA1727FF
S3250001F18047EA05674FEA15254FEA0666A6F1DE46B6F1805F20D9384605EBC47124F0010CB5
S3250001F1A001EB0C11BCF1FE6F02D8F0BCBDE8008124425CBF01F5801E9EEAC47F02D4F0BC17
S3250001F1C0BDE80081244200F13980A1F1C041F0BCBDE8004100F0BABA4FEAD02040EA415085
S3250001F1E04FEAD1214FEAD22242EA43524FEAD323A7FB028607FB036605FB02661EEA0E0F9E
S3250001F20058BFA6EB0056B6EB00564FEA520E4EEAC37E18EB0E0E56EB530EBCD518EB020881
S3250001F2205E417F1C55F10005B5E74FF480154FF000074FF000064FF00008ACE701F1C04176
S3250001F24001F000414FF00000F0BCBDE800810CEA131511EA0C1F00D00CE013EA0C1F00F04C
S3250001F26026804FF0000081EA030101F00041F0BCBDE80081F0BCBDE8004181EA030100F03E
S3250001F28065BAF0BCBDE8004170B500F011FA00BF097EFC3E00F007B84FF0000081EA0301B9
S3250001F2A001F00041704781EA030100F04FBAF0BCBDE8004122494FF000007047FFFDFBF913
S3250001F2C0F7F5F4F2F0EEEDEBE9E8E6E4E3E1E0DEDDDBDAD8D7D5D4D3D1D0CFCDCCCBCAC85F
S3250001F2E0C7C6C5C4C2C1C0BFBEBDBCBBBAB9B8B7B6B5B4B3B2B1B0AFAEADACABAAA9A8A832
S3250001F300A7A6A5A4A3A3A2A1A09F9F9E9D9C9C9B9A9999989797969595949393929191908B
S3250001F3208F8F8E8E8D8C8C8B8B8A8989888887878685858484838382828181800000FF07ED
S3250001F3400000F87F51EA030C17D41CF5801F58BFBCF5801F00F10680994218BF704708BF3C
S3250001F3609042704707D711F5801F58BF13F5801F19D499427047894270471CF5801F08D52E
S3250001F380BCF5801FF7D58B4218BF704708BF824270474FF4001C1CEB410F38BF1CEB430FA7
S3250001F3A001D28B42704770B500F082F9922449004FF000514FF08053FFF75EBE4FEA11530F
S3250001F3C0A3F58063D3F11E03A8BFD3F1200C08DB4FF0004242EAC12252EA505232FA03F0FF
S3250001F3E0704709420BD4102BC4BF0020704703F5787CBCF1FF3F05D04FF0FF3070474FF080
S3250001F4000000704770B500F053F900BF4992248000207047F0E710F0004248BF4042B0FA6C
S3250001F42080F310FA03F10AD0C3F11D0303F5806302EB03524FEA415002EBD12170474FF0EA
S3250001F44000007047B0FA80F310FA03F10AD0C3F11D0303F580634FEA03524FEA415002EB05
S3250001F460D12170474FF000007047000051EA030C17D41CF5801F58BFBCF5801F00F1068023
S3250001F480994218BF704708BF9042704707D711F5801F58BF13F5801F19D499427047894221
S3250001F4A070471CF5801F08D5BCF5801FF7D58B4218BF704708BF824270474FF4001C1CEBE2
S3250001F4C0410F38BF1CEB430F01D28B42704770B500F0EEF8922449004FF080514FF0005392
S3250001F4E0FFF7CABD51EA030C17D41CF5801F58BFBCF5801F00F10680994218BF704708BF95
S3250001F5009042704707D711F5801F58BF13F5801F19D499427047894270471CF5801F08D58C
S3250001F520BCF5801FF7D58B4218BF704708BF824270474FF4001C1CEB410F38BF1CEB430F05
S3250001F54001D28B42704770B500F0B2F8922449004FF000514FF08053FFF78EBD70B5DFF8B0
S3250001F56048C11CEA111E1EBF1CEA13159EEA0C0F95EA0C0F00F06F8081EA03044EEAD47E23
S3250001F580AE4421EA4C1123EA4C1341F4801143F48013AEF17F7EA1FB024CA0FB0365361936
S3250001F5A055EB0C05A1FB034C4CF10003A0FB021C16EB0C06654153F10003094218BF46F0B7
S3250001F5C0010613F4007F0BD14FEA03314FEA053041EA155140EA165034036FF003020AE03A
S3250001F5E04FEAC3214FEAC52041EA555140EA5650F4026FF0020202EB2E4201EB025585EAC0
S3250001F600CE710AD05FEA440C18BF24F0004450F1000041F1000120EAD47040F2FE7C6245ED
S3250001F62000D270BDA84214BF4FF080444FF04044002E08BF0024BEF1806FA8BFA1F1C04190
S3250001F640BDE8704080F2828001F1C04101F000414FF0000070470CEA13159EEA0C0F18BF27
S3250001F66095EA0C0F06D081EA030E4FF000000EF0004170BD00F01CF88900013E00F007B871
S3250001F68000F009B84FEA430C5FEA5C5C08D081EA030100F05BB84FEA410C5FEA5C5CF6D191
S3250001F6A002494FF0000070470000FF070000F87F0EF1020E2EF0030E5EF8046B364205D431
S3250001F6C0012A43EB030515F5001F12D8012841EB010C1CF5001F0CD80ED14FEAD17C0CEBDD
S3250001F6E04C0C0CF1020C15F5001F08BF4CEBD37C04E04FF0080C01E04FEAD37C0CEB4C0542
S3250001F70026FA05F606F00706B6F1040C06D20EEB860CBDE870404CF0010C6047DFE80CF0A2
S3250001F720090B02024FF00041A1F500214FF0000070BD19461046012851EB010418BFD4F548
S3250001F740001484BF002001F0004170BD0808A0F500114FEA3101704753EA010C17D41CF5AE
S3250001F760801F58BFBCF5801F00F106808B4218BF704708BF8242704707D713F5801F58BFCC
S3250001F78011F5801F19D48B4270479B4270471CF5801F08D5BCF5801FF7D5994218BF7047A6
S3250001F7A008BF904270474FF4001C1CEB430F38BF1CEB410F01D2994270470FB40CBC03BC3D
S3250001F7C0FFF7C1BE10B591EA030F48BF83F000433FF5AAAB841A71EB030C07D28CF0004C6B
S3250001F7E0121943EB0C03001B61EB0C014FEA1154A4EB135CDFF8A4E11EEA430F18BF9EEA75
S3250001F800445F00F0B48021EA045123EA6E035242C3EB6E0338BF5B1EDCF1200E25D322FA0A
S3250001F8200CFE10EB0E0043FA0CFE41EB0E01CCF1200E03FA0EFE10EB0E00CCF1200E51F102
S3250001F840000129D401EB045112FA0EF2BDE8104058BF7047401C1CBFB2F1004F704700288B
S3250001F8600CBF491C20F00100704712EB020E43EB030218BF4FF0010E4EEA4202ACF1200CDF
S3250001F880DCF11E0E56D943FA0CFE10EB0E00CCF11E0E51F1FF31D5D50EF1010E12FA0EFEBE
S3250001F8A0404141EB010101EB445C5FEA5C5C10D901EB045110EBDE7038BFBEF1004FBDE8F8
S3250001F8C0104018BF704700280CBF491C20F00100704734D24FEAD42C24F4006411F5001151
S3250001F8E01BD0B1FA81F20B3AA41AA41ED2F12003914030FA03F31943904001EBCC7101EB1B
S3250001F9000451002CBDE81040A8BF704701F1C04101F000414FF000007047B0FA80F310FA0A
S3250001F92003F102D1BDE810407047E41A173C4805C90AE2E701EB0451BDE8104070474910CD
S3250001F9404FEA300001EB0451BDE8104002E04FF0000170474A0008BF0042F8D0B2F5001F47
S3250001F96028BF704701F000414FF0000070479EEA445F07D011EA5E0FBDE8104004BF002177
S3250001F98000207047BDE8104070B5FFF791FE00BF40DFF63E104683F0004170470000E0FF38
S3250001F9A010B5FFF7CFFC0CBF0120002010BD10B5FFF7C8FC14BF0120002010BD10B5FFF7C6
S3250001F9C055FD8CBF0120002010BD10B5FFF74EFD2CBF0120002010BD10B5FFF783FD94BFE8
S3250001F9E00120002010BD10B5FFF77CFD34BF0120002010BDF1EE100A4FF6FF71C0F2C0316C
S3250001FA0020EA010040F04070E1EE100A7047FF2141EAD050C00570474FF000007047E2F79E
S3250001FA2013B9E2F747BA0CF00F03092B08BF082000F05F800A2B0BD0082B18BF704708BF81
S3250001FA401CF0400F0AD04FF000004FF0000170471CF0400F18BF4FF0004070471CF0100FA1
S3250001FA6008D000F07F4220F0704342EAD3014FEA4370704700F0604021F07F4242EA000200
S3250001FA8001F07F4040EA727070474FF0FF0C4CF4E06C1CEA11531CBF9CEA030C9445C2BFE2
S3250001FAA0DA4201EB02517047002B0DD0BCF1000F0FD001F00041002AA4BF41F0E04141F048
S3250001FAC07F614FF00000704701F000414FF00000704750EA01334FF09B0C18BF4CF0806CCE
S3250001FAE07FF4C2AA7047E2F77DBEE3F74FBBE3F7DDBC1CF4801F11D01CF4E02F03D06FEA23
S3250001FB00CC31490070474FF04050EFF3008222F0704242EA000282F3008870474FF00000C9
S3250001FB2070470000000000000000000030313233343536373839414243444546403058009D
S3250001FB40303132333435363738396162636465664030780004000008000000000000000246
S3250001FB60000100001030313233343536373839616263646566787000303132333435363787
S3250001FB8038394142434445465850000002400000000000A00000000005400000000000C8C1
S3250001FBA0000000000C4000000000409C00000000194000000020BCBE0000000034400000AF
S3250001FBC0BFC91B8E00000004B5400000504BCFD06607E2CF010000006C4100003E8251AA33
S3250001FBE0DFEEA73401000000D9420000DCB5A0E23A301F97FFFFFFFFB4450000FD25A0C888
S3250001FC00E9A3C14FFFFFFFFFFF3F00000000008000000000FF3F00000000008000000000C9
S3250001FC20404900208049002030490020204900207049002060490020104900202049002065
S3250001FC403603530065006C006600200050006F0077006500720065006400200043006F0012
S3250001FC606E00660069006700750072006100740069006F006E00040309042C034100430010
S3250001FC804D00200043006F006E00740072006F006C00200049006E00740065007200660087
S3250001FCA061006300650000000100000000CA9A3B01000000010000000100000040420F00E0
S3250001FCC001000000E8030000000001CC01D8001401F0003C002801E401A0006C007801B403
S3250001FCE00050019C018800440000000098470200843F0200003D020070470200923F0200D2
S3250001FD0098470200A33F0200F83C020070470200B53F020070470200C73F020070470200B8
S3250001FD20D73F0200C0470200E93F02000000000002000000783E0200020000000C3D02006A
S3250001FD400204000098470200F33F0200743F02009847020014400200443D02009847020031
S3250001FD6036400200503D0200984702005B400200503D02009847020081400200443D020041
S3250001FD80C0470200A94002000000000002000000183E020002000000E03D020002240000C7
S3250001FDA0C0470200D64002000000000002000000183E020002000000E83D02000224000072
S3250001FDC0C0470200034102000000000002000000183E020002000000F03D0200022400001C
S3250001FDE07047020030410200704702005E410200704702008C410200C0470200BA410200E8
S3250001FE000000000002000000783E020002000000243E02000204000098470200E7410200AA
S3250001FE202C3E0200704702001542020070470200434202009847020064420200583E0200DC
S3250001FE409847020078420200603E0200984702008C420200683E020070470200A042020068
S3250001FE6070470200B542020070470200CA42020070470200DF42020070470200F142020038
S3250001FE809847020006430200C83E0200984702002A430200E43E020098470200434302004A
S3250001FEA0EC3E0200984702005C430200DC3E02009847020076430200303F02009847020083
S3250001FEC092430200383F020070470200B043020098470200CA430200303F02007047020003
S3250001FEE0E543020070470200F7430200704702000A440200704702001D44020070470200FE
S3250001FF004C440200704702007744020070470200AF44020098470200E3440200203F0200B9
S3250001FF2070470200FA44020070470200124502007047020027450200704702003D4502004B
S3250001FF4098470200554502004C3F02007047020072450200704702008745020098470200B6
S3250001FF60DE450200543F0200984702003A4602005C3F020070470200AE460200E8470200E0
S3250001FF80BB46020031314170706C69636174696F6E003134436F6D6D616E6448616E646C76
S3250001FFA065720031354170706C69636174696F6E42617365003135436F6D6D616E64526532
S3250001FFC073706F6E7365003741766572616765496A4C6A3245450037417665726167654930
S3250001FFE06A4C6A3830304545003850726F746F636F6C004E31305F5F63787861626976319B
S3250002000031365F5F7368696D5F747970655F696E666F45004E31305F5F637878616269762F
S325000200203131375F5F636C6173735F747970655F696E666F45004E31305F5F637878616257
S3250002004069763132305F5F73695F636C6173735F747970655F696E666F45004E31305F5F39
S32500020060637878616269763132315F5F766D695F636C6173735F747970655F696E666F45FF
S32500020080004E31305F5F637878616269763132335F5F66756E64616D656E74616C5F7479C7
S325000200A070655F696E666F45004E35736F66696531366F626A65637464696374696F6E6151
S325000200C072793133456E74727950726F647563657249644545004E35736F66696531366FCD
S325000200E0626A65637464696374696F6E6172793133456E74727950726F647563657249694E
S325000201004545004E35736F66696531366F626A65637464696374696F6E6172793133456E89
S3250002012074727950726F6475636572496A4545004E35736F66696531366F626A65637464FC
S32500020140696374696F6E617279313449456E74727950726F647563657249644545004E3507
S32500020160736F66696531366F626A65637464696374696F6E617279313449456E747279503D
S32500020180726F647563657249694545004E35736F66696531366F626A6563746469637469A3
S325000201A06F6E617279313449456E74727950726F6475636572496A4545004E35736F666999
S325000201C06531366F626A65637464696374696F6E61727931364F626A6563744469637469F3
S325000201E06F6E61727945004E35736F66696531366F626A65637464696374696F6E617279DC
S325000202003137456E74727950726F64756365724261736545004E35736F66696531366F6287
S325000202206A65637464696374696F6E6172793137494F626A65637444696374696F6E617235
S325000202407945004E35736F66696531366F626A65637464696374696F6E61727935456E74CF
S32500020260727945004E35736F666965326F73345069706549624545004E35736F66696532D7
S325000202806F73345069706549684545004E35736F666965326F733450697065496A454500CB
S325000202A04E35736F666965326F7335495069706549624545004E35736F666965326F733566
S325000202C0495069706549684545004E35736F666965326F73354950697065496A4545004EC0
S325000202E035736F666965326F73354D7574657845004E35736F666965326F733852756E6E82
S3250002030061626C6545004E35736F666965336D637532746934746D346331335365726961D8
S325000203206C4F76657255736245004E35736F666965336D637532746934746D3463334932C4
S325000203406345004E35736F666965336D637532746934746D34633350776D45004E35736F10
S32500020360666965336D637532746934746D3463344770696F45004E35736F666965336D636A
S325000203807532746934746D346336456570726F6D45004E35736F666965336D637532746922
S325000203A034746D3463385761746368646F6745004E35736F66696534636F72653130494972
S325000203C06E7465727275707445004E35736F66696534636F72653131456570726F6D426C5E
S325000203E06F636B45004E35736F66696534636F72653349496F45004E35736F666965346354
S325000204006F7265344949326345004E35736F66696534636F7265344950776D45004E35738C
S325000204206F66696534636F7265344C697374494E3845766944656E73653133416D706C692B
S325000204406669636174696F6E454545004E35736F66696534636F7265344C69737449503168
S325000204603974736B5461736B436F6E74726F6C426C6F636B4545004E35736F6669653463D0
S325000204806F7265344C69737449504E535F31366F626A65637464696374696F6E6172793160
S325000204A0305472616E736D69746572454545004E35736F66696534636F7265344C697374C6
S325000204C049504E535F336D637532746934746D3463313241646353657175656E63657245ED
S325000204E04545004E35736F66696534636F726535417272617949684545004E35736F666951
S325000205006534636F72653649417272617949684545004E35736F66696534636F72653653D9
S325000205207472696E6745004E35736F66696534636F72653749456570726F6D45004E3573B1
S325000205406F66696534636F726539495761746368646F6745004E35736F666965346D61740C
S325000205606831335363616C654672616374696F6E45004E35736F666965346D61746836494E
S325000205805363616C6545004E5374335F5F32313562696E6172795F66756E6374696F6E49F5
S325000205A0503132416363717569736974696F6E524B4E35736F666965336D637532746934A3
S325000205C0746D346333493263313253657175656E636542617365455053385F4545004E53C9
S325000205E074335F5F3231385F5F7765616B5F726573756C745F74797065494D31324163636E
S32500020600717569736974696F6E46504E35736F666965336D637532746934746D346333490F
S325000206203263313253657175656E63654261736545524B53375F454545004E5374335F5F66
S3250002064032365F5F62696E64494D3132416363717569736974696F6E46504E35736F666920
S3250002066065336D637532746934746D346333493263313253657175656E636542617365456D
S32500020680524B53375F454A5053315F524B4E535F3132706C616365686F6C64657273345F81
S325000206A05F7068494C693145454545454500537439747970655F696E666F007600000000EB
S325000206C000000000EC3C0200511D0100F9180100210A0100E1120100AD1B0100000000007E
S325000206E0F83C020051E0010000000000003D02008D33010019300100152E0100C52F010007
S3250002070025320100000000000C3D0200DD360100D536010051E0010000000000143D020089
S32500020720019B0100E99A0100000000001C3D02002D9C0100159C010000000000243D020056
S3250002074021B50100F9D0010011B501006DB8010055B80100FCFFFFFF243D020085DF010034
S3250002076075DF010095DF010000000000503D0200E9060100ED06010025BC010027BC01006E
S32500020780ADBD010029BC010067BC010007BD0100000000005C3D0200E9060100FD06010088
S325000207A025BC010027BC0100ADBD01001FBE010075BE010055BF010000000000683D020032
S325000207C0E90601000D07010025BC010027BC0100ADBD0100A9BF010009C1010071C3010072
S325000207E000000000743D0200E90601001D07010025BC010027BC010037C401000000000067
S32500020800803D020019520100454601001D460100F1C7010049C8010041450100E545010038
S32500020820DCFFFFFF803D020029DE0100C5DE0100D9DE0100FDDD010019DE010000000000E1
S32500020840A03D020019520100E1480100BD48010055C80100ADC80100F1470100854801007A
S32500020860DCFFFFFFA03D02006DDE0100E9DE0100FDDE010045DE01005DDE01000000000068
S32500020880C03D0200195201004D4B0100294B0100B9C8010011C901005D4A0100F14A010096
S325000208A0DCFFFFFFC03D0200ADDE01000DDF010021DF010085DE01009DDE010000000000FE
S325000208C0E03D020051E0010051E0010051E0010051E0010051E0010000000000E83D0200D0
S325000208E051E0010051E0010051E0010051E0010051E0010000000000F03D020051E0010095
S3250002090051E0010051E0010051E0010051E0010000000000F83D0200114D010039500100E7
S3250002092059500100554F0100FCFFFFFFF83D020045DF010061DF010031DF010000000000B9
S32500020940183E02001952010051E0010000000000243E020051E0010051E0010051E001009F
S32500020960000000002C3E020051E0010000000000343E02008155010081540100E554010076
S3250002098031560100E95301002555010049550100E955010069540100315401004D5401004B
S325000209A06D550100D953010000000000403E02007158010071570100D55701002159010084
S325000209C0D95601001558010039580100D958010059570100215701003D5701005D58010038
S325000209E0C9560100000000004C3E0200615B0100615A0100C55A0100115C0100C959010019
S32500020A00055B0100295B0100C95B0100495A0100115A01002D5A01004D5B0100B95901006F
S32500020A2000000000583E020051E0010051E0010051E0010051E0010051E0010051E00100EA
S32500020A4051E0010051E0010051E0010051E0010051E0010051E0010051E001000000000030
S32500020A60603E020051E0010051E0010051E0010051E0010051E0010051E0010051E0010070
S32500020A8051E0010051E0010051E0010051E0010051E0010051E0010000000000683E02007A
S32500020AA051E0010051E0010051E0010051E0010051E0010051E0010051E0010051E001009E
S32500020AC051E0010051E0010051E0010051E0010051E0010000000000703E0200D55E010030
S32500020AE0BD5E010000000000783E020051E0010000000000803E0200FD62010000000000C8
S32500020B008C3E0200496C01008D6C010000000000983E020095810100658001008580010076
S32500020B207182010001820100B1CA0100A1CA010071790100C9CA010000000000A43E0200EA
S32500020B40D98301005D840100A98301007D84010000000000B03E0200E1CA010045850100B8
S32500020B60F584010015850100ADCB010000000000BC3E0200CDCB0100B9CB010000000000C5
S32500020B80C83E020051E0010000000000D03E0200E1CC0100618E0100298E0100498E0100D5
S32500020BA031CD010000000000DC3E020051E0010051E0010051E0010051E00100000000004A
S32500020BC0E43E020051E0010051E0010000000000EC3E020051E0010051E0010051E00100C3
S32500020BE051E0010051E0010051E0010051E0010051E0010051E0010000000000F43E02008D
S32500020C004D9001003590010000000000FC3E0200FD900100E590010000000000043F0200A3
S32500020C206991010051910100000000000C3F0200699201005192010000000000143F02004C
S32500020C404D930100F992010071940100EDCD0100E1CD0100D5CD010091930100C99301008A
S32500020C60E1920100C9CD0100D5920100359401001D94010000000000203F020051E00100EA
S32500020C8051E0010051E0010051E0010051E0010051E0010051E0010051E0010051E00100BC
S32500020CA051E0010051E0010000000000283F02005DCE01001596010000000000303F020016
S32500020CC051E0010051E0010051E0010051E0010051E0010000000000383F020051E0010067
S32500020CE051E0010000000000403F020091970100F5960100000000004C3F020051E00100C5
S32500020D0051E001000000000000000000010000007C3F020045D7010075D701000000000071
S32500020D20683F02003A535444455252003A535444494E003A5354444F55540000000000001B
S32500020D4021100000422000006330000084400000A5500000C6600000E770000008810000A6
S32500020D60299100004AA100006BB100008CC10000ADD10000CEE10000EFF10000B853020043
S32500020D80C053020000540200085402004000000000000000000100003E00080000000000FB
S32500020DA000010000A000000002000000000100003454010000000000000100002B7006005C
S32500020DC00000000000010000280000000000000000010000270001000000000000010000B8
S32500020DE02000000000000000000100005000000002000000000100001AAC000000000000B1
S32500020E0000010000179409000000000000010000169805000000000000010000140000004C
S32500020E200000000000010000138008000000000000010000A0000000080000000001000064
S32500020E4010000000000000000001000028000000020000000001000040000000040000000A
S32500020E60000100006000000000000000000100005D000C000000000000010000500000004E
S32500020E8000000000000100004E000200000000000001000041AC0100000000000001000009
S32500020EA03C00000000000000000100003A80090000000000000100003000000000000000F9
S32500020EC000010000280000000000000000010000270001000000000000010000236006002E
S32500020EE000000000000100002160080000000000000100001E000000000000000001000040
S32500020F001DC00400000000000001000050000000020000000001000018000000000000007C
S32500020F200001000014000000000000000001000060000000040000000001000000400040AE
S32500020F4010000000008005401000000000500040110000000090054011000000006000407D
S32500020F601200000000A0054012000000007000401300000000B00540130000000040024013
S32500020F801400000000C0054014000000005002402E00000000D005402E0000000060024077
S32500020FA02F00000000E005402F000000007002403000000000F005403000000000D003404C
S32500020FC0460000000000064046000000001006404700000000200640480000000030064076
S32500020FE07F00000000400640800000000050064084000000006006408C0000000040004098
S325000210001000000000800540100000000050004011000000009005401100000000600040BC
S325000210201200000000A0054012000000007000401300000000B00540130000000040024052
S325000210401400000000C0054014000000005002402E00000000D005402E00000000600240B6
S325000210602F00000000E005402F000000007002403000000000F005403000000000D003408B
S325000210804300000000000640430000000010064044000000002006404500000000300640C1
S325000210A0580000000040064059000000005006405C0000000060064064000000007006403F
S325000210C06C000000008006406D000000009006407F00000000000240180000000010024068
S325000210E0350000000020024054000000003002405500000000000C407D00000000100C4011
S325000211007E00000000000240180000000010024035000000002002404D0000000030024047
S325000211204E00000000000C405600000000100C405700000000200C407600000000300C40A6
S325000211407700000000800B407D00000000900B407E000000C1C500004DBE000000000000DE
S325000211605DCC000000000000E9CA000069C3000039CC0000E1C2000051CB00001DC50000B9
S3250002118055CD000085CF000080E100E084E100E088E100E08CE100E090E100E000E100E0A3
S325000211A004E100E008E100E00CE100E010E100E00040004000800540005000400090054051
S325000211C00060004000A005400070004000B005400040024000C005400050024000D00540AF
S325000211E00060024000E005400070024000F0054000D0034000000640001006400010064034
S325000212000020064000200640003006400030064000400640004006400050064000500640D6
S325000212200060064000600640007006400070064000800640008006400090064000900640B6
S3250002124000E200E004E200E008E200E00CE200E010E200E00000000018ED00E01CED00E0C6
S3250002126020ED00E000E400E004E400E008E400E00CE400E010E400E014E400E018E400E0C9
S325000212801CE400E020E400E024E400E028E400E02CE400E030E400E034E400E038E400E0D6
S325000212A03CE400E040E400E044E400E048E400E04CE400E050E400E054E400E058E400E0B6
S325000212C05CE400E060E400E064E400E068E400E06CE400E070E400E074E400E078E400E096
S325000212E07CE400E080E400E084E400E088E400E000688909001C4E0E40420F0000201C008F
S3250002130080841E0000802500999E36000040380000093D0000803E0000004B00404B4C00F3
S3250002132000204E00808D5B0000C05D000080700000127A0000007D0080969800001BB70039
S325000213400080BB00C0E8CE00647ADA000024F4000000FA0080A81201002D310100366E01CB
S3250002136040787D010904000001020201040524001001042402060524060001052401010152
S325000213800705810310000109040100020A000000070582024000000705010240000009045E
S325000213A00100020A0000000705820200020007050102000200000000040000001806002033
S325000213C0040000002806002000000000C98F000000000000298C00004D8E000000000000CB
S325000213E00000000045930000DD910000F58D0000018F0000C18C0000230000006453020064
S32500021400030000003806002003000000440600200900000050060020170000008753020084
S32500021420170000009E530200080000006B0600200024F40030003000005A620291009100A9
S3250002144000879303D200D20000B4C4041301130100E1F50554015401000E27079501950132
S32500021460696E646578203C206C656E6774682829007374617469635F636173743C73697AD9
S32500021480655F743E28696E64657829203C206279746573202F2073697A656F66285429001E
S325000214A05354415254202A00696E646578203E3D203000696E646578203C206D61784C65BE
S325000214C06E6774685F00696E646578203C20636F756E745F00636F756E745F203C20636110
S325000214E07061636974795F00696E646578203C2063617061636974795F0073697A65203CA3
S325000215003D2063617061636974795F00636F756E745F202B206E756D203C3D206361706128
S32500021520636974795F007461736B4C6564002E2E2F2E2E2F2E2E2F636F6D6D6F6E2F6D6F8E
S3250002154064756C652F6669726D776172652F736F6669655C636F72652F735F636F72655FFA
S32500021560737472696E672E68002E2E2F2E2E2F2E2E2F636F6D6D6F6E2F6D6F64756C652F28
S325000215806669726D776172652F736F6669655C6F626A65637464696374696F6E6172792F69
S325000215A0735F6F626A65637464696374696F6E6172795F656E74727970726F6475636572AF
S325000215C02E68002E2E2F2E2E2F2E2E2F636F6D6D6F6E2F6D6F64756C652F6669726D7761D9
S325000215E072652F736F6669655C636F72652F735F636F72655F61727261792E6800746173BC
S325000216006B50726F746F636F6C007461736B4D61696E007372632F6D61696E2E6370700040
S3250002162041004300440047004C004D0056005A0056202564004120256420256420256420EF
S3250002164025640047202564202564202564202564202564202564202564202564004D2025D8
S32500021660642025642025642025642025642025642025642025640043202564202564202585
S32500021680642025642025642025642025642025642025642025642025642025642025642024
S325000216A0256420256420256400582025692025660071756575655F20213D203000636F75FD
S325000216C06E745F203C204341504143495459006261645F66756E6374696F6E5F63616C6C10
S325000216E020776173207468726F776E20696E202D666E6F2D657863657074696F6E73206D32
S325000217006F6465002E2E2F2E2E2F2E2E2F636F6D6D6F6E2F6D6F64756C652F6669726D7756
S325000217206172652F736F6669655C6D63752F74692F746D34632F735F6D63755F74695F747B
S325000217406D34635F6932632E68002E2E2F2E2E2F2E2E2F636F6D6D6F6E2F6D6F64756C65AB
S325000217602F6669726D776172652F736F6669655C6F732F735F6F735F706970652E68004389
S32500021780484945202B0042415345202B005354414D202B004C56494E202B004D4541532070
S325000217A02B00534C4654202B0042415345202D004C56494E202D004D454153202D003233AC
S325000217C0300033343000323630003238300042415345207C20706174683D310042415345FB
S325000217E0207C20706174683D320042415345207C20706174683D330042415345207C2070CE
S325000218006174683D340053544C44207C2073656C6674657374446174614C65642E696C65BE
S32500021820643D256420494C45445F544553543D256420494C45445F544553545F44454C546E
S32500021840413D2564004D454F43202B206C65643D25642063757272656E743D256420616D18
S32500021860706C696669636174696F6E5265666572656E63653D256420616D706C6966696314
S325000218806174696F6E53616D706C653D25640043484945207C2076616C75653233306E6D9B
S325000218A02E73706C6974526174696F50657263656E743D2566206F645F2E656D707479433C
S325000218C075766574746553706C6974526174696F3D2564005353544C202B207374617475B0
S325000218E0733D25640043484945202D207265743D2564005354414D207C20706172616D65A9
S32500021900746572733233305F2E726573756C743D2564005353544C202D207265743D666178
S325000219206C7365005353544C202D207265743D74727565005354414D207C2073706C697443
S32500021940526174696F3D25662053504C49545F524154494F3D25662053504C49545F5241C8
S3250002196054494F5F44454C54413D2566005354414D207C207265666572656E6365313D25AF
S3250002198066207265666572656E6365323D2566207265666572656E6365333D25662066615F
S325000219A063746F723D2566005354414D207C2073616D706C65313D25662073616D706C6591
S325000219C0323D25662073616D706C65333D256620666163746F723D2566007372632F6C6FAF
S325000219E0676963616C2E6370700053544C44207C2073656C6674657374446174614C656482
S32500021A002E7265666572656E63653D25752073656C6674657374446174614C65642E6461FE
S32500021A20726B5265666572656E63653D2575204D494E5F4F46465345543D25750053544C67
S32500021A4044207C2073656C6674657374446174614C65642E73616D706C653D257520736506
S32500021A606C6674657374446174614C65642E6461726B53616D706C653D2575204D494E5FD1
S32500021A804F46465345543D25750053544C44202B206C65643D256420626974466F724375C5
S32500021AA07272656E743D257520626974466F7253616D706C653D257520626974466F725285
S32500021AC065666572656E63653D2575004D454F43202D207653616D706C653D2575207652C2
S32500021AE065666572656E63653D25750053544C44202D207265743D2575005354414D202D82
S32500021B00207265743D257500534C4654202D207265743D2575004C564556207C207461677E
S32500021B203D257320666F756E643D7472756520706174683D31004C564556207C207461671F
S32500021B403D257320737465703D43757272656E7420706174683D31004C564556207C207404
S32500021B6061673D257320666F756E643D7472756520706174683D32004C564556207C2074DE
S32500021B8061673D257320737465703D43757272656E7420706174683D32004C564556207C8F
S32500021BA0207461673D257320706172616D65746572732E726573756C743D4F4B004C564C06
S32500021BC056207C207461673D257320626F74746F6D3D257520746F703D257520737461722A
S32500021BE074416D706C696669636174696F6E3D256420737465703D2564004C564556207CE8
S32500021C00207461673D257320737465703D2564004C564556207C207461673D2573207061EE
S32500021C2072616D65746572732E726573756C743D416D706C696669636174696F6E4E6F74BE
S32500021C40466F756E64004C564556207C207461673D257320706172616D65746572732E7282
S32500021C606573756C743D5265666572656E63654368616E6E656C546F6F48696768004C5656
S32500021C804556207C207461673D257320706172616D65746572732E726573756C743D5361C2
S32500021CA06D706C654368616E6E656C546F6F48696768004C56494E202B207461673D25734E
S32500021CC0004C564556202B207461673D2573004C564C56202B207461673D2573004C564998
S32500021CE04E202D207461673D2573004C564556202D207461673D2573004C564C56202D20A4
S32500021D007461673D2573004C564556207C207461673D25732076616C75652E7653616D702E
S32500021D206C653D25752053415455524154494F4E3D2575004C564556207C207461673D255B
S32500021D407320746F703D257520626F74746F6D3D25752C204D494E494D414C5F4355525244
S32500021D60454E543D2575004C564556207C207461673D25732076616C75652E7653616D7021
S32500021D806C653D2575207461726765743D2575004C56494E207C207461673D257320626F1E
S32500021DA074746F6D3D257520746F703D257520706172616D65746572732E63757272656E25
S32500021DC0743D2575004C564556207C207461673D257320626F74746F6D3D257520746F70A7
S32500021DE03D257520706172616D65746572732E63757272656E743D257500735F0025632529
S32500021E006400512027257327005620300064313832303239303833303632653839383066E8
S32500021E203634326630613934393039313700460048005300253268685825385800253268BC
S32500021E406858004520256400482025640054202564005920256400562025642E25642E25D3
S32500021E60640056202573002530366420004853450065766944656E7365002E2E2F2E2E2FB0
S32500021E802E2E2F636F6D6D6F6E2F6D6F64756C652F6669726D776172652F736F6669652F71
S32500021EA03370617274792F54697661576172652F322E322E302E3239352F647269766572BD
S32500021EC06C69622F6770696F2E63002E2E2F2E2E2F2E2E2F636F6D6D6F6E2F6D6F64756CDA
S32500021EE0652F6669726D776172652F736F6669652F3370617274792F5469766157617265C0
S32500021F002F322E322E302E3239352F6472697665726C69622F696E746572727570742E632D
S32500021F20002E2E2F2E2E2F2E2E2F636F6D6D6F6E2F6D6F64756C652F6669726D776172652E
S32500021F402F736F6669652F3370617274792F54697661576172652F322E322E302E32393563
S32500021F602F6472697665726C69622F70776D2E63002E2E2F2E2E2F2E2E2F636F6D6D6F6E29
S32500021F802F6D6F64756C652F6669726D776172652F736F6669652F3370617274792F546935
S32500021FA07661576172652F322E322E302E3239352F6472697665726C69622F73797363746F
S32500021FC06C2E63002E2E2F2E2E2F2E2E2F636F6D6D6F6E2F6D6F64756C652F6669726D77C9
S32500021FE06172652F736F6669652F3370617274792F54697661576172652F322E322E302E2B
S325000220003239352F6472697665726C69622F7379737469636B2E63002E2E2F2E2E2F2E2EEA
S325000220202F636F6D6D6F6E2F6D6F64756C652F6669726D776172652F736F6669652F337088
S32500022040617274792F54697661576172652F322E322E302E3239352F6472697665726C69E9
S32500022060622F7761746368646F672E63002E2E2F2E2E2F2E2E2F636F6D6D6F6E2F6D6F644C
S32500022080756C652F6669726D776172652F736F6669652F3370617274792F54697661576114
S325000220A072652F322E322E302E3239352F6472697665726C69622F7573622E63002E2E2FCD
S325000220C02E2E2F2E2E2F636F6D6D6F6E2F6D6F64756C652F6669726D776172652F736F66A1
S325000220E069652F3370617274792F54697661576172652F322E322E302E3239352F757362C0
S325000221006C69622F7573626275666665722E63002E2E2F2E2E2F2E2E2F636F6D6D6F6E2FA3
S325000221206D6F64756C652F6669726D776172652F736F6669652F3370617274792F5469764C
S3250002214061576172652F322E322E302E3239352F7573626C69622F7573626D6F64652E633B
S32500022160002E2E2F2E2E2F2E2E2F636F6D6D6F6E2F6D6F64756C652F6669726D77617265EC
S325000221802F736F6669652F3370617274792F54697661576172652F322E322E302E32393521
S325000221A02F7573626C69622F75736272696E676275662E63002E2E2F2E2E2F2E2E2F636FFD
S325000221C06D6D6F6E2F6D6F64756C652F6669726D776172652F736F6669652F3370617274A1
S325000221E0792F54697661576172652F322E322E302E3239352F7573626C69622F6465766998
S3250002220063652F757362646364632E63002E2E2F2E2E2F2E2E2F636F6D6D6F6E2F6D6F64BD
S32500022220756C652F6669726D776172652F736F6669652F3370617274792F54697661576172
S3250002224072652F322E322E302E3239352F7573626C69622F6465766963652F757362646323
S325000222606F6E6669672E63002E2E2F2E2E2F2E2E2F636F6D6D6F6E2F6D6F64756C652F663E
S3250002228069726D776172652F736F6669652F3370617274792F54697661576172652F322E87
S325000222A0322E302E3239352F7573626C69622F6465766963652F75736264656E756D2E6346
S325000222C0002E2E2F2E2E2F2E2E2F636F6D6D6F6E2F6D6F64756C652F6669726D776172658B
S325000222E02F736F6669652F3370617274792F54697661576172652F322E322E302E323935C0
S325000223002F7573626C69622F757362646D612E63002E2E2F2E2E2F2E2E2F636F6D6D6F6E9F
S325000223202F6D6F64756C652F6669726D776172652F736F6669652F3370617274792F546991
S325000223407661576172652F322E322E302E3239352F6472697665726C69622F75646D612E2C
S3250002236063002E2E2F2E2E2F2E2E2F636F6D6D6F6E2F6D6F64756C652F6669726D776172EC
S32500022380652F736F6669652F3370617274792F54697661576172652F322E322E302E3239EF
S325000223A0352F6472697665726C69622F656570726F6D2E63002E2E2F2E2E2F2E2E2F636F33
S325000223C06D6D6F6E2F6D6F64756C652F6669726D776172652F736F6669652F33706172749F
S325000223E0792F54697661576172652F322E322E302E3239352F6472697665726C69622F6696
S325000224006C6173682E63002E2E2F2E2E2F2E2E2F636F6D6D6F6E2F6D6F64756C652F66699E
S32500022420726D776172652F736F6669652F3370617274792F54697661576172652F322E321C
S325000224402E302E3239352F6472697665726C69622F6932632E630049444C4500546D7251F6
S3250002246000546D72205376630064656C6574654973416C6C6F776564006E65774973416C2B
S325000224806C6F776564002E2E2F2E2E2F2E2E2F636F6D6D6F6E2F6D6F64756C652F666972CA
S325000224A06D776172652F736F6669652F6F732F735F6F735F6D656D6F72792E6370700070E6
S325000224C0747220213D206E756C6C7074720073656D6170686F72655F002E2E2F2E2E2F2EF8
S325000224E02E2F636F6D6D6F6E2F6D6F64756C652F6669726D776172652F736F6669652F6FCA
S32500022500732F735F6F735F6D757465782E637070002E2E2F2E2E2F2E2E2F636F6D6D6F6E30
S325000225202F6D6F64756C652F6669726D776172652F736F6669652F6F732F735F6F735F7446
S3250002254068726561642E637070007265740070696E735F20213D203000706F72745F202167
S325000225603D2030002E2E2F2E2E2F2E2E2F636F6D6D6F6E2F6D6F64756C652F6669726D7793
S325000225806172652F736F6669652F6D63752F74692F746D34632F735F6D63755F74695F743A
S325000225A06D34635F6770696F2E63707000626173655F20213D203000706572697068657269
S325000225C0616C5F20213D203000696E746572727570745F20213D2030002E2E2F2E2E2F2E9B
S325000225E02E2F636F6D6D6F6E2F6D6F64756C652F6669726D776172652F736F6669652F6DCB
S3250002260063752F74692F746D34632F735F6D63755F74695F746D34635F6932632E63707000
S32500022620007374657020213D206E756C6C707472007769647468203C202850574D47656E55
S32500022640506572696F6447657428626173655F2C2067656E657261746F725F29202D203194
S32500022660290028706572696F64203C3D204D41585F504552494F4429202626202870657299
S32500022680696F64203E3D204D494E5F504552494F442900636C6F636B46726571656E6379C3
S325000226A05F002E2E2F2E2E2F2E2E2F636F6D6D6F6E2F6D6F64756C652F6669726D776172AD
S325000226C0652F736F6669652F6D63752F74692F746D34632F735F6D63755F74695F746D342B
S325000226E0635F70776D2E637070002E2E2F2E2E2F2E2E2F636F6D6D6F6E2F6D6F64756C656C
S325000227002F6669726D776172652F736F6669652F6D63752F74692F746D34632F735F6D63E8
S32500022720755F74695F746D34635F73657269616C5F6F7665725F7573622E637070002E2E99
S325000227402F2E2E2F2E2E2F636F6D6D6F6E2F6D6F64756C652F6669726D776172652F736F51
S325000227606669652F6D63752F74692F746D34632F735F6D63755F74695F746D34635F746D5D
S3250002278034632E6370700064656E6F6D696E61746F7220213D2030006E756D657261746F50
S325000227A07220213D2030002E2E2F2E2E2F2E2E2F636F6D6D6F6E2F6D6F64756C652F6669F4
S325000227C0726D776172652F736F6669655C6D6174682F735F6D6174685F7363616C652E6870
S325000227E0002E2E2F2E2E2F2E2E2F636F6D6D6F6E2F6D6F64756C652F6669726D7761726566
S325000228002F736F6669652F6D63752F74692F746D34632F735F6D63755F74695F746D3463EB
S325000228205F7761746368646F672E6370700073746F726167655F006D6573736167652E7494
S325000228407970652829203D3D20747970655F002E2E2F2E2E2F2E2E2F636F6D6D6F6E2F6D30
S325000228606F64756C652F6669726D776172652F736F6669655C6F626A656374646963746986
S325000228806F6E6172792F735F6F626A65637464696374696F6E6172795F656E747279636FF6
S325000228A06E73756D6572626173652E68002E2E2F2E2E2F2E2E2F636F6D6D6F6E2F6D6F64AC
S325000228C0756C652F6669726D776172652F736F6669652F6F626A65637464696374696F6E49
S325000228E06172792F735F6F626A65637464696374696F6E6172795F6F626A656374646963D0
S3250002290074696F6E6172792E637070006F6666736574202B2073697A65203C3D2065657098
S32500022920726F6D2E73697A652829002E2E2F2E2E2F2E2E2F636F6D6D6F6E2F6D6F64756C8D
S32500022940652F6669726D776172652F736F6669652F636F72652F735F636F72655F6565701E
S32500022960726F6D626C6F636B2E63707000535953455849540A004552524F523A2025733A8C
S3250002298025690A003A535444494E003A535444455252003A5354444F5554005F5F637861B6
S325000229A05F67756172645F616371756972652064657465637465642072656375727369765F
S325000229C06520696E697469616C697A6174696F6E3A20646F20796F75206861766520612073
S325000229E066756E6374696F6E2D6C6F63616C20737461746963207661726961626C6520778C
S32500022A00686F736520696E697469616C697A6174696F6E20646570656E6473206F6E207463
S32500022A206861742066756E6374696F6E3F000000006C020000000020700A0000A44200009E
S32500022A40686C0200700A00208846020004430000000000000000F07FFFFFFFFFFFFFEF7F10
S32500022A601001000043000000F8FFFFFF004040404040404040404141414141404040404040
S32500022A8040404040404040404040404040050202020202020202020202020202022020206B
S32500022AA0202020202020200202020202020290909090909010101010101010101010101000
S32500022AC01010101010101010020202020202888888888888080808080808080808080808D2
S32500022AE0080808080808080802020202400000000000000000000000000000000000000046
S32500022B000000000000000000000000000000000000000000000000000000000000000000AD
S32500022B2000000000000000000000000000000000000000000000000000000000000000008D
S32500022B4000000000000000000000000000000000000000000000000000000000000000006D
S32500022B60000000000000000000000000000000001C00000043000000F8FFFFFF0C000000ED
S32500022B800E0000000F0000002E000000098BFEFFF58AFEFFF98AFEFF418BFEFF158BFEFFEF
S32500022BA000000000000000000000000000000000000000000000000000000000000000000D
S32500022BC00000000000000000000000000000000000000000000000000000000000000000ED
S32500022BE00000000000000000000000000000000000000000000000000000000000000000CD
S32500022C000AFDA50109FD0109FD0109FD0109FD0109FD013901C123010123F55832031410F3
S32500022C2054021A280414F853021A1808A9105A2010A91C691814090209200B020105C0FAB7
S32500022C4012011001025A405A16020301080B1C02020264291432081AAA011BF8FF1101FF3E
S30D00022C6001FF01FF01EE000075
S503116487
S70500000000FA
